test_path,fit_path,hamming_dist
/kaggle/input/datasets/sabersakin/brainmri/Datasest Merged 1/Datasest Merged 1/notumor/Tr-no_1402.jpg,/kaggle/input/datasets/sabersakin/brainmri/Datasest Merged 1/Datasest Merged 1/notumor/Tr-no_0864.jpg,4
/kaggle/input/datasets/sabersakin/brainmri/Datasest Merged 1/Datasest Merged 1/notumor/Tr-no_1402.jpg,/kaggle/input/datasets/sabersakin/brainmri/Datasest Merged 1/Datasest Merged 1/notumor/Tr-no_0671.jpg,2
/kaggle/input/datasets/sabersakin/brainmri/Datasest Merged 1/Datasest Merged 1/notumor/Tr-no_1402.jpg,/kaggle/input/datasets/sabersakin/brainmri/Datasest Merged 1/Datasest Merged 1/notumor/image(196).jpg,4
/kaggle/input/datasets/sabersakin/brainmri/Datasest Merged 1/Datasest Merged 1/notumor/Tr-no_1402.jpg,/kaggle/input/datasets/sabersakin/brainmri/Datasest Merged 1/Datasest Merged 1/notumor/Tr-no_0782.jpg,4
/kaggle/input/datasets/sabersakin/brainmri/Datasest Merged 1/Datasest Merged 1/notumor/Tr-no_1402.jpg,/kaggle/input/datasets/sabersakin/brainmri/Datasest Merged 1/Datasest Merged 1/notumor/Te-no_0210.jpg,4
/kaggle/input/datasets/sabersakin/brainmri/Datasest Merged 1/Datasest Merged 1/notumor/Tr-no_1402.jpg,/kaggle/input/datasets/sabersakin/brainmri/Datasest Merged 1/Datasest Merged 1/notumor/Tr-no_1167.jpg,4
/kaggle/input/datasets/sabersakin/brainmri/Datasest Merged 1/Datasest Merged 1/notumor/Te-no_0056.jpg,/kaggle/input/datasets/sabersakin/brainmri/Datasest Merged 1/Datasest Merged 1/notumor/image(56).jpg,0
/kaggle/input/datasets/sabersakin/brainmri/Datasest Merged 1/Datasest Merged 1/notumor/Te-no_0056.jpg,/kaggle/input/datasets/sabersakin/brainmri/Datasest Merged 1/Datasest Merged 1/notumor/Tr-no_0302.jpg,0
/kaggle/input/datasets/sabersakin/brainmri/Datasest Merged 1/Datasest Merged 1/pituitary/p (95).jpg,/kaggle/input/datasets/sabersakin/brainmri/Datasest Merged 1/Datasest Merged 1/pituitary/Tr-pi_0755.jpg,0
/kaggle/input/datasets/sabersakin/brainmri/Datasest Merged 1/Datasest Merged 1/meningioma/image(64).jpg,/kaggle/input/datasets/sabersakin/brainmri/Datasest Merged 1/Datasest Merged 1/meningioma/m1(174).jpg,0
/kaggle/input/datasets/sabersakin/brainmri/Datasest Merged 1/Datasest Merged 1/meningioma/image(64).jpg,/kaggle/input/datasets/sabersakin/brainmri/Datasest Merged 1/Datasest Merged 1/meningioma/Te-me_0075.jpg,0
/kaggle/input/datasets/sabersakin/brainmri/Datasest Merged 1/Datasest Merged 1/glioma/902.jpg,/kaggle/input/datasets/sabersakin/brainmri/Datasest Merged 1/Datasest Merged 1/glioma/901.jpg,4
/kaggle/input/datasets/sabersakin/brainmri/Datasest Merged 1/Datasest Merged 1/pituitary/Tr-pi_1435.jpg,/kaggle/input/datasets/sabersakin/brainmri/Datasest Merged 1/Datasest Merged 1/pituitary/Tr-pi_1395.jpg,4
/kaggle/input/datasets/sabersakin/brainmri/Datasest Merged 1/Datasest Merged 1/pituitary/Tr-pi_1435.jpg,/kaggle/input/datasets/sabersakin/brainmri/Datasest Merged 1/Datasest Merged 1/pituitary/Tr-pi_1396.jpg,4
/kaggle/input/datasets/sabersakin/brainmri/Datasest Merged 1/Datasest Merged 1/glioma/Te-gl_0057.jpg,/kaggle/input/datasets/sabersakin/brainmri/Datasest Merged 1/Datasest Merged 1/glioma/gg (761).jpg,0
/kaggle/input/datasets/sabersakin/brainmri/Datasest Merged 1/Datasest Merged 1/pituitary/Tr-pi_1099.jpg,/kaggle/input/datasets/sabersakin/brainmri/Datasest Merged 1/Datasest Merged 1/pituitary/Tr-pi_1098.jpg,4
/kaggle/input/datasets/sabersakin/brainmri/Datasest Merged 1/Datasest Merged 1/glioma/1631.jpg,/kaggle/input/datasets/sabersakin/brainmri/Datasest Merged 1/Datasest Merged 1/glioma/1630.jpg,4
/kaggle/input/datasets/sabersakin/brainmri/Datasest Merged 1/Datasest Merged 1/glioma/1631.jpg,/kaggle/input/datasets/sabersakin/brainmri/Datasest Merged 1/Datasest Merged 1/glioma/1632.jpg,4
/kaggle/input/datasets/sabersakin/brainmri/Datasest Merged 1/Datasest Merged 1/notumor/Tr-no_1103.jpg,/kaggle/input/datasets/sabersakin/brainmri/Datasest Merged 1/Datasest Merged 1/notumor/Tr-no_0050.jpg,0
/kaggle/input/datasets/sabersakin/brainmri/Datasest Merged 1/Datasest Merged 1/notumor/Tr-no_1103.jpg,/kaggle/input/datasets/sabersakin/brainmri/Datasest Merged 1/Datasest Merged 1/notumor/image(381).jpg,0
/kaggle/input/datasets/sabersakin/brainmri/Datasest Merged 1/Datasest Merged 1/notumor/Tr-no_1103.jpg,/kaggle/input/datasets/sabersakin/brainmri/Datasest Merged 1/Datasest Merged 1/notumor/image (50).jpg,0
/kaggle/input/datasets/sabersakin/brainmri/Datasest Merged 1/Datasest Merged 1/notumor/Tr-no_1103.jpg,/kaggle/input/datasets/sabersakin/brainmri/Datasest Merged 1/Datasest Merged 1/notumor/Tr-no_0346.jpg,0
/kaggle/input/datasets/sabersakin/brainmri/Datasest Merged 1/Datasest Merged 1/notumor/Tr-no_1103.jpg,/kaggle/input/datasets/sabersakin/brainmri/Datasest Merged 1/Datasest Merged 1/notumor/image(9).jpg,0
/kaggle/input/datasets/sabersakin/brainmri/Datasest Merged 1/Datasest Merged 1/notumor/Tr-no_1103.jpg,/kaggle/input/datasets/sabersakin/brainmri/Datasest Merged 1/Datasest Merged 1/notumor/image(80).jpg,0
/kaggle/input/datasets/sabersakin/brainmri/Datasest Merged 1/Datasest Merged 1/glioma/800.jpg,/kaggle/input/datasets/sabersakin/brainmri/Datasest Merged 1/Datasest Merged 1/glioma/801.jpg,4
/kaggle/input/datasets/sabersakin/brainmri/Datasest Merged 1/Datasest Merged 1/meningioma/Tr-me_0157.jpg,/kaggle/input/datasets/sabersakin/brainmri/Datasest Merged 1/Datasest Merged 1/meningioma/m (83).jpg,0
/kaggle/input/datasets/sabersakin/brainmri/Datasest Merged 1/Datasest Merged 1/pituitary/p (59).jpg,/kaggle/input/datasets/sabersakin/brainmri/Datasest Merged 1/Datasest Merged 1/pituitary/Tr-pi_0536.jpg,0
/kaggle/input/datasets/sabersakin/brainmri/Datasest Merged 1/Datasest Merged 1/meningioma/Tr-me_0632.jpg,/kaggle/input/datasets/sabersakin/brainmri/Datasest Merged 1/Datasest Merged 1/meningioma/Tr-me_0634.jpg,4
/kaggle/input/datasets/sabersakin/brainmri/Datasest Merged 1/Datasest Merged 1/meningioma/Tr-me_0632.jpg,/kaggle/input/datasets/sabersakin/brainmri/Datasest Merged 1/Datasest Merged 1/meningioma/m3 (180).jpg,4
/kaggle/input/datasets/sabersakin/brainmri/Datasest Merged 1/Datasest Merged 1/meningioma/Tr-me_0632.jpg,/kaggle/input/datasets/sabersakin/brainmri/Datasest Merged 1/Datasest Merged 1/meningioma/m3 (179).jpg,0
/kaggle/input/datasets/sabersakin/brainmri/Datasest Merged 1/Datasest Merged 1/pituitary/p (306).jpg,/kaggle/input/datasets/sabersakin/brainmri/Datasest Merged 1/Datasest Merged 1/pituitary/Tr-pi_0230.jpg,0
/kaggle/input/datasets/sabersakin/brainmri/Datasest Merged 1/Datasest Merged 1/pituitary/p (306).jpg,/kaggle/input/datasets/sabersakin/brainmri/Datasest Merged 1/Datasest Merged 1/pituitary/p (305).jpg,4
/kaggle/input/datasets/sabersakin/brainmri/Datasest Merged 1/Datasest Merged 1/pituitary/p (306).jpg,/kaggle/input/datasets/sabersakin/brainmri/Datasest Merged 1/Datasest Merged 1/pituitary/Tr-pi_0229.jpg,4
/kaggle/input/datasets/sabersakin/brainmri/Datasest Merged 1/Datasest Merged 1/notumor/Tr-noTr_0007.jpg,/kaggle/input/datasets/sabersakin/brainmri/Datasest Merged 1/Datasest Merged 1/notumor/8.jpg,0
/kaggle/input/datasets/sabersakin/brainmri/Datasest Merged 1/Datasest Merged 1/notumor/Tr-noTr_0007.jpg,/kaggle/input/datasets/sabersakin/brainmri/Datasest Merged 1/Datasest Merged 1/notumor/Tr-no_1052.jpg,0
/kaggle/input/datasets/sabersakin/brainmri/Datasest Merged 1/Datasest Merged 1/glioma/gg (123).jpg,/kaggle/input/datasets/sabersakin/brainmri/Datasest Merged 1/Datasest Merged 1/meningioma/Tr-me_0603.jpg,2
/kaggle/input/datasets/sabersakin/brainmri/Datasest Merged 1/Datasest Merged 1/glioma/gg (123).jpg,/kaggle/input/datasets/sabersakin/brainmri/Datasest Merged 1/Datasest Merged 1/meningioma/m3 (152).jpg,2
/kaggle/input/datasets/sabersakin/brainmri/Datasest Merged 1/Datasest Merged 1/glioma/gg (123).jpg,/kaggle/input/datasets/sabersakin/brainmri/Datasest Merged 1/Datasest Merged 1/meningioma/Tr-me_0566.jpg,4
/kaggle/input/datasets/sabersakin/brainmri/Datasest Merged 1/Datasest Merged 1/glioma/gg (123).jpg,/kaggle/input/datasets/sabersakin/brainmri/Datasest Merged 1/Datasest Merged 1/glioma/gg (122).jpg,4
/kaggle/input/datasets/sabersakin/brainmri/Datasest Merged 1/Datasest Merged 1/glioma/gg (123).jpg,/kaggle/input/datasets/sabersakin/brainmri/Datasest Merged 1/Datasest Merged 1/meningioma/m3 (118).jpg,4
/kaggle/input/datasets/sabersakin/brainmri/Datasest Merged 1/Datasest Merged 1/pituitary/image(73).jpg,/kaggle/input/datasets/sabersakin/brainmri/Datasest Merged 1/Datasest Merged 1/pituitary/p (138).jpg,0
/kaggle/input/datasets/sabersakin/brainmri/Datasest Merged 1/Datasest Merged 1/pituitary/image(73).jpg,/kaggle/input/datasets/sabersakin/brainmri/Datasest Merged 1/Datasest Merged 1/pituitary/Tr-pi_0043.jpg,0
/kaggle/input/datasets/sabersakin/brainmri/Datasest Merged 1/Datasest Merged 1/notumor/Tr-no_0554.jpg,/kaggle/input/datasets/sabersakin/brainmri/Datasest Merged 1/Datasest Merged 1/notumor/Tr-no_1134.jpg,0
/kaggle/input/datasets/sabersakin/brainmri/Datasest Merged 1/Datasest Merged 1/notumor/Tr-no_0554.jpg,/kaggle/input/datasets/sabersakin/brainmri/Datasest Merged 1/Datasest Merged 1/notumor/Tr-no_0650.jpg,2
/kaggle/input/datasets/sabersakin/brainmri/Datasest Merged 1/Datasest Merged 1/notumor/Tr-no_0554.jpg,/kaggle/input/datasets/sabersakin/brainmri/Datasest Merged 1/Datasest Merged 1/notumor/Tr-no_0828.jpg,0
/kaggle/input/datasets/sabersakin/brainmri/Datasest Merged 1/Datasest Merged 1/glioma/gg (650).jpg,/kaggle/input/datasets/sabersakin/brainmri/Datasest Merged 1/Datasest Merged 1/glioma/Tr-gl_0087.jpg,0
/kaggle/input/datasets/sabersakin/brainmri/Datasest Merged 1/Datasest Merged 1/glioma/gg (749).jpg,/kaggle/input/datasets/sabersakin/brainmri/Datasest Merged 1/Datasest Merged 1/glioma/Te-gl_0054.jpg,0
/kaggle/input/datasets/sabersakin/brainmri/Datasest Merged 1/Datasest Merged 1/notumor/Tr-no_0252.jpg,/kaggle/input/datasets/sabersakin/brainmri/Datasest Merged 1/Datasest Merged 1/notumor/image(265).jpg,0
/kaggle/input/datasets/sabersakin/brainmri/Datasest Merged 1/Datasest Merged 1/notumor/Tr-no_0371.jpg,/kaggle/input/datasets/sabersakin/brainmri/Datasest Merged 1/Datasest Merged 1/notumor/Tr-no_0130.jpg,0
/kaggle/input/datasets/sabersakin/brainmri/Datasest Merged 1/Datasest Merged 1/notumor/Tr-no_0371.jpg,/kaggle/input/datasets/sabersakin/brainmri/Datasest Merged 1/Datasest Merged 1/notumor/Tr-no_0132.jpg,0
/kaggle/input/datasets/sabersakin/brainmri/Datasest Merged 1/Datasest Merged 1/notumor/Tr-no_0371.jpg,/kaggle/input/datasets/sabersakin/brainmri/Datasest Merged 1/Datasest Merged 1/notumor/image(404).jpg,0
/kaggle/input/datasets/sabersakin/brainmri/Datasest Merged 1/Datasest Merged 1/notumor/Tr-no_0371.jpg,/kaggle/input/datasets/sabersakin/brainmri/Datasest Merged 1/Datasest Merged 1/notumor/Tr-no_0116.jpg,0
/kaggle/input/datasets/sabersakin/brainmri/Datasest Merged 1/Datasest Merged 1/notumor/Tr-no_0371.jpg,/kaggle/input/datasets/sabersakin/brainmri/Datasest Merged 1/Datasest Merged 1/notumor/image(157).jpg,0
/kaggle/input/datasets/sabersakin/brainmri/Datasest Merged 1/Datasest Merged 1/notumor/Tr-no_0371.jpg,/kaggle/input/datasets/sabersakin/brainmri/Datasest Merged 1/Datasest Merged 1/notumor/image(142).jpg,0
/kaggle/input/datasets/sabersakin/brainmri/Datasest Merged 1/Datasest Merged 1/glioma/1521.jpg,/kaggle/input/datasets/sabersakin/brainmri/Datasest Merged 1/Datasest Merged 1/glioma/1522.jpg,4
/kaggle/input/datasets/sabersakin/brainmri/Datasest Merged 1/Datasest Merged 1/meningioma/m3 (38).jpg,/kaggle/input/datasets/sabersakin/brainmri/Datasest Merged 1/Datasest Merged 1/meningioma/Tr-me_0723.jpg,0
/kaggle/input/datasets/sabersakin/brainmri/Datasest Merged 1/Datasest Merged 1/pituitary/Tr-pi_0137.jpg,/kaggle/input/datasets/sabersakin/brainmri/Datasest Merged 1/Datasest Merged 1/pituitary/p (222).jpg,0
/kaggle/input/datasets/sabersakin/brainmri/Datasest Merged 1/Datasest Merged 1/pituitary/Tr-pi_0697.jpg,/kaggle/input/datasets/sabersakin/brainmri/Datasest Merged 1/Datasest Merged 1/pituitary/p (776).jpg,0
/kaggle/input/datasets/sabersakin/brainmri/Datasest Merged 1/Datasest Merged 1/pituitary/Tr-pi_0345.jpg,/kaggle/input/datasets/sabersakin/brainmri/Datasest Merged 1/Datasest Merged 1/pituitary/p (41).jpg,0
/kaggle/input/datasets/sabersakin/brainmri/Datasest Merged 1/Datasest Merged 1/pituitary/Tr-pi_0091.jpg,/kaggle/input/datasets/sabersakin/brainmri/Datasest Merged 1/Datasest Merged 1/pituitary/Tr-pi_0092.jpg,4
/kaggle/input/datasets/sabersakin/brainmri/Datasest Merged 1/Datasest Merged 1/pituitary/Tr-pi_0091.jpg,/kaggle/input/datasets/sabersakin/brainmri/Datasest Merged 1/Datasest Merged 1/pituitary/p (181).jpg,0
/kaggle/input/datasets/sabersakin/brainmri/Datasest Merged 1/Datasest Merged 1/pituitary/Tr-pi_0091.jpg,/kaggle/input/datasets/sabersakin/brainmri/Datasest Merged 1/Datasest Merged 1/pituitary/p (182).jpg,4
/kaggle/input/datasets/sabersakin/brainmri/Datasest Merged 1/Datasest Merged 1/notumor/Tr-no_0477.jpg,/kaggle/input/datasets/sabersakin/brainmri/Datasest Merged 1/Datasest Merged 1/notumor/Te-no_0194.jpg,2
/kaggle/input/datasets/sabersakin/brainmri/Datasest Merged 1/Datasest Merged 1/notumor/Tr-no_0477.jpg,/kaggle/input/datasets/sabersakin/brainmri/Datasest Merged 1/Datasest Merged 1/notumor/Te-no_0318.jpg,2
/kaggle/input/datasets/sabersakin/brainmri/Datasest Merged 1/Datasest Merged 1/notumor/Tr-no_0477.jpg,/kaggle/input/datasets/sabersakin/brainmri/Datasest Merged 1/Datasest Merged 1/notumor/Tr-no_1210.jpg,0
/kaggle/input/datasets/sabersakin/brainmri/Datasest Merged 1/Datasest Merged 1/notumor/Tr-no_0477.jpg,/kaggle/input/datasets/sabersakin/brainmri/Datasest Merged 1/Datasest Merged 1/notumor/Tr-no_0433.jpg,2
/kaggle/input/datasets/sabersakin/brainmri/Datasest Merged 1/Datasest Merged 1/notumor/Tr-no_1061.jpg,/kaggle/input/datasets/sabersakin/brainmri/Datasest Merged 1/Datasest Merged 1/notumor/Te-no_0360.jpg,4
/kaggle/input/datasets/sabersakin/brainmri/Datasest Merged 1/Datasest Merged 1/notumor/Tr-no_1061.jpg,/kaggle/input/datasets/sabersakin/brainmri/Datasest Merged 1/Datasest Merged 1/notumor/Tr-no_0754.jpg,4
/kaggle/input/datasets/sabersakin/brainmri/Datasest Merged 1/Datasest Merged 1/glioma/Tr-gl_0709.jpg,/kaggle/input/datasets/sabersakin/brainmri/Datasest Merged 1/Datasest Merged 1/glioma/Tr-gl_0710.jpg,4
/kaggle/input/datasets/sabersakin/brainmri/Datasest Merged 1/Datasest Merged 1/glioma/1917.jpg,/kaggle/input/datasets/sabersakin/brainmri/Datasest Merged 1/Datasest Merged 1/glioma/1919.jpg,2
/kaggle/input/datasets/sabersakin/brainmri/Datasest Merged 1/Datasest Merged 1/glioma/1917.jpg,/kaggle/input/datasets/sabersakin/brainmri/Datasest Merged 1/Datasest Merged 1/glioma/1916.jpg,4
/kaggle/input/datasets/sabersakin/brainmri/Datasest Merged 1/Datasest Merged 1/glioma/1917.jpg,/kaggle/input/datasets/sabersakin/brainmri/Datasest Merged 1/Datasest Merged 1/glioma/1915.jpg,4
/kaggle/input/datasets/sabersakin/brainmri/Datasest Merged 1/Datasest Merged 1/glioma/1917.jpg,/kaggle/input/datasets/sabersakin/brainmri/Datasest Merged 1/Datasest Merged 1/glioma/1918.jpg,4
/kaggle/input/datasets/sabersakin/brainmri/Datasest Merged 1/Datasest Merged 1/glioma/1917.jpg,/kaggle/input/datasets/sabersakin/brainmri/Datasest Merged 1/Datasest Merged 1/glioma/1920.jpg,4
/kaggle/input/datasets/sabersakin/brainmri/Datasest Merged 1/Datasest Merged 1/glioma/gg (811).jpg,/kaggle/input/datasets/sabersakin/brainmri/Datasest Merged 1/Datasest Merged 1/glioma/gg (809).jpg,4
/kaggle/input/datasets/sabersakin/brainmri/Datasest Merged 1/Datasest Merged 1/glioma/gg (811).jpg,/kaggle/input/datasets/sabersakin/brainmri/Datasest Merged 1/Datasest Merged 1/glioma/Te-gl_0069.jpg,4
/kaggle/input/datasets/sabersakin/brainmri/Datasest Merged 1/Datasest Merged 1/notumor/Te-no_0391.jpg,/kaggle/input/datasets/sabersakin/brainmri/Datasest Merged 1/Datasest Merged 1/notumor/Tr-no_0428.jpg,4
/kaggle/input/datasets/sabersakin/brainmri/Datasest Merged 1/Datasest Merged 1/notumor/Te-no_0391.jpg,/kaggle/input/datasets/sabersakin/brainmri/Datasest Merged 1/Datasest Merged 1/notumor/Tr-no_0526.jpg,2
/kaggle/input/datasets/sabersakin/brainmri/Datasest Merged 1/Datasest Merged 1/meningioma/m2 (26).jpg,/kaggle/input/datasets/sabersakin/brainmri/Datasest Merged 1/Datasest Merged 1/meningioma/Tr-me_0464.jpg,0
/kaggle/input/datasets/sabersakin/brainmri/Datasest Merged 1/Datasest Merged 1/notumor/Tr-no_0580.jpg,/kaggle/input/datasets/sabersakin/brainmri/Datasest Merged 1/Datasest Merged 1/notumor/Tr-no_0758.jpg,0
/kaggle/input/datasets/sabersakin/brainmri/Datasest Merged 1/Datasest Merged 1/notumor/Tr-no_0580.jpg,/kaggle/input/datasets/sabersakin/brainmri/Datasest Merged 1/Datasest Merged 1/notumor/Tr-no_1262.jpg,0
/kaggle/input/datasets/sabersakin/brainmri/Datasest Merged 1/Datasest Merged 1/notumor/Tr-no_0580.jpg,/kaggle/input/datasets/sabersakin/brainmri/Datasest Merged 1/Datasest Merged 1/notumor/Tr-no_1199.jpg,0
/kaggle/input/datasets/sabersakin/brainmri/Datasest Merged 1/Datasest Merged 1/notumor/Tr-no_0580.jpg,/kaggle/input/datasets/sabersakin/brainmri/Datasest Merged 1/Datasest Merged 1/notumor/Tr-no_0807.jpg,0
/kaggle/input/datasets/sabersakin/brainmri/Datasest Merged 1/Datasest Merged 1/notumor/Tr-no_0580.jpg,/kaggle/input/datasets/sabersakin/brainmri/Datasest Merged 1/Datasest Merged 1/notumor/Tr-no_1020.jpg,0
/kaggle/input/datasets/sabersakin/brainmri/Datasest Merged 1/Datasest Merged 1/glioma/1587.jpg,/kaggle/input/datasets/sabersakin/brainmri/Datasest Merged 1/Datasest Merged 1/glioma/1588.jpg,4
/kaggle/input/datasets/sabersakin/brainmri/Datasest Merged 1/Datasest Merged 1/meningioma/m3 (153).jpg,/kaggle/input/datasets/sabersakin/brainmri/Datasest Merged 1/Datasest Merged 1/meningioma/Tr-me_0604.jpg,0
/kaggle/input/datasets/sabersakin/brainmri/Datasest Merged 1/Datasest Merged 1/meningioma/m3 (153).jpg,/kaggle/input/datasets/sabersakin/brainmri/Datasest Merged 1/Datasest Merged 1/meningioma/m3 (154).jpg,4
/kaggle/input/datasets/sabersakin/brainmri/Datasest Merged 1/Datasest Merged 1/meningioma/Tr-me_0207.jpg,/kaggle/input/datasets/sabersakin/brainmri/Datasest Merged 1/Datasest Merged 1/meningioma/Te-me_0027.jpg,0
/kaggle/input/datasets/sabersakin/brainmri/Datasest Merged 1/Datasest Merged 1/pituitary/Tr-pi_0476.jpg,/kaggle/input/datasets/sabersakin/brainmri/Datasest Merged 1/Datasest Merged 1/pituitary/p (528).jpg,0
/kaggle/input/datasets/sabersakin/brainmri/Datasest Merged 1/Datasest Merged 1/notumor/Tr-no_1547.jpg,/kaggle/input/datasets/sabersakin/brainmri/Datasest Merged 1/Datasest Merged 1/notumor/Te-no_0145.jpg,2
/kaggle/input/datasets/sabersakin/brainmri/Datasest Merged 1/Datasest Merged 1/notumor/Tr-no_1547.jpg,/kaggle/input/datasets/sabersakin/brainmri/Datasest Merged 1/Datasest Merged 1/notumor/Te-no_0369.jpg,2
/kaggle/input/datasets/sabersakin/brainmri/Datasest Merged 1/Datasest Merged 1/notumor/Tr-no_1547.jpg,/kaggle/input/datasets/sabersakin/brainmri/Datasest Merged 1/Datasest Merged 1/notumor/Te-no_0124.jpg,0
/kaggle/input/datasets/sabersakin/brainmri/Datasest Merged 1/Datasest Merged 1/notumor/Tr-no_1547.jpg,/kaggle/input/datasets/sabersakin/brainmri/Datasest Merged 1/Datasest Merged 1/notumor/Tr-no_1384.jpg,2
/kaggle/input/datasets/sabersakin/brainmri/Datasest Merged 1/Datasest Merged 1/notumor/Tr-no_1547.jpg,/kaggle/input/datasets/sabersakin/brainmri/Datasest Merged 1/Datasest Merged 1/notumor/Tr-no_0458.jpg,4
/kaggle/input/datasets/sabersakin/brainmri/Datasest Merged 1/Datasest Merged 1/notumor/Tr-no_1547.jpg,/kaggle/input/datasets/sabersakin/brainmri/Datasest Merged 1/Datasest Merged 1/notumor/Tr-no_0618.jpg,2
/kaggle/input/datasets/sabersakin/brainmri/Datasest Merged 1/Datasest Merged 1/notumor/Tr-no_1547.jpg,/kaggle/input/datasets/sabersakin/brainmri/Datasest Merged 1/Datasest Merged 1/notumor/Tr-no_1408.jpg,0
/kaggle/input/datasets/sabersakin/brainmri/Datasest Merged 1/Datasest Merged 1/notumor/Tr-no_1547.jpg,/kaggle/input/datasets/sabersakin/brainmri/Datasest Merged 1/Datasest Merged 1/notumor/Tr-no_0906.jpg,2
/kaggle/input/datasets/sabersakin/brainmri/Datasest Merged 1/Datasest Merged 1/notumor/Tr-no_1547.jpg,/kaggle/input/datasets/sabersakin/brainmri/Datasest Merged 1/Datasest Merged 1/notumor/Tr-no_1495.jpg,2
/kaggle/input/datasets/sabersakin/brainmri/Datasest Merged 1/Datasest Merged 1/glioma/Tr-gl_0433.jpg,/kaggle/input/datasets/sabersakin/brainmri/Datasest Merged 1/Datasest Merged 1/glioma/Te-gl_0129.jpg,4
/kaggle/input/datasets/sabersakin/brainmri/Datasest Merged 1/Datasest Merged 1/notumor/Tr-no_1148.jpg,/kaggle/input/datasets/sabersakin/brainmri/Datasest Merged 1/Datasest Merged 1/notumor/Tr-no_0688.jpg,2
/kaggle/input/datasets/sabersakin/brainmri/Datasest Merged 1/Datasest Merged 1/notumor/Tr-no_1148.jpg,/kaggle/input/datasets/sabersakin/brainmri/Datasest Merged 1/Datasest Merged 1/notumor/Tr-no_0738.jpg,2
/kaggle/input/datasets/sabersakin/brainmri/Datasest Merged 1/Datasest Merged 1/notumor/Tr-no_0559.jpg,/kaggle/input/datasets/sabersakin/brainmri/Datasest Merged 1/Datasest Merged 1/notumor/Tr-no_1003.jpg,2
/kaggle/input/datasets/sabersakin/brainmri/Datasest Merged 1/Datasest Merged 1/notumor/Tr-no_0559.jpg,/kaggle/input/datasets/sabersakin/brainmri/Datasest Merged 1/Datasest Merged 1/notumor/Tr-no_0183.jpg,2
/kaggle/input/datasets/sabersakin/brainmri/Datasest Merged 1/Datasest Merged 1/notumor/Tr-no_0559.jpg,/kaggle/input/datasets/sabersakin/brainmri/Datasest Merged 1/Datasest Merged 1/notumor/Tr-no_1009.jpg,2
/kaggle/input/datasets/sabersakin/brainmri/Datasest Merged 1/Datasest Merged 1/notumor/Tr-no_0559.jpg,/kaggle/input/datasets/sabersakin/brainmri/Datasest Merged 1/Datasest Merged 1/notumor/Tr-no_0706.jpg,2
/kaggle/input/datasets/sabersakin/brainmri/Datasest Merged 1/Datasest Merged 1/notumor/Tr-no_0559.jpg,/kaggle/input/datasets/sabersakin/brainmri/Datasest Merged 1/Datasest Merged 1/notumor/Tr-no_1177.jpg,2
/kaggle/input/datasets/sabersakin/brainmri/Datasest Merged 1/Datasest Merged 1/notumor/Tr-no_0559.jpg,/kaggle/input/datasets/sabersakin/brainmri/Datasest Merged 1/Datasest Merged 1/notumor/Tr-no_1419.jpg,4
/kaggle/input/datasets/sabersakin/brainmri/Datasest Merged 1/Datasest Merged 1/notumor/Tr-no_0559.jpg,/kaggle/input/datasets/sabersakin/brainmri/Datasest Merged 1/Datasest Merged 1/notumor/Tr-no_0973.jpg,2
/kaggle/input/datasets/sabersakin/brainmri/Datasest Merged 1/Datasest Merged 1/notumor/Tr-no_0559.jpg,/kaggle/input/datasets/sabersakin/brainmri/Datasest Merged 1/Datasest Merged 1/notumor/Tr-no_0746.jpg,2
/kaggle/input/datasets/sabersakin/brainmri/Datasest Merged 1/Datasest Merged 1/notumor/Tr-no_0559.jpg,/kaggle/input/datasets/sabersakin/brainmri/Datasest Merged 1/Datasest Merged 1/notumor/image (31).jpg,2
/kaggle/input/datasets/sabersakin/brainmri/Datasest Merged 1/Datasest Merged 1/notumor/Tr-no_0559.jpg,/kaggle/input/datasets/sabersakin/brainmri/Datasest Merged 1/Datasest Merged 1/notumor/Tr-no_0902.jpg,0
/kaggle/input/datasets/sabersakin/brainmri/Datasest Merged 1/Datasest Merged 1/notumor/Tr-no_0559.jpg,/kaggle/input/datasets/sabersakin/brainmri/Datasest Merged 1/Datasest Merged 1/notumor/Tr-no_0572.jpg,2
/kaggle/input/datasets/sabersakin/brainmri/Datasest Merged 1/Datasest Merged 1/notumor/Tr-no_0559.jpg,/kaggle/input/datasets/sabersakin/brainmri/Datasest Merged 1/Datasest Merged 1/notumor/Tr-no_1188.jpg,2
/kaggle/input/datasets/sabersakin/brainmri/Datasest Merged 1/Datasest Merged 1/notumor/Tr-no_0559.jpg,/kaggle/input/datasets/sabersakin/brainmri/Datasest Merged 1/Datasest Merged 1/notumor/Tr-no_0029.jpg,2
/kaggle/input/datasets/sabersakin/brainmri/Datasest Merged 1/Datasest Merged 1/notumor/Tr-no_0559.jpg,/kaggle/input/datasets/sabersakin/brainmri/Datasest Merged 1/Datasest Merged 1/notumor/Tr-noTr_0005.jpg,2
/kaggle/input/datasets/sabersakin/brainmri/Datasest Merged 1/Datasest Merged 1/glioma/Te-gl_0022.jpg,/kaggle/input/datasets/sabersakin/brainmri/Datasest Merged 1/Datasest Merged 1/glioma/gg (621).jpg,0
/kaggle/input/datasets/sabersakin/brainmri/Datasest Merged 1/Datasest Merged 1/notumor/Te-no_0078.jpg,/kaggle/input/datasets/sabersakin/brainmri/Datasest Merged 1/Datasest Merged 1/notumor/image (53).jpg,4
/kaggle/input/datasets/sabersakin/brainmri/Datasest Merged 1/Datasest Merged 1/notumor/Te-no_0078.jpg,/kaggle/input/datasets/sabersakin/brainmri/Datasest Merged 1/Datasest Merged 1/notumor/image(12).jpg,4
/kaggle/input/datasets/sabersakin/brainmri/Datasest Merged 1/Datasest Merged 1/notumor/Te-no_0078.jpg,/kaggle/input/datasets/sabersakin/brainmri/Datasest Merged 1/Datasest Merged 1/notumor/image(76).jpg,0
/kaggle/input/datasets/sabersakin/brainmri/Datasest Merged 1/Datasest Merged 1/notumor/Te-no_0078.jpg,/kaggle/input/datasets/sabersakin/brainmri/Datasest Merged 1/Datasest Merged 1/notumor/image(65).jpg,4
/kaggle/input/datasets/sabersakin/brainmri/Datasest Merged 1/Datasest Merged 1/notumor/Te-no_0078.jpg,/kaggle/input/datasets/sabersakin/brainmri/Datasest Merged 1/Datasest Merged 1/notumor/Tr-no_0053.jpg,4
/kaggle/input/datasets/sabersakin/brainmri/Datasest Merged 1/Datasest Merged 1/notumor/Te-no_0078.jpg,/kaggle/input/datasets/sabersakin/brainmri/Datasest Merged 1/Datasest Merged 1/notumor/Tr-no_0330.jpg,4
/kaggle/input/datasets/sabersakin/brainmri/Datasest Merged 1/Datasest Merged 1/notumor/Te-no_0078.jpg,/kaggle/input/datasets/sabersakin/brainmri/Datasest Merged 1/Datasest Merged 1/notumor/Tr-no_0342.jpg,0
/kaggle/input/datasets/sabersakin/brainmri/Datasest Merged 1/Datasest Merged 1/notumor/Te-no_0078.jpg,/kaggle/input/datasets/sabersakin/brainmri/Datasest Merged 1/Datasest Merged 1/notumor/image(366).jpg,4
/kaggle/input/datasets/sabersakin/brainmri/Datasest Merged 1/Datasest Merged 1/notumor/Te-no_0078.jpg,/kaggle/input/datasets/sabersakin/brainmri/Datasest Merged 1/Datasest Merged 1/notumor/Te-no_0066.jpg,4
/kaggle/input/datasets/sabersakin/brainmri/Datasest Merged 1/Datasest Merged 1/notumor/Te-no_0078.jpg,/kaggle/input/datasets/sabersakin/brainmri/Datasest Merged 1/Datasest Merged 1/notumor/image(377).jpg,0
/kaggle/input/datasets/sabersakin/brainmri/Datasest Merged 1/Datasest Merged 1/notumor/Te-no_0078.jpg,/kaggle/input/datasets/sabersakin/brainmri/Datasest Merged 1/Datasest Merged 1/notumor/Tr-no_0971.jpg,4
/kaggle/input/datasets/sabersakin/brainmri/Datasest Merged 1/Datasest Merged 1/notumor/Te-no_0078.jpg,/kaggle/input/datasets/sabersakin/brainmri/Datasest Merged 1/Datasest Merged 1/notumor/Te-noTr_0008.jpg,4
/kaggle/input/datasets/sabersakin/brainmri/Datasest Merged 1/Datasest Merged 1/pituitary/Tr-pi_0081.jpg,/kaggle/input/datasets/sabersakin/brainmri/Datasest Merged 1/Datasest Merged 1/pituitary/Tr-pi_0082.jpg,4
/kaggle/input/datasets/sabersakin/brainmri/Datasest Merged 1/Datasest Merged 1/pituitary/Tr-pi_0081.jpg,/kaggle/input/datasets/sabersakin/brainmri/Datasest Merged 1/Datasest Merged 1/pituitary/p (173).jpg,4
/kaggle/input/datasets/sabersakin/brainmri/Datasest Merged 1/Datasest Merged 1/pituitary/Tr-pi_0081.jpg,/kaggle/input/datasets/sabersakin/brainmri/Datasest Merged 1/Datasest Merged 1/pituitary/p (172).jpg,0
/kaggle/input/datasets/sabersakin/brainmri/Datasest Merged 1/Datasest Merged 1/pituitary/Tr-pi_0139.jpg,/kaggle/input/datasets/sabersakin/brainmri/Datasest Merged 1/Datasest Merged 1/pituitary/Tr-pi_0138.jpg,4
/kaggle/input/datasets/sabersakin/brainmri/Datasest Merged 1/Datasest Merged 1/pituitary/Tr-pi_0139.jpg,/kaggle/input/datasets/sabersakin/brainmri/Datasest Merged 1/Datasest Merged 1/pituitary/p (224).jpg,0
/kaggle/input/datasets/sabersakin/brainmri/Datasest Merged 1/Datasest Merged 1/meningioma/Tr-me_0202.jpg,/kaggle/input/datasets/sabersakin/brainmri/Datasest Merged 1/Datasest Merged 1/meningioma/image(16).jpg,0
/kaggle/input/datasets/sabersakin/brainmri/Datasest Merged 1/Datasest Merged 1/meningioma/Tr-me_0202.jpg,/kaggle/input/datasets/sabersakin/brainmri/Datasest Merged 1/Datasest Merged 1/meningioma/Te-me_0022.jpg,0
/kaggle/input/datasets/sabersakin/brainmri/Datasest Merged 1/Datasest Merged 1/meningioma/Tr-me_0202.jpg,/kaggle/input/datasets/sabersakin/brainmri/Datasest Merged 1/Datasest Merged 1/meningioma/m1(126).jpg,0
/kaggle/input/datasets/sabersakin/brainmri/Datasest Merged 1/Datasest Merged 1/notumor/Tr-no_1276.jpg,/kaggle/input/datasets/sabersakin/brainmri/Datasest Merged 1/Datasest Merged 1/notumor/Tr-no_1421.jpg,2
/kaggle/input/datasets/sabersakin/brainmri/Datasest Merged 1/Datasest Merged 1/notumor/Tr-no_1276.jpg,/kaggle/input/datasets/sabersakin/brainmri/Datasest Merged 1/Datasest Merged 1/notumor/Tr-no_0622.jpg,0
/kaggle/input/datasets/sabersakin/brainmri/Datasest Merged 1/Datasest Merged 1/notumor/Tr-no_1276.jpg,/kaggle/input/datasets/sabersakin/brainmri/Datasest Merged 1/Datasest Merged 1/notumor/Te-no_0130.jpg,0
/kaggle/input/datasets/sabersakin/brainmri/Datasest Merged 1/Datasest Merged 1/notumor/Tr-no_1276.jpg,/kaggle/input/datasets/sabersakin/brainmri/Datasest Merged 1/Datasest Merged 1/notumor/Te-no_0151.jpg,2
/kaggle/input/datasets/sabersakin/brainmri/Datasest Merged 1/Datasest Merged 1/notumor/Tr-no_1276.jpg,/kaggle/input/datasets/sabersakin/brainmri/Datasest Merged 1/Datasest Merged 1/notumor/Tr-no_1311.jpg,2
/kaggle/input/datasets/sabersakin/brainmri/Datasest Merged 1/Datasest Merged 1/notumor/Tr-no_1276.jpg,/kaggle/input/datasets/sabersakin/brainmri/Datasest Merged 1/Datasest Merged 1/notumor/Tr-no_1530.jpg,0
/kaggle/input/datasets/sabersakin/brainmri/Datasest Merged 1/Datasest Merged 1/notumor/Tr-no_1276.jpg,/kaggle/input/datasets/sabersakin/brainmri/Datasest Merged 1/Datasest Merged 1/notumor/Tr-no_0616.jpg,0
/kaggle/input/datasets/sabersakin/brainmri/Datasest Merged 1/Datasest Merged 1/meningioma/m2 (173).jpg,/kaggle/input/datasets/sabersakin/brainmri/Datasest Merged 1/Datasest Merged 1/meningioma/Tr-me_0450.jpg,0
/kaggle/input/datasets/sabersakin/brainmri/Datasest Merged 1/Datasest Merged 1/notumor/Tr-no_0536.jpg,/kaggle/input/datasets/sabersakin/brainmri/Datasest Merged 1/Datasest Merged 1/notumor/Tr-no_1219.jpg,4
/kaggle/input/datasets/sabersakin/brainmri/Datasest Merged 1/Datasest Merged 1/notumor/Tr-no_0536.jpg,/kaggle/input/datasets/sabersakin/brainmri/Datasest Merged 1/Datasest Merged 1/notumor/Tr-no_0729.jpg,4
/kaggle/input/datasets/sabersakin/brainmri/Datasest Merged 1/Datasest Merged 1/notumor/Tr-no_0536.jpg,/kaggle/input/datasets/sabersakin/brainmri/Datasest Merged 1/Datasest Merged 1/notumor/Tr-no_0672.jpg,4
/kaggle/input/datasets/sabersakin/brainmri/Datasest Merged 1/Datasest Merged 1/notumor/Tr-no_0536.jpg,/kaggle/input/datasets/sabersakin/brainmri/Datasest Merged 1/Datasest Merged 1/notumor/Te-no_0173.jpg,4
/kaggle/input/datasets/sabersakin/brainmri/Datasest Merged 1/Datasest Merged 1/notumor/Tr-no_0536.jpg,/kaggle/input/datasets/sabersakin/brainmri/Datasest Merged 1/Datasest Merged 1/notumor/Tr-no_0479.jpg,4
/kaggle/input/datasets/sabersakin/brainmri/Datasest Merged 1/Datasest Merged 1/notumor/Tr-no_0536.jpg,/kaggle/input/datasets/sabersakin/brainmri/Datasest Merged 1/Datasest Merged 1/notumor/Te-no_0284.jpg,4
/kaggle/input/datasets/sabersakin/brainmri/Datasest Merged 1/Datasest Merged 1/notumor/Tr-no_0536.jpg,/kaggle/input/datasets/sabersakin/brainmri/Datasest Merged 1/Datasest Merged 1/notumor/Tr-no_1486.jpg,4
/kaggle/input/datasets/sabersakin/brainmri/Datasest Merged 1/Datasest Merged 1/notumor/Tr-no_0536.jpg,/kaggle/input/datasets/sabersakin/brainmri/Datasest Merged 1/Datasest Merged 1/notumor/Te-no_0199.jpg,4
/kaggle/input/datasets/sabersakin/brainmri/Datasest Merged 1/Datasest Merged 1/notumor/Tr-no_0536.jpg,/kaggle/input/datasets/sabersakin/brainmri/Datasest Merged 1/Datasest Merged 1/notumor/Tr-no_0541.jpg,4
/kaggle/input/datasets/sabersakin/brainmri/Datasest Merged 1/Datasest Merged 1/notumor/Tr-no_0536.jpg,/kaggle/input/datasets/sabersakin/brainmri/Datasest Merged 1/Datasest Merged 1/notumor/Tr-no_1217.jpg,4
/kaggle/input/datasets/sabersakin/brainmri/Datasest Merged 1/Datasest Merged 1/notumor/Tr-no_0536.jpg,/kaggle/input/datasets/sabersakin/brainmri/Datasest Merged 1/Datasest Merged 1/notumor/Tr-no_0515.jpg,2
/kaggle/input/datasets/sabersakin/brainmri/Datasest Merged 1/Datasest Merged 1/glioma/Tr-gl_1148.jpg,/kaggle/input/datasets/sabersakin/brainmri/Datasest Merged 1/Datasest Merged 1/glioma/Tr-gl_1149.jpg,4
/kaggle/input/datasets/sabersakin/brainmri/Datasest Merged 1/Datasest Merged 1/notumor/image (20).jpg,/kaggle/input/datasets/sabersakin/brainmri/Datasest Merged 1/Datasest Merged 1/notumor/Tr-no_0018.jpg,0
/kaggle/input/datasets/sabersakin/brainmri/Datasest Merged 1/Datasest Merged 1/notumor/image (20).jpg,/kaggle/input/datasets/sabersakin/brainmri/Datasest Merged 1/Datasest Merged 1/notumor/Tr-no_1063.jpg,0
/kaggle/input/datasets/sabersakin/brainmri/Datasest Merged 1/Datasest Merged 1/notumor/image (47).jpg,/kaggle/input/datasets/sabersakin/brainmri/Datasest Merged 1/Datasest Merged 1/notumor/Tr-no_0113.jpg,2
/kaggle/input/datasets/sabersakin/brainmri/Datasest Merged 1/Datasest Merged 1/notumor/image (47).jpg,/kaggle/input/datasets/sabersakin/brainmri/Datasest Merged 1/Datasest Merged 1/notumor/Te-no_0037.jpg,2
/kaggle/input/datasets/sabersakin/brainmri/Datasest Merged 1/Datasest Merged 1/notumor/image (47).jpg,/kaggle/input/datasets/sabersakin/brainmri/Datasest Merged 1/Datasest Merged 1/notumor/image(39).jpg,2
/kaggle/input/datasets/sabersakin/brainmri/Datasest Merged 1/Datasest Merged 1/notumor/image (47).jpg,/kaggle/input/datasets/sabersakin/brainmri/Datasest Merged 1/Datasest Merged 1/notumor/Tr-no_0967.jpg,0
/kaggle/input/datasets/sabersakin/brainmri/Datasest Merged 1/Datasest Merged 1/notumor/image (47).jpg,/kaggle/input/datasets/sabersakin/brainmri/Datasest Merged 1/Datasest Merged 1/notumor/image(340).jpg,2
/kaggle/input/datasets/sabersakin/brainmri/Datasest Merged 1/Datasest Merged 1/notumor/image (47).jpg,/kaggle/input/datasets/sabersakin/brainmri/Datasest Merged 1/Datasest Merged 1/notumor/Te-no_0064.jpg,4
/kaggle/input/datasets/sabersakin/brainmri/Datasest Merged 1/Datasest Merged 1/notumor/image (47).jpg,/kaggle/input/datasets/sabersakin/brainmri/Datasest Merged 1/Datasest Merged 1/notumor/Tr-no_0202.jpg,0
/kaggle/input/datasets/sabersakin/brainmri/Datasest Merged 1/Datasest Merged 1/notumor/image (47).jpg,/kaggle/input/datasets/sabersakin/brainmri/Datasest Merged 1/Datasest Merged 1/notumor/Tr-no_1153.jpg,2
/kaggle/input/datasets/sabersakin/brainmri/Datasest Merged 1/Datasest Merged 1/notumor/image (47).jpg,/kaggle/input/datasets/sabersakin/brainmri/Datasest Merged 1/Datasest Merged 1/notumor/Te-no_0060.jpg,0
/kaggle/input/datasets/sabersakin/brainmri/Datasest Merged 1/Datasest Merged 1/notumor/image (47).jpg,/kaggle/input/datasets/sabersakin/brainmri/Datasest Merged 1/Datasest Merged 1/notumor/Tr-no_1093.jpg,2
/kaggle/input/datasets/sabersakin/brainmri/Datasest Merged 1/Datasest Merged 1/notumor/image (47).jpg,/kaggle/input/datasets/sabersakin/brainmri/Datasest Merged 1/Datasest Merged 1/notumor/Te-no_0046.jpg,0
/kaggle/input/datasets/sabersakin/brainmri/Datasest Merged 1/Datasest Merged 1/notumor/image (47).jpg,/kaggle/input/datasets/sabersakin/brainmri/Datasest Merged 1/Datasest Merged 1/notumor/image(29).jpg,2
/kaggle/input/datasets/sabersakin/brainmri/Datasest Merged 1/Datasest Merged 1/notumor/image (47).jpg,/kaggle/input/datasets/sabersakin/brainmri/Datasest Merged 1/Datasest Merged 1/notumor/image(6).jpg,0
/kaggle/input/datasets/sabersakin/brainmri/Datasest Merged 1/Datasest Merged 1/notumor/image (47).jpg,/kaggle/input/datasets/sabersakin/brainmri/Datasest Merged 1/Datasest Merged 1/notumor/Tr-no_1178.jpg,0
/kaggle/input/datasets/sabersakin/brainmri/Datasest Merged 1/Datasest Merged 1/notumor/image (47).jpg,/kaggle/input/datasets/sabersakin/brainmri/Datasest Merged 1/Datasest Merged 1/notumor/Tr-no_0340.jpg,2
/kaggle/input/datasets/sabersakin/brainmri/Datasest Merged 1/Datasest Merged 1/notumor/image (47).jpg,/kaggle/input/datasets/sabersakin/brainmri/Datasest Merged 1/Datasest Merged 1/notumor/Tr-no_0970.jpg,4
/kaggle/input/datasets/sabersakin/brainmri/Datasest Merged 1/Datasest Merged 1/notumor/image (47).jpg,/kaggle/input/datasets/sabersakin/brainmri/Datasest Merged 1/Datasest Merged 1/notumor/Tr-no_0046.jpg,0
/kaggle/input/datasets/sabersakin/brainmri/Datasest Merged 1/Datasest Merged 1/notumor/image (47).jpg,/kaggle/input/datasets/sabersakin/brainmri/Datasest Merged 1/Datasest Merged 1/notumor/Tr-no_0327.jpg,4
/kaggle/input/datasets/sabersakin/brainmri/Datasest Merged 1/Datasest Merged 1/notumor/image (47).jpg,/kaggle/input/datasets/sabersakin/brainmri/Datasest Merged 1/Datasest Merged 1/notumor/Te-no_0026.jpg,2
/kaggle/input/datasets/sabersakin/brainmri/Datasest Merged 1/Datasest Merged 1/notumor/image (47).jpg,/kaggle/input/datasets/sabersakin/brainmri/Datasest Merged 1/Datasest Merged 1/notumor/image(348).jpg,0
/kaggle/input/datasets/sabersakin/brainmri/Datasest Merged 1/Datasest Merged 1/notumor/image (47).jpg,/kaggle/input/datasets/sabersakin/brainmri/Datasest Merged 1/Datasest Merged 1/notumor/image(63).jpg,4
/kaggle/input/datasets/sabersakin/brainmri/Datasest Merged 1/Datasest Merged 1/notumor/image (47).jpg,/kaggle/input/datasets/sabersakin/brainmri/Datasest Merged 1/Datasest Merged 1/notumor/image(331).jpg,2
/kaggle/input/datasets/sabersakin/brainmri/Datasest Merged 1/Datasest Merged 1/notumor/image(162).jpg,/kaggle/input/datasets/sabersakin/brainmri/Datasest Merged 1/Datasest Merged 1/notumor/Tr-no_0138.jpg,0
/kaggle/input/datasets/sabersakin/brainmri/Datasest Merged 1/Datasest Merged 1/pituitary/Te-pi_0198.jpg,/kaggle/input/datasets/sabersakin/brainmri/Datasest Merged 1/Datasest Merged 1/pituitary/Tr-pi_1147.jpg,4
/kaggle/input/datasets/sabersakin/brainmri/Datasest Merged 1/Datasest Merged 1/glioma/1895.jpg,/kaggle/input/datasets/sabersakin/brainmri/Datasest Merged 1/Datasest Merged 1/glioma/1894.jpg,2
/kaggle/input/datasets/sabersakin/brainmri/Datasest Merged 1/Datasest Merged 1/glioma/1895.jpg,/kaggle/input/datasets/sabersakin/brainmri/Datasest Merged 1/Datasest Merged 1/glioma/1896.jpg,2
/kaggle/input/datasets/sabersakin/brainmri/Datasest Merged 1/Datasest Merged 1/glioma/1895.jpg,/kaggle/input/datasets/sabersakin/brainmri/Datasest Merged 1/Datasest Merged 1/glioma/1897.jpg,4
/kaggle/input/datasets/sabersakin/brainmri/Datasest Merged 1/Datasest Merged 1/pituitary/Tr-pi_0980.jpg,/kaggle/input/datasets/sabersakin/brainmri/Datasest Merged 1/Datasest Merged 1/pituitary/Tr-pi_0981.jpg,4
/kaggle/input/datasets/sabersakin/brainmri/Datasest Merged 1/Datasest Merged 1/pituitary/Tr-pi_0980.jpg,/kaggle/input/datasets/sabersakin/brainmri/Datasest Merged 1/Datasest Merged 1/pituitary/Te-pi_0142.jpg,4
/kaggle/input/datasets/sabersakin/brainmri/Datasest Merged 1/Datasest Merged 1/notumor/Te-no_0251.jpg,/kaggle/input/datasets/sabersakin/brainmri/Datasest Merged 1/Datasest Merged 1/notumor/Tr-no_0826.jpg,4
/kaggle/input/datasets/sabersakin/brainmri/Datasest Merged 1/Datasest Merged 1/notumor/Te-no_0251.jpg,/kaggle/input/datasets/sabersakin/brainmri/Datasest Merged 1/Datasest Merged 1/notumor/Tr-no_1289.jpg,0
/kaggle/input/datasets/sabersakin/brainmri/Datasest Merged 1/Datasest Merged 1/notumor/Te-no_0251.jpg,/kaggle/input/datasets/sabersakin/brainmri/Datasest Merged 1/Datasest Merged 1/notumor/Tr-no_1558.jpg,4
/kaggle/input/datasets/sabersakin/brainmri/Datasest Merged 1/Datasest Merged 1/notumor/Te-no_0251.jpg,/kaggle/input/datasets/sabersakin/brainmri/Datasest Merged 1/Datasest Merged 1/notumor/Te-no_0338.jpg,4
/kaggle/input/datasets/sabersakin/brainmri/Datasest Merged 1/Datasest Merged 1/notumor/Tr-no_1559.jpg,/kaggle/input/datasets/sabersakin/brainmri/Datasest Merged 1/Datasest Merged 1/notumor/Tr-no_1397.jpg,0
/kaggle/input/datasets/sabersakin/brainmri/Datasest Merged 1/Datasest Merged 1/notumor/Tr-no_1059.jpg,/kaggle/input/datasets/sabersakin/brainmri/Datasest Merged 1/Datasest Merged 1/notumor/Tr-noTr_0002.jpg,0
/kaggle/input/datasets/sabersakin/brainmri/Datasest Merged 1/Datasest Merged 1/notumor/Tr-no_1059.jpg,/kaggle/input/datasets/sabersakin/brainmri/Datasest Merged 1/Datasest Merged 1/notumor/3.jpg,0
/kaggle/input/datasets/sabersakin/brainmri/Datasest Merged 1/Datasest Merged 1/pituitary/p (534).jpg,/kaggle/input/datasets/sabersakin/brainmri/Datasest Merged 1/Datasest Merged 1/pituitary/Tr-pi_0483.jpg,0
/kaggle/input/datasets/sabersakin/brainmri/Datasest Merged 1/Datasest Merged 1/glioma/2020.jpg,/kaggle/input/datasets/sabersakin/brainmri/Datasest Merged 1/Datasest Merged 1/glioma/2019.jpg,2
/kaggle/input/datasets/sabersakin/brainmri/Datasest Merged 1/Datasest Merged 1/glioma/2020.jpg,/kaggle/input/datasets/sabersakin/brainmri/Datasest Merged 1/Datasest Merged 1/glioma/2030.jpg,4
/kaggle/input/datasets/sabersakin/brainmri/Datasest Merged 1/Datasest Merged 1/meningioma/11.jpg,/kaggle/input/datasets/sabersakin/brainmri/Datasest Merged 1/Datasest Merged 1/meningioma/10.jpg,4
/kaggle/input/datasets/sabersakin/brainmri/Datasest Merged 1/Datasest Merged 1/meningioma/11.jpg,/kaggle/input/datasets/sabersakin/brainmri/Datasest Merged 1/Datasest Merged 1/meningioma/12.jpg,2
/kaggle/input/datasets/sabersakin/brainmri/Datasest Merged 1/Datasest Merged 1/notumor/Tr-no_0443.jpg,/kaggle/input/datasets/sabersakin/brainmri/Datasest Merged 1/Datasest Merged 1/notumor/Tr-no_0950.jpg,0
/kaggle/input/datasets/sabersakin/brainmri/Datasest Merged 1/Datasest Merged 1/notumor/Tr-no_0443.jpg,/kaggle/input/datasets/sabersakin/brainmri/Datasest Merged 1/Datasest Merged 1/notumor/Tr-no_0471.jpg,2
/kaggle/input/datasets/sabersakin/brainmri/Datasest Merged 1/Datasest Merged 1/notumor/Tr-no_0443.jpg,/kaggle/input/datasets/sabersakin/brainmri/Datasest Merged 1/Datasest Merged 1/notumor/Tr-no_1325.jpg,2
/kaggle/input/datasets/sabersakin/brainmri/Datasest Merged 1/Datasest Merged 1/notumor/image(5).jpg,/kaggle/input/datasets/sabersakin/brainmri/Datasest Merged 1/Datasest Merged 1/notumor/Te-no_0049.jpg,0
/kaggle/input/datasets/sabersakin/brainmri/Datasest Merged 1/Datasest Merged 1/notumor/image(5).jpg,/kaggle/input/datasets/sabersakin/brainmri/Datasest Merged 1/Datasest Merged 1/notumor/image (46).jpg,0
/kaggle/input/datasets/sabersakin/brainmri/Datasest Merged 1/Datasest Merged 1/notumor/image(5).jpg,/kaggle/input/datasets/sabersakin/brainmri/Datasest Merged 1/Datasest Merged 1/notumor/Tr-no_0045.jpg,0
/kaggle/input/datasets/sabersakin/brainmri/Datasest Merged 1/Datasest Merged 1/glioma/Tr-gl_0882.jpg,/kaggle/input/datasets/sabersakin/brainmri/Datasest Merged 1/Datasest Merged 1/glioma/Tr-gl_1108.jpg,4
/kaggle/input/datasets/sabersakin/brainmri/Datasest Merged 1/Datasest Merged 1/glioma/Tr-gl_0882.jpg,/kaggle/input/datasets/sabersakin/brainmri/Datasest Merged 1/Datasest Merged 1/glioma/Tr-gl_1000.jpg,4
/kaggle/input/datasets/sabersakin/brainmri/Datasest Merged 1/Datasest Merged 1/glioma/Tr-gl_0882.jpg,/kaggle/input/datasets/sabersakin/brainmri/Datasest Merged 1/Datasest Merged 1/glioma/Tr-gl_0881.jpg,4
/kaggle/input/datasets/sabersakin/brainmri/Datasest Merged 1/Datasest Merged 1/notumor/Tr-no_1240.jpg,/kaggle/input/datasets/sabersakin/brainmri/Datasest Merged 1/Datasest Merged 1/notumor/Tr-no_0659.jpg,0
/kaggle/input/datasets/sabersakin/brainmri/Datasest Merged 1/Datasest Merged 1/notumor/Tr-no_1240.jpg,/kaggle/input/datasets/sabersakin/brainmri/Datasest Merged 1/Datasest Merged 1/notumor/Te-no_0227.jpg,4
/kaggle/input/datasets/sabersakin/brainmri/Datasest Merged 1/Datasest Merged 1/notumor/Tr-no_1240.jpg,/kaggle/input/datasets/sabersakin/brainmri/Datasest Merged 1/Datasest Merged 1/notumor/Tr-no_0344.jpg,2
/kaggle/input/datasets/sabersakin/brainmri/Datasest Merged 1/Datasest Merged 1/notumor/Tr-no_1240.jpg,/kaggle/input/datasets/sabersakin/brainmri/Datasest Merged 1/Datasest Merged 1/notumor/image(171).jpg,2
/kaggle/input/datasets/sabersakin/brainmri/Datasest Merged 1/Datasest Merged 1/notumor/Tr-no_1240.jpg,/kaggle/input/datasets/sabersakin/brainmri/Datasest Merged 1/Datasest Merged 1/notumor/Te-no_0165.jpg,2
/kaggle/input/datasets/sabersakin/brainmri/Datasest Merged 1/Datasest Merged 1/notumor/Tr-no_1240.jpg,/kaggle/input/datasets/sabersakin/brainmri/Datasest Merged 1/Datasest Merged 1/notumor/Tr-no_0148.jpg,2
/kaggle/input/datasets/sabersakin/brainmri/Datasest Merged 1/Datasest Merged 1/notumor/Tr-no_1240.jpg,/kaggle/input/datasets/sabersakin/brainmri/Datasest Merged 1/Datasest Merged 1/notumor/Tr-no_0690.jpg,2
/kaggle/input/datasets/sabersakin/brainmri/Datasest Merged 1/Datasest Merged 1/notumor/Tr-no_1240.jpg,/kaggle/input/datasets/sabersakin/brainmri/Datasest Merged 1/Datasest Merged 1/notumor/image(238).jpg,2
/kaggle/input/datasets/sabersakin/brainmri/Datasest Merged 1/Datasest Merged 1/notumor/Tr-no_1240.jpg,/kaggle/input/datasets/sabersakin/brainmri/Datasest Merged 1/Datasest Merged 1/notumor/Tr-no_1104.jpg,2
/kaggle/input/datasets/sabersakin/brainmri/Datasest Merged 1/Datasest Merged 1/notumor/Tr-no_1240.jpg,/kaggle/input/datasets/sabersakin/brainmri/Datasest Merged 1/Datasest Merged 1/notumor/Tr-no_0965.jpg,2
/kaggle/input/datasets/sabersakin/brainmri/Datasest Merged 1/Datasest Merged 1/notumor/Tr-no_1240.jpg,/kaggle/input/datasets/sabersakin/brainmri/Datasest Merged 1/Datasest Merged 1/notumor/Tr-no_1082.jpg,4
/kaggle/input/datasets/sabersakin/brainmri/Datasest Merged 1/Datasest Merged 1/notumor/Tr-no_1240.jpg,/kaggle/input/datasets/sabersakin/brainmri/Datasest Merged 1/Datasest Merged 1/notumor/Te-no_0215.jpg,2
/kaggle/input/datasets/sabersakin/brainmri/Datasest Merged 1/Datasest Merged 1/notumor/Tr-no_1240.jpg,/kaggle/input/datasets/sabersakin/brainmri/Datasest Merged 1/Datasest Merged 1/notumor/Tr-no_0505.jpg,0
/kaggle/input/datasets/sabersakin/brainmri/Datasest Merged 1/Datasest Merged 1/notumor/Tr-no_1240.jpg,/kaggle/input/datasets/sabersakin/brainmri/Datasest Merged 1/Datasest Merged 1/notumor/Tr-no_1048.jpg,2
/kaggle/input/datasets/sabersakin/brainmri/Datasest Merged 1/Datasest Merged 1/notumor/Tr-no_1240.jpg,/kaggle/input/datasets/sabersakin/brainmri/Datasest Merged 1/Datasest Merged 1/notumor/image(292).jpg,2
/kaggle/input/datasets/sabersakin/brainmri/Datasest Merged 1/Datasest Merged 1/notumor/Tr-no_1240.jpg,/kaggle/input/datasets/sabersakin/brainmri/Datasest Merged 1/Datasest Merged 1/notumor/image(201).jpg,2
/kaggle/input/datasets/sabersakin/brainmri/Datasest Merged 1/Datasest Merged 1/notumor/Tr-no_1240.jpg,/kaggle/input/datasets/sabersakin/brainmri/Datasest Merged 1/Datasest Merged 1/notumor/Te-no_0364.jpg,0
/kaggle/input/datasets/sabersakin/brainmri/Datasest Merged 1/Datasest Merged 1/notumor/Tr-no_1240.jpg,/kaggle/input/datasets/sabersakin/brainmri/Datasest Merged 1/Datasest Merged 1/notumor/image (40).jpg,4
/kaggle/input/datasets/sabersakin/brainmri/Datasest Merged 1/Datasest Merged 1/notumor/Tr-no_1240.jpg,/kaggle/input/datasets/sabersakin/brainmri/Datasest Merged 1/Datasest Merged 1/notumor/Tr-no_1013.jpg,2
/kaggle/input/datasets/sabersakin/brainmri/Datasest Merged 1/Datasest Merged 1/notumor/Tr-no_1240.jpg,/kaggle/input/datasets/sabersakin/brainmri/Datasest Merged 1/Datasest Merged 1/notumor/image(78).jpg,2
/kaggle/input/datasets/sabersakin/brainmri/Datasest Merged 1/Datasest Merged 1/notumor/Tr-no_1240.jpg,/kaggle/input/datasets/sabersakin/brainmri/Datasest Merged 1/Datasest Merged 1/notumor/Tr-no_0761.jpg,2
/kaggle/input/datasets/sabersakin/brainmri/Datasest Merged 1/Datasest Merged 1/notumor/Tr-no_1240.jpg,/kaggle/input/datasets/sabersakin/brainmri/Datasest Merged 1/Datasest Merged 1/notumor/Tr-no_0145.jpg,2
/kaggle/input/datasets/sabersakin/brainmri/Datasest Merged 1/Datasest Merged 1/notumor/Tr-no_1240.jpg,/kaggle/input/datasets/sabersakin/brainmri/Datasest Merged 1/Datasest Merged 1/notumor/Te-no_0080.jpg,2
/kaggle/input/datasets/sabersakin/brainmri/Datasest Merged 1/Datasest Merged 1/notumor/Tr-no_1240.jpg,/kaggle/input/datasets/sabersakin/brainmri/Datasest Merged 1/Datasest Merged 1/notumor/Tr-no_1201.jpg,4
/kaggle/input/datasets/sabersakin/brainmri/Datasest Merged 1/Datasest Merged 1/notumor/Tr-no_1240.jpg,/kaggle/input/datasets/sabersakin/brainmri/Datasest Merged 1/Datasest Merged 1/notumor/Tr-no_1102.jpg,2
/kaggle/input/datasets/sabersakin/brainmri/Datasest Merged 1/Datasest Merged 1/notumor/Tr-no_1240.jpg,/kaggle/input/datasets/sabersakin/brainmri/Datasest Merged 1/Datasest Merged 1/notumor/image(169).jpg,2
/kaggle/input/datasets/sabersakin/brainmri/Datasest Merged 1/Datasest Merged 1/notumor/Tr-no_1240.jpg,/kaggle/input/datasets/sabersakin/brainmri/Datasest Merged 1/Datasest Merged 1/notumor/Tr-no_1264.jpg,0
/kaggle/input/datasets/sabersakin/brainmri/Datasest Merged 1/Datasest Merged 1/notumor/Tr-no_1240.jpg,/kaggle/input/datasets/sabersakin/brainmri/Datasest Merged 1/Datasest Merged 1/notumor/Tr-no_0809.jpg,2
/kaggle/input/datasets/sabersakin/brainmri/Datasest Merged 1/Datasest Merged 1/meningioma/Te-me_0176.jpg,/kaggle/input/datasets/sabersakin/brainmri/Datasest Merged 1/Datasest Merged 1/meningioma/Tr-me_0898.jpg,4
/kaggle/input/datasets/sabersakin/brainmri/Datasest Merged 1/Datasest Merged 1/meningioma/115.jpg,/kaggle/input/datasets/sabersakin/brainmri/Datasest Merged 1/Datasest Merged 1/meningioma/116.jpg,4
/kaggle/input/datasets/sabersakin/brainmri/Datasest Merged 1/Datasest Merged 1/glioma/2013.jpg,/kaggle/input/datasets/sabersakin/brainmri/Datasest Merged 1/Datasest Merged 1/glioma/2014.jpg,4
/kaggle/input/datasets/sabersakin/brainmri/Datasest Merged 1/Datasest Merged 1/meningioma/Tr-me_0682.jpg,/kaggle/input/datasets/sabersakin/brainmri/Datasest Merged 1/Datasest Merged 1/meningioma/m3 (223).jpg,0
/kaggle/input/datasets/sabersakin/brainmri/Datasest Merged 1/Datasest Merged 1/pituitary/p (389).jpg,/kaggle/input/datasets/sabersakin/brainmri/Datasest Merged 1/Datasest Merged 1/pituitary/p (388).jpg,0
/kaggle/input/datasets/sabersakin/brainmri/Datasest Merged 1/Datasest Merged 1/pituitary/p (389).jpg,/kaggle/input/datasets/sabersakin/brainmri/Datasest Merged 1/Datasest Merged 1/pituitary/Tr-pi_0321.jpg,0
/kaggle/input/datasets/sabersakin/brainmri/Datasest Merged 1/Datasest Merged 1/pituitary/p (389).jpg,/kaggle/input/datasets/sabersakin/brainmri/Datasest Merged 1/Datasest Merged 1/pituitary/Tr-pi_0320.jpg,0
/kaggle/input/datasets/sabersakin/brainmri/Datasest Merged 1/Datasest Merged 1/notumor/Te-no_0282.jpg,/kaggle/input/datasets/sabersakin/brainmri/Datasest Merged 1/Datasest Merged 1/notumor/Te-no_0194.jpg,2
/kaggle/input/datasets/sabersakin/brainmri/Datasest Merged 1/Datasest Merged 1/notumor/Te-no_0282.jpg,/kaggle/input/datasets/sabersakin/brainmri/Datasest Merged 1/Datasest Merged 1/notumor/Te-no_0318.jpg,2
/kaggle/input/datasets/sabersakin/brainmri/Datasest Merged 1/Datasest Merged 1/notumor/Te-no_0282.jpg,/kaggle/input/datasets/sabersakin/brainmri/Datasest Merged 1/Datasest Merged 1/notumor/Tr-no_1210.jpg,0
/kaggle/input/datasets/sabersakin/brainmri/Datasest Merged 1/Datasest Merged 1/notumor/Te-no_0282.jpg,/kaggle/input/datasets/sabersakin/brainmri/Datasest Merged 1/Datasest Merged 1/notumor/Tr-no_0433.jpg,2
/kaggle/input/datasets/sabersakin/brainmri/Datasest Merged 1/Datasest Merged 1/pituitary/p (507).jpg,/kaggle/input/datasets/sabersakin/brainmri/Datasest Merged 1/Datasest Merged 1/pituitary/Tr-pi_0453.jpg,0
/kaggle/input/datasets/sabersakin/brainmri/Datasest Merged 1/Datasest Merged 1/pituitary/p (745).jpg,/kaggle/input/datasets/sabersakin/brainmri/Datasest Merged 1/Datasest Merged 1/pituitary/Te-pi_0046.jpg,0
/kaggle/input/datasets/sabersakin/brainmri/Datasest Merged 1/Datasest Merged 1/pituitary/Tr-pi_0667.jpg,/kaggle/input/datasets/sabersakin/brainmri/Datasest Merged 1/Datasest Merged 1/pituitary/p (740).jpg,0
/kaggle/input/datasets/sabersakin/brainmri/Datasest Merged 1/Datasest Merged 1/pituitary/Tr-pi_0844.jpg,/kaggle/input/datasets/sabersakin/brainmri/Datasest Merged 1/Datasest Merged 1/pituitary/Tr-pi_0843.jpg,4
/kaggle/input/datasets/sabersakin/brainmri/Datasest Merged 1/Datasest Merged 1/pituitary/Tr-pi_1100.jpg,/kaggle/input/datasets/sabersakin/brainmri/Datasest Merged 1/Datasest Merged 1/pituitary/Tr-pi_1098.jpg,4
/kaggle/input/datasets/sabersakin/brainmri/Datasest Merged 1/Datasest Merged 1/pituitary/p (23).jpg,/kaggle/input/datasets/sabersakin/brainmri/Datasest Merged 1/Datasest Merged 1/pituitary/Tr-pi_0145.jpg,0
/kaggle/input/datasets/sabersakin/brainmri/Datasest Merged 1/Datasest Merged 1/notumor/Tr-no_1190.jpg,/kaggle/input/datasets/sabersakin/brainmri/Datasest Merged 1/Datasest Merged 1/notumor/Tr-no_1024.jpg,2
/kaggle/input/datasets/sabersakin/brainmri/Datasest Merged 1/Datasest Merged 1/notumor/Tr-no_1190.jpg,/kaggle/input/datasets/sabersakin/brainmri/Datasest Merged 1/Datasest Merged 1/notumor/Tr-no_0144.jpg,0
/kaggle/input/datasets/sabersakin/brainmri/Datasest Merged 1/Datasest Merged 1/notumor/Tr-no_1190.jpg,/kaggle/input/datasets/sabersakin/brainmri/Datasest Merged 1/Datasest Merged 1/notumor/Te-no_0221.jpg,0
/kaggle/input/datasets/sabersakin/brainmri/Datasest Merged 1/Datasest Merged 1/notumor/Tr-no_1190.jpg,/kaggle/input/datasets/sabersakin/brainmri/Datasest Merged 1/Datasest Merged 1/notumor/Tr-no_1043.jpg,0
/kaggle/input/datasets/sabersakin/brainmri/Datasest Merged 1/Datasest Merged 1/notumor/Tr-no_1190.jpg,/kaggle/input/datasets/sabersakin/brainmri/Datasest Merged 1/Datasest Merged 1/notumor/Tr-no_0497.jpg,4
/kaggle/input/datasets/sabersakin/brainmri/Datasest Merged 1/Datasest Merged 1/notumor/Tr-no_1190.jpg,/kaggle/input/datasets/sabersakin/brainmri/Datasest Merged 1/Datasest Merged 1/notumor/Tr-no_1255.jpg,4
/kaggle/input/datasets/sabersakin/brainmri/Datasest Merged 1/Datasest Merged 1/notumor/Tr-no_1190.jpg,/kaggle/input/datasets/sabersakin/brainmri/Datasest Merged 1/Datasest Merged 1/notumor/Tr-no_0294.jpg,0
/kaggle/input/datasets/sabersakin/brainmri/Datasest Merged 1/Datasest Merged 1/notumor/Tr-no_1190.jpg,/kaggle/input/datasets/sabersakin/brainmri/Datasest Merged 1/Datasest Merged 1/notumor/Tr-no_1220.jpg,2
/kaggle/input/datasets/sabersakin/brainmri/Datasest Merged 1/Datasest Merged 1/meningioma/Tr-me_0748.jpg,/kaggle/input/datasets/sabersakin/brainmri/Datasest Merged 1/Datasest Merged 1/meningioma/m3 (60).jpg,0
/kaggle/input/datasets/sabersakin/brainmri/Datasest Merged 1/Datasest Merged 1/meningioma/m (97).jpg,/kaggle/input/datasets/sabersakin/brainmri/Datasest Merged 1/Datasest Merged 1/meningioma/Tr-me_0172.jpg,0
/kaggle/input/datasets/sabersakin/brainmri/Datasest Merged 1/Datasest Merged 1/pituitary/Te-pi_0181.jpg,/kaggle/input/datasets/sabersakin/brainmri/Datasest Merged 1/Datasest Merged 1/pituitary/Tr-pi_1098.jpg,4
/kaggle/input/datasets/sabersakin/brainmri/Datasest Merged 1/Datasest Merged 1/pituitary/Te-pi_0181.jpg,/kaggle/input/datasets/sabersakin/brainmri/Datasest Merged 1/Datasest Merged 1/pituitary/Tr-pi_1096.jpg,4
/kaggle/input/datasets/sabersakin/brainmri/Datasest Merged 1/Datasest Merged 1/glioma/1045.jpg,/kaggle/input/datasets/sabersakin/brainmri/Datasest Merged 1/Datasest Merged 1/glioma/1046.jpg,4
/kaggle/input/datasets/sabersakin/brainmri/Datasest Merged 1/Datasest Merged 1/meningioma/image(3).jpg,/kaggle/input/datasets/sabersakin/brainmri/Datasest Merged 1/Datasest Merged 1/meningioma/m1(112).jpg,0
/kaggle/input/datasets/sabersakin/brainmri/Datasest Merged 1/Datasest Merged 1/meningioma/image(3).jpg,/kaggle/input/datasets/sabersakin/brainmri/Datasest Merged 1/Datasest Merged 1/meningioma/Tr-me_0188.jpg,0
/kaggle/input/datasets/sabersakin/brainmri/Datasest Merged 1/Datasest Merged 1/meningioma/image(3).jpg,/kaggle/input/datasets/sabersakin/brainmri/Datasest Merged 1/Datasest Merged 1/meningioma/Te-me_0037.jpg,0
/kaggle/input/datasets/sabersakin/brainmri/Datasest Merged 1/Datasest Merged 1/pituitary/Tr-pi_1318.jpg,/kaggle/input/datasets/sabersakin/brainmri/Datasest Merged 1/Datasest Merged 1/pituitary/Te-pi_0249.jpg,4
/kaggle/input/datasets/sabersakin/brainmri/Datasest Merged 1/Datasest Merged 1/glioma/gg (641).jpg,/kaggle/input/datasets/sabersakin/brainmri/Datasest Merged 1/Datasest Merged 1/glioma/Te-gl_0027.jpg,0
/kaggle/input/datasets/sabersakin/brainmri/Datasest Merged 1/Datasest Merged 1/notumor/Tr-no_0052.jpg,/kaggle/input/datasets/sabersakin/brainmri/Datasest Merged 1/Datasest Merged 1/notumor/Te-noTr_0007.jpg,0
/kaggle/input/datasets/sabersakin/brainmri/Datasest Merged 1/Datasest Merged 1/notumor/Tr-no_0052.jpg,/kaggle/input/datasets/sabersakin/brainmri/Datasest Merged 1/Datasest Merged 1/notumor/Tr-no_0352.jpg,0
/kaggle/input/datasets/sabersakin/brainmri/Datasest Merged 1/Datasest Merged 1/notumor/Tr-no_0052.jpg,/kaggle/input/datasets/sabersakin/brainmri/Datasest Merged 1/Datasest Merged 1/notumor/image (52).jpg,0
/kaggle/input/datasets/sabersakin/brainmri/Datasest Merged 1/Datasest Merged 1/notumor/Tr-no_0052.jpg,/kaggle/input/datasets/sabersakin/brainmri/Datasest Merged 1/Datasest Merged 1/notumor/image(386).jpg,0
/kaggle/input/datasets/sabersakin/brainmri/Datasest Merged 1/Datasest Merged 1/notumor/Tr-no_0052.jpg,/kaggle/input/datasets/sabersakin/brainmri/Datasest Merged 1/Datasest Merged 1/glioma/Tr-gl_0242.jpg,4
/kaggle/input/datasets/sabersakin/brainmri/Datasest Merged 1/Datasest Merged 1/notumor/Tr-no_0052.jpg,/kaggle/input/datasets/sabersakin/brainmri/Datasest Merged 1/Datasest Merged 1/notumor/image(85).jpg,0
/kaggle/input/datasets/sabersakin/brainmri/Datasest Merged 1/Datasest Merged 1/notumor/Tr-no_0052.jpg,/kaggle/input/datasets/sabersakin/brainmri/Datasest Merged 1/Datasest Merged 1/notumor/Te-no_0088.jpg,0
/kaggle/input/datasets/sabersakin/brainmri/Datasest Merged 1/Datasest Merged 1/notumor/Tr-no_0743.jpg,/kaggle/input/datasets/sabersakin/brainmri/Datasest Merged 1/Datasest Merged 1/notumor/Tr-no_1467.jpg,0
/kaggle/input/datasets/sabersakin/brainmri/Datasest Merged 1/Datasest Merged 1/notumor/Tr-no_0743.jpg,/kaggle/input/datasets/sabersakin/brainmri/Datasest Merged 1/Datasest Merged 1/notumor/Te-no_0181.jpg,4
/kaggle/input/datasets/sabersakin/brainmri/Datasest Merged 1/Datasest Merged 1/notumor/Tr-no_0743.jpg,/kaggle/input/datasets/sabersakin/brainmri/Datasest Merged 1/Datasest Merged 1/notumor/Te-no_0184.jpg,0
/kaggle/input/datasets/sabersakin/brainmri/Datasest Merged 1/Datasest Merged 1/glioma/Tr-gl_0170.jpg,/kaggle/input/datasets/sabersakin/brainmri/Datasest Merged 1/Datasest Merged 1/glioma/Tr-gl_0172.jpg,4
/kaggle/input/datasets/sabersakin/brainmri/Datasest Merged 1/Datasest Merged 1/glioma/Tr-gl_0170.jpg,/kaggle/input/datasets/sabersakin/brainmri/Datasest Merged 1/Datasest Merged 1/glioma/Tr-gl_0168.jpg,2
/kaggle/input/datasets/sabersakin/brainmri/Datasest Merged 1/Datasest Merged 1/glioma/Tr-gl_0170.jpg,/kaggle/input/datasets/sabersakin/brainmri/Datasest Merged 1/Datasest Merged 1/glioma/Tr-gl_0169.jpg,4
/kaggle/input/datasets/sabersakin/brainmri/Datasest Merged 1/Datasest Merged 1/glioma/Tr-gl_0170.jpg,/kaggle/input/datasets/sabersakin/brainmri/Datasest Merged 1/Datasest Merged 1/glioma/Tr-gl_0171.jpg,2
/kaggle/input/datasets/sabersakin/brainmri/Datasest Merged 1/Datasest Merged 1/notumor/Tr-no_0180.jpg,/kaggle/input/datasets/sabersakin/brainmri/Datasest Merged 1/Datasest Merged 1/notumor/Tr-no_0984.jpg,0
/kaggle/input/datasets/sabersakin/brainmri/Datasest Merged 1/Datasest Merged 1/notumor/Tr-no_0180.jpg,/kaggle/input/datasets/sabersakin/brainmri/Datasest Merged 1/Datasest Merged 1/notumor/Tr-no_0324.jpg,0
/kaggle/input/datasets/sabersakin/brainmri/Datasest Merged 1/Datasest Merged 1/notumor/Tr-no_0180.jpg,/kaggle/input/datasets/sabersakin/brainmri/Datasest Merged 1/Datasest Merged 1/notumor/image(346).jpg,0
/kaggle/input/datasets/sabersakin/brainmri/Datasest Merged 1/Datasest Merged 1/notumor/Tr-no_0180.jpg,/kaggle/input/datasets/sabersakin/brainmri/Datasest Merged 1/Datasest Merged 1/notumor/Tr-no_0057.jpg,0
/kaggle/input/datasets/sabersakin/brainmri/Datasest Merged 1/Datasest Merged 1/notumor/Tr-no_0180.jpg,/kaggle/input/datasets/sabersakin/brainmri/Datasest Merged 1/Datasest Merged 1/notumor/Te-no_0055.jpg,0
/kaggle/input/datasets/sabersakin/brainmri/Datasest Merged 1/Datasest Merged 1/notumor/Tr-no_0180.jpg,/kaggle/input/datasets/sabersakin/brainmri/Datasest Merged 1/Datasest Merged 1/notumor/image(60).jpg,0
/kaggle/input/datasets/sabersakin/brainmri/Datasest Merged 1/Datasest Merged 1/notumor/Tr-no_0180.jpg,/kaggle/input/datasets/sabersakin/brainmri/Datasest Merged 1/Datasest Merged 1/notumor/image(55).jpg,0
/kaggle/input/datasets/sabersakin/brainmri/Datasest Merged 1/Datasest Merged 1/notumor/Tr-no_0180.jpg,/kaggle/input/datasets/sabersakin/brainmri/Datasest Merged 1/Datasest Merged 1/notumor/image(45).jpg,0
/kaggle/input/datasets/sabersakin/brainmri/Datasest Merged 1/Datasest Merged 1/notumor/Tr-no_0180.jpg,/kaggle/input/datasets/sabersakin/brainmri/Datasest Merged 1/Datasest Merged 1/notumor/Te-no_0061.jpg,0
/kaggle/input/datasets/sabersakin/brainmri/Datasest Merged 1/Datasest Merged 1/notumor/Tr-no_0180.jpg,/kaggle/input/datasets/sabersakin/brainmri/Datasest Merged 1/Datasest Merged 1/notumor/image(16).jpg,0
/kaggle/input/datasets/sabersakin/brainmri/Datasest Merged 1/Datasest Merged 1/notumor/Tr-no_0180.jpg,/kaggle/input/datasets/sabersakin/brainmri/Datasest Merged 1/Datasest Merged 1/notumor/Te-no_0012.jpg,0
/kaggle/input/datasets/sabersakin/brainmri/Datasest Merged 1/Datasest Merged 1/notumor/Tr-no_0180.jpg,/kaggle/input/datasets/sabersakin/brainmri/Datasest Merged 1/Datasest Merged 1/notumor/image(356).jpg,0
/kaggle/input/datasets/sabersakin/brainmri/Datasest Merged 1/Datasest Merged 1/notumor/Tr-no_0180.jpg,/kaggle/input/datasets/sabersakin/brainmri/Datasest Merged 1/Datasest Merged 1/notumor/Tr-no_0291.jpg,0
/kaggle/input/datasets/sabersakin/brainmri/Datasest Merged 1/Datasest Merged 1/notumor/Tr-no_0180.jpg,/kaggle/input/datasets/sabersakin/brainmri/Datasest Merged 1/Datasest Merged 1/notumor/image (57).jpg,0
/kaggle/input/datasets/sabersakin/brainmri/Datasest Merged 1/Datasest Merged 1/notumor/Tr-no_0180.jpg,/kaggle/input/datasets/sabersakin/brainmri/Datasest Merged 1/Datasest Merged 1/notumor/image(361).jpg,0
/kaggle/input/datasets/sabersakin/brainmri/Datasest Merged 1/Datasest Merged 1/glioma/gg (116).jpg,/kaggle/input/datasets/sabersakin/brainmri/Datasest Merged 1/Datasest Merged 1/meningioma/Tr-me_0677.jpg,4
/kaggle/input/datasets/sabersakin/brainmri/Datasest Merged 1/Datasest Merged 1/glioma/gg (116).jpg,/kaggle/input/datasets/sabersakin/brainmri/Datasest Merged 1/Datasest Merged 1/glioma/gg (240).jpg,4
/kaggle/input/datasets/sabersakin/brainmri/Datasest Merged 1/Datasest Merged 1/glioma/gg (116).jpg,/kaggle/input/datasets/sabersakin/brainmri/Datasest Merged 1/Datasest Merged 1/glioma/gg (241).jpg,2
/kaggle/input/datasets/sabersakin/brainmri/Datasest Merged 1/Datasest Merged 1/glioma/gg (116).jpg,/kaggle/input/datasets/sabersakin/brainmri/Datasest Merged 1/Datasest Merged 1/meningioma/m3 (219).jpg,4
/kaggle/input/datasets/sabersakin/brainmri/Datasest Merged 1/Datasest Merged 1/meningioma/Tr-me_0124.jpg,/kaggle/input/datasets/sabersakin/brainmri/Datasest Merged 1/Datasest Merged 1/meningioma/m (53).jpg,0
/kaggle/input/datasets/sabersakin/brainmri/Datasest Merged 1/Datasest Merged 1/notumor/Tr-no_0033.jpg,/kaggle/input/datasets/sabersakin/brainmri/Datasest Merged 1/Datasest Merged 1/notumor/Tr-no_1197.jpg,0
/kaggle/input/datasets/sabersakin/brainmri/Datasest Merged 1/Datasest Merged 1/notumor/Tr-no_0033.jpg,/kaggle/input/datasets/sabersakin/brainmri/Datasest Merged 1/Datasest Merged 1/notumor/image (35).jpg,0
/kaggle/input/datasets/sabersakin/brainmri/Datasest Merged 1/Datasest Merged 1/notumor/Tr-no_0033.jpg,/kaggle/input/datasets/sabersakin/brainmri/Datasest Merged 1/Datasest Merged 1/notumor/Tr-no_0757.jpg,2
/kaggle/input/datasets/sabersakin/brainmri/Datasest Merged 1/Datasest Merged 1/notumor/Tr-no_0033.jpg,/kaggle/input/datasets/sabersakin/brainmri/Datasest Merged 1/Datasest Merged 1/notumor/Tr-no_1077.jpg,0
/kaggle/input/datasets/sabersakin/brainmri/Datasest Merged 1/Datasest Merged 1/notumor/Tr-no_0033.jpg,/kaggle/input/datasets/sabersakin/brainmri/Datasest Merged 1/Datasest Merged 1/notumor/Tr-no_1019.jpg,0
/kaggle/input/datasets/sabersakin/brainmri/Datasest Merged 1/Datasest Merged 1/notumor/Tr-no_0033.jpg,/kaggle/input/datasets/sabersakin/brainmri/Datasest Merged 1/Datasest Merged 1/notumor/Tr-no_0579.jpg,0
/kaggle/input/datasets/sabersakin/brainmri/Datasest Merged 1/Datasest Merged 1/pituitary/p (462).jpg,/kaggle/input/datasets/sabersakin/brainmri/Datasest Merged 1/Datasest Merged 1/pituitary/Tr-pi_0403.jpg,0
/kaggle/input/datasets/sabersakin/brainmri/Datasest Merged 1/Datasest Merged 1/meningioma/m (95).jpg,/kaggle/input/datasets/sabersakin/brainmri/Datasest Merged 1/Datasest Merged 1/meningioma/Tr-me_0170.jpg,0
/kaggle/input/datasets/sabersakin/brainmri/Datasest Merged 1/Datasest Merged 1/notumor/Tr-no_1382.jpg,/kaggle/input/datasets/sabersakin/brainmri/Datasest Merged 1/Datasest Merged 1/notumor/Tr-no_0609.jpg,4
/kaggle/input/datasets/sabersakin/brainmri/Datasest Merged 1/Datasest Merged 1/notumor/Tr-no_1382.jpg,/kaggle/input/datasets/sabersakin/brainmri/Datasest Merged 1/Datasest Merged 1/notumor/Tr-no_0642.jpg,4
/kaggle/input/datasets/sabersakin/brainmri/Datasest Merged 1/Datasest Merged 1/notumor/Tr-no_1382.jpg,/kaggle/input/datasets/sabersakin/brainmri/Datasest Merged 1/Datasest Merged 1/notumor/Te-no_0375.jpg,4
/kaggle/input/datasets/sabersakin/brainmri/Datasest Merged 1/Datasest Merged 1/notumor/Tr-no_1382.jpg,/kaggle/input/datasets/sabersakin/brainmri/Datasest Merged 1/Datasest Merged 1/notumor/Tr-no_1345.jpg,4
/kaggle/input/datasets/sabersakin/brainmri/Datasest Merged 1/Datasest Merged 1/notumor/Tr-no_1382.jpg,/kaggle/input/datasets/sabersakin/brainmri/Datasest Merged 1/Datasest Merged 1/notumor/Tr-no_0976.jpg,0
/kaggle/input/datasets/sabersakin/brainmri/Datasest Merged 1/Datasest Merged 1/notumor/Tr-no_1382.jpg,/kaggle/input/datasets/sabersakin/brainmri/Datasest Merged 1/Datasest Merged 1/notumor/Tr-no_1452.jpg,4
/kaggle/input/datasets/sabersakin/brainmri/Datasest Merged 1/Datasest Merged 1/pituitary/image(28).jpg,/kaggle/input/datasets/sabersakin/brainmri/Datasest Merged 1/Datasest Merged 1/pituitary/p (133).jpg,4
/kaggle/input/datasets/sabersakin/brainmri/Datasest Merged 1/Datasest Merged 1/pituitary/image(28).jpg,/kaggle/input/datasets/sabersakin/brainmri/Datasest Merged 1/Datasest Merged 1/pituitary/Tr-pi_0038.jpg,4
/kaggle/input/datasets/sabersakin/brainmri/Datasest Merged 1/Datasest Merged 1/notumor/image(83).jpg,/kaggle/input/datasets/sabersakin/brainmri/Datasest Merged 1/Datasest Merged 1/notumor/Tr-no_0964.jpg,0
/kaggle/input/datasets/sabersakin/brainmri/Datasest Merged 1/Datasest Merged 1/notumor/image(83).jpg,/kaggle/input/datasets/sabersakin/brainmri/Datasest Merged 1/Datasest Merged 1/notumor/image(384).jpg,0
/kaggle/input/datasets/sabersakin/brainmri/Datasest Merged 1/Datasest Merged 1/notumor/image(83).jpg,/kaggle/input/datasets/sabersakin/brainmri/Datasest Merged 1/Datasest Merged 1/notumor/Te-no_0086.jpg,0
/kaggle/input/datasets/sabersakin/brainmri/Datasest Merged 1/Datasest Merged 1/pituitary/Tr-pi_1252.jpg,/kaggle/input/datasets/sabersakin/brainmri/Datasest Merged 1/Datasest Merged 1/pituitary/Te-pi_0232.jpg,2
/kaggle/input/datasets/sabersakin/brainmri/Datasest Merged 1/Datasest Merged 1/pituitary/Tr-pi_1252.jpg,/kaggle/input/datasets/sabersakin/brainmri/Datasest Merged 1/Datasest Merged 1/pituitary/Tr-pi_1251.jpg,4
/kaggle/input/datasets/sabersakin/brainmri/Datasest Merged 1/Datasest Merged 1/notumor/Tr-no_0054.jpg,/kaggle/input/datasets/sabersakin/brainmri/Datasest Merged 1/Datasest Merged 1/notumor/Tr-no_1091.jpg,0
/kaggle/input/datasets/sabersakin/brainmri/Datasest Merged 1/Datasest Merged 1/notumor/Tr-no_0054.jpg,/kaggle/input/datasets/sabersakin/brainmri/Datasest Merged 1/Datasest Merged 1/notumor/image (54).jpg,0
/kaggle/input/datasets/sabersakin/brainmri/Datasest Merged 1/Datasest Merged 1/notumor/Tr-no_0054.jpg,/kaggle/input/datasets/sabersakin/brainmri/Datasest Merged 1/Datasest Merged 1/notumor/image(13).jpg,0
/kaggle/input/datasets/sabersakin/brainmri/Datasest Merged 1/Datasest Merged 1/notumor/Tr-no_0054.jpg,/kaggle/input/datasets/sabersakin/brainmri/Datasest Merged 1/Datasest Merged 1/notumor/Te-noTr_0009.jpg,0
/kaggle/input/datasets/sabersakin/brainmri/Datasest Merged 1/Datasest Merged 1/pituitary/Tr-piTr_0000.jpg,/kaggle/input/datasets/sabersakin/brainmri/Datasest Merged 1/Datasest Merged 1/pituitary/p (1).jpg,0
/kaggle/input/datasets/sabersakin/brainmri/Datasest Merged 1/Datasest Merged 1/notumor/Tr-no_0236.jpg,/kaggle/input/datasets/sabersakin/brainmri/Datasest Merged 1/Datasest Merged 1/notumor/image(250).jpg,0
/kaggle/input/datasets/sabersakin/brainmri/Datasest Merged 1/Datasest Merged 1/notumor/Tr-no_0236.jpg,/kaggle/input/datasets/sabersakin/brainmri/Datasest Merged 1/Datasest Merged 1/notumor/Tr-no_1133.jpg,0
/kaggle/input/datasets/sabersakin/brainmri/Datasest Merged 1/Datasest Merged 1/meningioma/705.jpg,/kaggle/input/datasets/sabersakin/brainmri/Datasest Merged 1/Datasest Merged 1/meningioma/706.jpg,2
/kaggle/input/datasets/sabersakin/brainmri/Datasest Merged 1/Datasest Merged 1/pituitary/Tr-pi_0391.jpg,/kaggle/input/datasets/sabersakin/brainmri/Datasest Merged 1/Datasest Merged 1/pituitary/Tr-pi_0210.jpg,4
/kaggle/input/datasets/sabersakin/brainmri/Datasest Merged 1/Datasest Merged 1/pituitary/Tr-pi_0391.jpg,/kaggle/input/datasets/sabersakin/brainmri/Datasest Merged 1/Datasest Merged 1/pituitary/p (289).jpg,4
/kaggle/input/datasets/sabersakin/brainmri/Datasest Merged 1/Datasest Merged 1/pituitary/Tr-pi_0391.jpg,/kaggle/input/datasets/sabersakin/brainmri/Datasest Merged 1/Datasest Merged 1/pituitary/p (451).jpg,0
/kaggle/input/datasets/sabersakin/brainmri/Datasest Merged 1/Datasest Merged 1/glioma/1507.jpg,/kaggle/input/datasets/sabersakin/brainmri/Datasest Merged 1/Datasest Merged 1/glioma/1508.jpg,2
/kaggle/input/datasets/sabersakin/brainmri/Datasest Merged 1/Datasest Merged 1/glioma/1507.jpg,/kaggle/input/datasets/sabersakin/brainmri/Datasest Merged 1/Datasest Merged 1/glioma/1506.jpg,2
/kaggle/input/datasets/sabersakin/brainmri/Datasest Merged 1/Datasest Merged 1/notumor/Te-no_0146.jpg,/kaggle/input/datasets/sabersakin/brainmri/Datasest Merged 1/Datasest Merged 1/notumor/Tr-no_1409.jpg,2
/kaggle/input/datasets/sabersakin/brainmri/Datasest Merged 1/Datasest Merged 1/notumor/Te-no_0146.jpg,/kaggle/input/datasets/sabersakin/brainmri/Datasest Merged 1/Datasest Merged 1/notumor/Tr-no_1569.jpg,2
/kaggle/input/datasets/sabersakin/brainmri/Datasest Merged 1/Datasest Merged 1/notumor/Te-no_0146.jpg,/kaggle/input/datasets/sabersakin/brainmri/Datasest Merged 1/Datasest Merged 1/notumor/Tr-no_0426.jpg,4
/kaggle/input/datasets/sabersakin/brainmri/Datasest Merged 1/Datasest Merged 1/notumor/Te-no_0146.jpg,/kaggle/input/datasets/sabersakin/brainmri/Datasest Merged 1/Datasest Merged 1/notumor/Tr-no_1502.jpg,0
/kaggle/input/datasets/sabersakin/brainmri/Datasest Merged 1/Datasest Merged 1/notumor/Te-no_0146.jpg,/kaggle/input/datasets/sabersakin/brainmri/Datasest Merged 1/Datasest Merged 1/notumor/Tr-no_1300.jpg,0
/kaggle/input/datasets/sabersakin/brainmri/Datasest Merged 1/Datasest Merged 1/notumor/Te-no_0146.jpg,/kaggle/input/datasets/sabersakin/brainmri/Datasest Merged 1/Datasest Merged 1/notumor/Tr-no_0623.jpg,0
/kaggle/input/datasets/sabersakin/brainmri/Datasest Merged 1/Datasest Merged 1/notumor/Tr-no_0139.jpg,/kaggle/input/datasets/sabersakin/brainmri/Datasest Merged 1/Datasest Merged 1/notumor/image(163).jpg,0
/kaggle/input/datasets/sabersakin/brainmri/Datasest Merged 1/Datasest Merged 1/notumor/Tr-no_0139.jpg,/kaggle/input/datasets/sabersakin/brainmri/Datasest Merged 1/Datasest Merged 1/notumor/Tr-no_1112.jpg,0
/kaggle/input/datasets/sabersakin/brainmri/Datasest Merged 1/Datasest Merged 1/notumor/Tr-no_0139.jpg,/kaggle/input/datasets/sabersakin/brainmri/Datasest Merged 1/Datasest Merged 1/notumor/Tr-no_0816.jpg,0
/kaggle/input/datasets/sabersakin/brainmri/Datasest Merged 1/Datasest Merged 1/notumor/Tr-no_0139.jpg,/kaggle/input/datasets/sabersakin/brainmri/Datasest Merged 1/Datasest Merged 1/notumor/Tr-no_1100.jpg,0
/kaggle/input/datasets/sabersakin/brainmri/Datasest Merged 1/Datasest Merged 1/notumor/Tr-no_0139.jpg,/kaggle/input/datasets/sabersakin/brainmri/Datasest Merged 1/Datasest Merged 1/notumor/Tr-no_0553.jpg,0
/kaggle/input/datasets/sabersakin/brainmri/Datasest Merged 1/Datasest Merged 1/meningioma/Tr-me_0165.jpg,/kaggle/input/datasets/sabersakin/brainmri/Datasest Merged 1/Datasest Merged 1/meningioma/Tr-me_0163.jpg,4
/kaggle/input/datasets/sabersakin/brainmri/Datasest Merged 1/Datasest Merged 1/meningioma/Tr-me_0165.jpg,/kaggle/input/datasets/sabersakin/brainmri/Datasest Merged 1/Datasest Merged 1/meningioma/m (90).jpg,0
/kaggle/input/datasets/sabersakin/brainmri/Datasest Merged 1/Datasest Merged 1/meningioma/Tr-me_0165.jpg,/kaggle/input/datasets/sabersakin/brainmri/Datasest Merged 1/Datasest Merged 1/meningioma/m (89).jpg,4
/kaggle/input/datasets/sabersakin/brainmri/Datasest Merged 1/Datasest Merged 1/notumor/Tr-no_1122.jpg,/kaggle/input/datasets/sabersakin/brainmri/Datasest Merged 1/Datasest Merged 1/notumor/image(44).jpg,0
/kaggle/input/datasets/sabersakin/brainmri/Datasest Merged 1/Datasest Merged 1/notumor/Tr-no_1122.jpg,/kaggle/input/datasets/sabersakin/brainmri/Datasest Merged 1/Datasest Merged 1/notumor/Tr-no_0168.jpg,0
/kaggle/input/datasets/sabersakin/brainmri/Datasest Merged 1/Datasest Merged 1/notumor/Tr-no_1122.jpg,/kaggle/input/datasets/sabersakin/brainmri/Datasest Merged 1/Datasest Merged 1/notumor/Te-no_0043.jpg,0
/kaggle/input/datasets/sabersakin/brainmri/Datasest Merged 1/Datasest Merged 1/notumor/Tr-no_1122.jpg,/kaggle/input/datasets/sabersakin/brainmri/Datasest Merged 1/Datasest Merged 1/notumor/image(345).jpg,0
/kaggle/input/datasets/sabersakin/brainmri/Datasest Merged 1/Datasest Merged 1/notumor/image(58).jpg,/kaggle/input/datasets/sabersakin/brainmri/Datasest Merged 1/Datasest Merged 1/notumor/Te-no_0058.jpg,0
/kaggle/input/datasets/sabersakin/brainmri/Datasest Merged 1/Datasest Merged 1/notumor/image(58).jpg,/kaggle/input/datasets/sabersakin/brainmri/Datasest Merged 1/Datasest Merged 1/notumor/image(359).jpg,0
/kaggle/input/datasets/sabersakin/brainmri/Datasest Merged 1/Datasest Merged 1/meningioma/267.jpg,/kaggle/input/datasets/sabersakin/brainmri/Datasest Merged 1/Datasest Merged 1/meningioma/268.jpg,4
/kaggle/input/datasets/sabersakin/brainmri/Datasest Merged 1/Datasest Merged 1/glioma/1109.jpg,/kaggle/input/datasets/sabersakin/brainmri/Datasest Merged 1/Datasest Merged 1/glioma/1108.jpg,4
/kaggle/input/datasets/sabersakin/brainmri/Datasest Merged 1/Datasest Merged 1/notumor/Tr-no_0037.jpg,/kaggle/input/datasets/sabersakin/brainmri/Datasest Merged 1/Datasest Merged 1/notumor/Tr-no_1081.jpg,0
/kaggle/input/datasets/sabersakin/brainmri/Datasest Merged 1/Datasest Merged 1/notumor/Tr-no_0037.jpg,/kaggle/input/datasets/sabersakin/brainmri/Datasest Merged 1/Datasest Merged 1/notumor/image (39).jpg,0
/kaggle/input/datasets/sabersakin/brainmri/Datasest Merged 1/Datasest Merged 1/glioma/1037.jpg,/kaggle/input/datasets/sabersakin/brainmri/Datasest Merged 1/Datasest Merged 1/glioma/1035.jpg,4
/kaggle/input/datasets/sabersakin/brainmri/Datasest Merged 1/Datasest Merged 1/glioma/1037.jpg,/kaggle/input/datasets/sabersakin/brainmri/Datasest Merged 1/Datasest Merged 1/glioma/1036.jpg,2
/kaggle/input/datasets/sabersakin/brainmri/Datasest Merged 1/Datasest Merged 1/pituitary/p (483).jpg,/kaggle/input/datasets/sabersakin/brainmri/Datasest Merged 1/Datasest Merged 1/pituitary/Tr-pi_0426.jpg,0
/kaggle/input/datasets/sabersakin/brainmri/Datasest Merged 1/Datasest Merged 1/pituitary/2533.jpg,/kaggle/input/datasets/sabersakin/brainmri/Datasest Merged 1/Datasest Merged 1/pituitary/2532.jpg,4
/kaggle/input/datasets/sabersakin/brainmri/Datasest Merged 1/Datasest Merged 1/pituitary/Tr-pi_0516.jpg,/kaggle/input/datasets/sabersakin/brainmri/Datasest Merged 1/Datasest Merged 1/pituitary/Tr-pi_0517.jpg,0
/kaggle/input/datasets/sabersakin/brainmri/Datasest Merged 1/Datasest Merged 1/pituitary/Tr-pi_0516.jpg,/kaggle/input/datasets/sabersakin/brainmri/Datasest Merged 1/Datasest Merged 1/pituitary/Te-piTr_0001.jpg,0
/kaggle/input/datasets/sabersakin/brainmri/Datasest Merged 1/Datasest Merged 1/pituitary/Tr-pi_0516.jpg,/kaggle/input/datasets/sabersakin/brainmri/Datasest Merged 1/Datasest Merged 1/pituitary/p (568).jpg,0
/kaggle/input/datasets/sabersakin/brainmri/Datasest Merged 1/Datasest Merged 1/pituitary/Tr-pi_0516.jpg,/kaggle/input/datasets/sabersakin/brainmri/Datasest Merged 1/Datasest Merged 1/pituitary/p (567).jpg,0
/kaggle/input/datasets/sabersakin/brainmri/Datasest Merged 1/Datasest Merged 1/pituitary/Tr-pi_0516.jpg,/kaggle/input/datasets/sabersakin/brainmri/Datasest Merged 1/Datasest Merged 1/pituitary/p (566).jpg,0
/kaggle/input/datasets/sabersakin/brainmri/Datasest Merged 1/Datasest Merged 1/notumor/Tr-no_1101.jpg,/kaggle/input/datasets/sabersakin/brainmri/Datasest Merged 1/Datasest Merged 1/notumor/Tr-no_0686.jpg,4
/kaggle/input/datasets/sabersakin/brainmri/Datasest Merged 1/Datasest Merged 1/notumor/Tr-no_1101.jpg,/kaggle/input/datasets/sabersakin/brainmri/Datasest Merged 1/Datasest Merged 1/notumor/image(239).jpg,0
/kaggle/input/datasets/sabersakin/brainmri/Datasest Merged 1/Datasest Merged 1/notumor/Tr-no_1101.jpg,/kaggle/input/datasets/sabersakin/brainmri/Datasest Merged 1/Datasest Merged 1/notumor/Tr-no_0910.jpg,0
/kaggle/input/datasets/sabersakin/brainmri/Datasest Merged 1/Datasest Merged 1/notumor/Tr-no_1101.jpg,/kaggle/input/datasets/sabersakin/brainmri/Datasest Merged 1/Datasest Merged 1/notumor/Tr-no_0223.jpg,0
/kaggle/input/datasets/sabersakin/brainmri/Datasest Merged 1/Datasest Merged 1/notumor/Tr-no_1101.jpg,/kaggle/input/datasets/sabersakin/brainmri/Datasest Merged 1/Datasest Merged 1/notumor/Tr-no_0567.jpg,0
/kaggle/input/datasets/sabersakin/brainmri/Datasest Merged 1/Datasest Merged 1/notumor/Tr-no_1101.jpg,/kaggle/input/datasets/sabersakin/brainmri/Datasest Merged 1/Datasest Merged 1/notumor/Tr-no_1248.jpg,4
/kaggle/input/datasets/sabersakin/brainmri/Datasest Merged 1/Datasest Merged 1/notumor/Tr-no_1101.jpg,/kaggle/input/datasets/sabersakin/brainmri/Datasest Merged 1/Datasest Merged 1/notumor/Tr-no_0983.jpg,0
/kaggle/input/datasets/sabersakin/brainmri/Datasest Merged 1/Datasest Merged 1/notumor/Tr-no_1101.jpg,/kaggle/input/datasets/sabersakin/brainmri/Datasest Merged 1/Datasest Merged 1/notumor/Tr-no_0140.jpg,0
/kaggle/input/datasets/sabersakin/brainmri/Datasest Merged 1/Datasest Merged 1/notumor/Tr-no_1101.jpg,/kaggle/input/datasets/sabersakin/brainmri/Datasest Merged 1/Datasest Merged 1/notumor/Tr-no_1136.jpg,0
/kaggle/input/datasets/sabersakin/brainmri/Datasest Merged 1/Datasest Merged 1/meningioma/m (30).jpg,/kaggle/input/datasets/sabersakin/brainmri/Datasest Merged 1/Datasest Merged 1/meningioma/Tr-me_0099.jpg,0
/kaggle/input/datasets/sabersakin/brainmri/Datasest Merged 1/Datasest Merged 1/glioma/Tr-gl_0095.jpg,/kaggle/input/datasets/sabersakin/brainmri/Datasest Merged 1/Datasest Merged 1/glioma/gg (692).jpg,0
/kaggle/input/datasets/sabersakin/brainmri/Datasest Merged 1/Datasest Merged 1/notumor/Tr-no_0062.jpg,/kaggle/input/datasets/sabersakin/brainmri/Datasest Merged 1/Datasest Merged 1/notumor/image(373).jpg,2
/kaggle/input/datasets/sabersakin/brainmri/Datasest Merged 1/Datasest Merged 1/notumor/Tr-no_0062.jpg,/kaggle/input/datasets/sabersakin/brainmri/Datasest Merged 1/Datasest Merged 1/notumor/image(72).jpg,2
/kaggle/input/datasets/sabersakin/brainmri/Datasest Merged 1/Datasest Merged 1/notumor/Tr-no_0062.jpg,/kaggle/input/datasets/sabersakin/brainmri/Datasest Merged 1/Datasest Merged 1/notumor/image (61).jpg,0
/kaggle/input/datasets/sabersakin/brainmri/Datasest Merged 1/Datasest Merged 1/notumor/Tr-no_0062.jpg,/kaggle/input/datasets/sabersakin/brainmri/Datasest Merged 1/Datasest Merged 1/notumor/Tr-no_1159.jpg,0
/kaggle/input/datasets/sabersakin/brainmri/Datasest Merged 1/Datasest Merged 1/notumor/Tr-no_0062.jpg,/kaggle/input/datasets/sabersakin/brainmri/Datasest Merged 1/Datasest Merged 1/notumor/image(20).jpg,0
/kaggle/input/datasets/sabersakin/brainmri/Datasest Merged 1/Datasest Merged 1/notumor/Tr-no_0062.jpg,/kaggle/input/datasets/sabersakin/brainmri/Datasest Merged 1/Datasest Merged 1/notumor/Te-no_0074.jpg,2
/kaggle/input/datasets/sabersakin/brainmri/Datasest Merged 1/Datasest Merged 1/notumor/Tr-no_0062.jpg,/kaggle/input/datasets/sabersakin/brainmri/Datasest Merged 1/Datasest Merged 1/notumor/Te-no_0017.jpg,0
/kaggle/input/datasets/sabersakin/brainmri/Datasest Merged 1/Datasest Merged 1/notumor/Tr-no_0062.jpg,/kaggle/input/datasets/sabersakin/brainmri/Datasest Merged 1/Datasest Merged 1/notumor/Tr-no_0337.jpg,2
/kaggle/input/datasets/sabersakin/brainmri/Datasest Merged 1/Datasest Merged 1/pituitary/Tr-pi_0463.jpg,/kaggle/input/datasets/sabersakin/brainmri/Datasest Merged 1/Datasest Merged 1/pituitary/Tr-pi_0462.jpg,4
/kaggle/input/datasets/sabersakin/brainmri/Datasest Merged 1/Datasest Merged 1/pituitary/Tr-pi_0463.jpg,/kaggle/input/datasets/sabersakin/brainmri/Datasest Merged 1/Datasest Merged 1/pituitary/p (515).jpg,4
/kaggle/input/datasets/sabersakin/brainmri/Datasest Merged 1/Datasest Merged 1/pituitary/Tr-pi_0463.jpg,/kaggle/input/datasets/sabersakin/brainmri/Datasest Merged 1/Datasest Merged 1/pituitary/p (516).jpg,0
/kaggle/input/datasets/sabersakin/brainmri/Datasest Merged 1/Datasest Merged 1/pituitary/p (557).jpg,/kaggle/input/datasets/sabersakin/brainmri/Datasest Merged 1/Datasest Merged 1/pituitary/p (556).jpg,4
/kaggle/input/datasets/sabersakin/brainmri/Datasest Merged 1/Datasest Merged 1/pituitary/p (557).jpg,/kaggle/input/datasets/sabersakin/brainmri/Datasest Merged 1/Datasest Merged 1/pituitary/Tr-pi_0508.jpg,0
/kaggle/input/datasets/sabersakin/brainmri/Datasest Merged 1/Datasest Merged 1/meningioma/Te-me_0212.jpg,/kaggle/input/datasets/sabersakin/brainmri/Datasest Merged 1/Datasest Merged 1/meningioma/Tr-me_1009.jpg,4
/kaggle/input/datasets/sabersakin/brainmri/Datasest Merged 1/Datasest Merged 1/meningioma/Tr-me_0152.jpg,/kaggle/input/datasets/sabersakin/brainmri/Datasest Merged 1/Datasest Merged 1/meningioma/m (79).jpg,0
/kaggle/input/datasets/sabersakin/brainmri/Datasest Merged 1/Datasest Merged 1/pituitary/2212.jpg,/kaggle/input/datasets/sabersakin/brainmri/Datasest Merged 1/Datasest Merged 1/pituitary/2211.jpg,4
/kaggle/input/datasets/sabersakin/brainmri/Datasest Merged 1/Datasest Merged 1/pituitary/2323.jpg,/kaggle/input/datasets/sabersakin/brainmri/Datasest Merged 1/Datasest Merged 1/pituitary/2321.jpg,4
/kaggle/input/datasets/sabersakin/brainmri/Datasest Merged 1/Datasest Merged 1/pituitary/2323.jpg,/kaggle/input/datasets/sabersakin/brainmri/Datasest Merged 1/Datasest Merged 1/pituitary/2324.jpg,2
/kaggle/input/datasets/sabersakin/brainmri/Datasest Merged 1/Datasest Merged 1/pituitary/Tr-pi_0566.jpg,/kaggle/input/datasets/sabersakin/brainmri/Datasest Merged 1/Datasest Merged 1/pituitary/p (623).jpg,0
/kaggle/input/datasets/sabersakin/brainmri/Datasest Merged 1/Datasest Merged 1/glioma/1469.jpg,/kaggle/input/datasets/sabersakin/brainmri/Datasest Merged 1/Datasest Merged 1/glioma/1468.jpg,4
/kaggle/input/datasets/sabersakin/brainmri/Datasest Merged 1/Datasest Merged 1/pituitary/Tr-pi_0762.jpg,/kaggle/input/datasets/sabersakin/brainmri/Datasest Merged 1/Datasest Merged 1/pituitary/Tr-pi_0761.jpg,4
/kaggle/input/datasets/sabersakin/brainmri/Datasest Merged 1/Datasest Merged 1/glioma/Tr-gl_0696.jpg,/kaggle/input/datasets/sabersakin/brainmri/Datasest Merged 1/Datasest Merged 1/glioma/Te-gl_0152.jpg,4
/kaggle/input/datasets/sabersakin/brainmri/Datasest Merged 1/Datasest Merged 1/notumor/image (7).jpg,/kaggle/input/datasets/sabersakin/brainmri/Datasest Merged 1/Datasest Merged 1/notumor/Tr-no_0364.jpg,0
/kaggle/input/datasets/sabersakin/brainmri/Datasest Merged 1/Datasest Merged 1/notumor/image (7).jpg,/kaggle/input/datasets/sabersakin/brainmri/Datasest Merged 1/Datasest Merged 1/notumor/image(96).jpg,0
/kaggle/input/datasets/sabersakin/brainmri/Datasest Merged 1/Datasest Merged 1/notumor/image (7).jpg,/kaggle/input/datasets/sabersakin/brainmri/Datasest Merged 1/Datasest Merged 1/notumor/Tr-no_0066.jpg,0
/kaggle/input/datasets/sabersakin/brainmri/Datasest Merged 1/Datasest Merged 1/notumor/image (7).jpg,/kaggle/input/datasets/sabersakin/brainmri/Datasest Merged 1/Datasest Merged 1/notumor/Te-no_0100.jpg,0
/kaggle/input/datasets/sabersakin/brainmri/Datasest Merged 1/Datasest Merged 1/notumor/image (7).jpg,/kaggle/input/datasets/sabersakin/brainmri/Datasest Merged 1/Datasest Merged 1/notumor/image(397).jpg,0
/kaggle/input/datasets/sabersakin/brainmri/Datasest Merged 1/Datasest Merged 1/meningioma/Te-me_0013.jpg,/kaggle/input/datasets/sabersakin/brainmri/Datasest Merged 1/Datasest Merged 1/meningioma/image(83).jpg,0
/kaggle/input/datasets/sabersakin/brainmri/Datasest Merged 1/Datasest Merged 1/meningioma/Te-me_0013.jpg,/kaggle/input/datasets/sabersakin/brainmri/Datasest Merged 1/Datasest Merged 1/meningioma/m1(193).jpg,0
/kaggle/input/datasets/sabersakin/brainmri/Datasest Merged 1/Datasest Merged 1/meningioma/Te-me_0013.jpg,/kaggle/input/datasets/sabersakin/brainmri/Datasest Merged 1/Datasest Merged 1/meningioma/Tr-me_0273.jpg,0
/kaggle/input/datasets/sabersakin/brainmri/Datasest Merged 1/Datasest Merged 1/meningioma/Te-me_0013.jpg,/kaggle/input/datasets/sabersakin/brainmri/Datasest Merged 1/Datasest Merged 1/meningioma/m1(104).jpg,0
/kaggle/input/datasets/sabersakin/brainmri/Datasest Merged 1/Datasest Merged 1/meningioma/Te-me_0013.jpg,/kaggle/input/datasets/sabersakin/brainmri/Datasest Merged 1/Datasest Merged 1/meningioma/Te-me_0096.jpg,0
/kaggle/input/datasets/sabersakin/brainmri/Datasest Merged 1/Datasest Merged 1/notumor/Tr-no_0569.jpg,/kaggle/input/datasets/sabersakin/brainmri/Datasest Merged 1/Datasest Merged 1/notumor/image (27).jpg,0
/kaggle/input/datasets/sabersakin/brainmri/Datasest Merged 1/Datasest Merged 1/notumor/Tr-no_0569.jpg,/kaggle/input/datasets/sabersakin/brainmri/Datasest Merged 1/Datasest Merged 1/notumor/Tr-no_0987.jpg,0
/kaggle/input/datasets/sabersakin/brainmri/Datasest Merged 1/Datasest Merged 1/notumor/Tr-no_0569.jpg,/kaggle/input/datasets/sabersakin/brainmri/Datasest Merged 1/Datasest Merged 1/notumor/Tr-no_1067.jpg,0
/kaggle/input/datasets/sabersakin/brainmri/Datasest Merged 1/Datasest Merged 1/notumor/Tr-no_0569.jpg,/kaggle/input/datasets/sabersakin/brainmri/Datasest Merged 1/Datasest Merged 1/notumor/image (28).jpg,0
/kaggle/input/datasets/sabersakin/brainmri/Datasest Merged 1/Datasest Merged 1/notumor/Tr-no_0569.jpg,/kaggle/input/datasets/sabersakin/brainmri/Datasest Merged 1/Datasest Merged 1/notumor/Tr-no_0026.jpg,0
/kaggle/input/datasets/sabersakin/brainmri/Datasest Merged 1/Datasest Merged 1/notumor/Tr-no_0569.jpg,/kaggle/input/datasets/sabersakin/brainmri/Datasest Merged 1/Datasest Merged 1/notumor/Tr-no_0932.jpg,2
/kaggle/input/datasets/sabersakin/brainmri/Datasest Merged 1/Datasest Merged 1/notumor/Tr-no_0569.jpg,/kaggle/input/datasets/sabersakin/brainmri/Datasest Merged 1/Datasest Merged 1/notumor/Tr-no_1068.jpg,0
/kaggle/input/datasets/sabersakin/brainmri/Datasest Merged 1/Datasest Merged 1/notumor/Tr-no_0569.jpg,/kaggle/input/datasets/sabersakin/brainmri/Datasest Merged 1/Datasest Merged 1/notumor/Te-no_0168.jpg,4
/kaggle/input/datasets/sabersakin/brainmri/Datasest Merged 1/Datasest Merged 1/notumor/Tr-no_0569.jpg,/kaggle/input/datasets/sabersakin/brainmri/Datasest Merged 1/Datasest Merged 1/notumor/Tr-no_0025.jpg,0
/kaggle/input/datasets/sabersakin/brainmri/Datasest Merged 1/Datasest Merged 1/notumor/Tr-no_0569.jpg,/kaggle/input/datasets/sabersakin/brainmri/Datasest Merged 1/Datasest Merged 1/notumor/Tr-no_1250.jpg,4
/kaggle/input/datasets/sabersakin/brainmri/Datasest Merged 1/Datasest Merged 1/notumor/Tr-no_1039.jpg,/kaggle/input/datasets/sabersakin/brainmri/Datasest Merged 1/Datasest Merged 1/notumor/Tr-no_0055.jpg,0
/kaggle/input/datasets/sabersakin/brainmri/Datasest Merged 1/Datasest Merged 1/notumor/Tr-no_1039.jpg,/kaggle/input/datasets/sabersakin/brainmri/Datasest Merged 1/Datasest Merged 1/notumor/Te-no_0010.jpg,0
/kaggle/input/datasets/sabersakin/brainmri/Datasest Merged 1/Datasest Merged 1/notumor/Tr-no_1039.jpg,/kaggle/input/datasets/sabersakin/brainmri/Datasest Merged 1/Datasest Merged 1/notumor/image(337).jpg,2
/kaggle/input/datasets/sabersakin/brainmri/Datasest Merged 1/Datasest Merged 1/notumor/Tr-no_1039.jpg,/kaggle/input/datasets/sabersakin/brainmri/Datasest Merged 1/Datasest Merged 1/notumor/image(36).jpg,2
/kaggle/input/datasets/sabersakin/brainmri/Datasest Merged 1/Datasest Merged 1/notumor/Tr-no_1039.jpg,/kaggle/input/datasets/sabersakin/brainmri/Datasest Merged 1/Datasest Merged 1/notumor/Tr-no_0080.jpg,2
/kaggle/input/datasets/sabersakin/brainmri/Datasest Merged 1/Datasest Merged 1/notumor/Tr-no_1039.jpg,/kaggle/input/datasets/sabersakin/brainmri/Datasest Merged 1/Datasest Merged 1/notumor/image (55).jpg,0
/kaggle/input/datasets/sabersakin/brainmri/Datasest Merged 1/Datasest Merged 1/notumor/Tr-no_1039.jpg,/kaggle/input/datasets/sabersakin/brainmri/Datasest Merged 1/Datasest Merged 1/notumor/Te-no_0034.jpg,2
/kaggle/input/datasets/sabersakin/brainmri/Datasest Merged 1/Datasest Merged 1/notumor/Tr-no_1039.jpg,/kaggle/input/datasets/sabersakin/brainmri/Datasest Merged 1/Datasest Merged 1/notumor/image(14).jpg,0
/kaggle/input/datasets/sabersakin/brainmri/Datasest Merged 1/Datasest Merged 1/notumor/image(323).jpg,/kaggle/input/datasets/sabersakin/brainmri/Datasest Merged 1/Datasest Merged 1/notumor/Tr-no_1169.jpg,0
/kaggle/input/datasets/sabersakin/brainmri/Datasest Merged 1/Datasest Merged 1/meningioma/Tr-me_0840.jpg,/kaggle/input/datasets/sabersakin/brainmri/Datasest Merged 1/Datasest Merged 1/meningioma/Tr-me_0841.jpg,4
/kaggle/input/datasets/sabersakin/brainmri/Datasest Merged 1/Datasest Merged 1/pituitary/p (642).jpg,/kaggle/input/datasets/sabersakin/brainmri/Datasest Merged 1/Datasest Merged 1/pituitary/Tr-pi_0582.jpg,0
/kaggle/input/datasets/sabersakin/brainmri/Datasest Merged 1/Datasest Merged 1/pituitary/p (642).jpg,/kaggle/input/datasets/sabersakin/brainmri/Datasest Merged 1/Datasest Merged 1/pituitary/Te-pi_0020.jpg,2
/kaggle/input/datasets/sabersakin/brainmri/Datasest Merged 1/Datasest Merged 1/pituitary/Tr-pi_0392.jpg,/kaggle/input/datasets/sabersakin/brainmri/Datasest Merged 1/Datasest Merged 1/pituitary/p (452).jpg,0
/kaggle/input/datasets/sabersakin/brainmri/Datasest Merged 1/Datasest Merged 1/pituitary/p (90).jpg,/kaggle/input/datasets/sabersakin/brainmri/Datasest Merged 1/Datasest Merged 1/pituitary/Tr-pi_0751.jpg,2
/kaggle/input/datasets/sabersakin/brainmri/Datasest Merged 1/Datasest Merged 1/pituitary/p (90).jpg,/kaggle/input/datasets/sabersakin/brainmri/Datasest Merged 1/Datasest Merged 1/pituitary/Tr-pi_0752.jpg,4
/kaggle/input/datasets/sabersakin/brainmri/Datasest Merged 1/Datasest Merged 1/pituitary/p (90).jpg,/kaggle/input/datasets/sabersakin/brainmri/Datasest Merged 1/Datasest Merged 1/pituitary/Tr-pi_0750.jpg,0
/kaggle/input/datasets/sabersakin/brainmri/Datasest Merged 1/Datasest Merged 1/pituitary/p (90).jpg,/kaggle/input/datasets/sabersakin/brainmri/Datasest Merged 1/Datasest Merged 1/pituitary/p (91).jpg,2
/kaggle/input/datasets/sabersakin/brainmri/Datasest Merged 1/Datasest Merged 1/pituitary/p (90).jpg,/kaggle/input/datasets/sabersakin/brainmri/Datasest Merged 1/Datasest Merged 1/pituitary/p (92).jpg,4
/kaggle/input/datasets/sabersakin/brainmri/Datasest Merged 1/Datasest Merged 1/notumor/image(222).jpg,/kaggle/input/datasets/sabersakin/brainmri/Datasest Merged 1/Datasest Merged 1/notumor/Tr-no_1027.jpg,0
/kaggle/input/datasets/sabersakin/brainmri/Datasest Merged 1/Datasest Merged 1/pituitary/2574.jpg,/kaggle/input/datasets/sabersakin/brainmri/Datasest Merged 1/Datasest Merged 1/pituitary/2586.jpg,4
/kaggle/input/datasets/sabersakin/brainmri/Datasest Merged 1/Datasest Merged 1/glioma/Tr-gl_1024.jpg,/kaggle/input/datasets/sabersakin/brainmri/Datasest Merged 1/Datasest Merged 1/glioma/Te-gl_0196.jpg,4
/kaggle/input/datasets/sabersakin/brainmri/Datasest Merged 1/Datasest Merged 1/pituitary/p (787).jpg,/kaggle/input/datasets/sabersakin/brainmri/Datasest Merged 1/Datasest Merged 1/pituitary/Te-pi_0056.jpg,4
/kaggle/input/datasets/sabersakin/brainmri/Datasest Merged 1/Datasest Merged 1/pituitary/p (787).jpg,/kaggle/input/datasets/sabersakin/brainmri/Datasest Merged 1/Datasest Merged 1/pituitary/p (788).jpg,4
/kaggle/input/datasets/sabersakin/brainmri/Datasest Merged 1/Datasest Merged 1/pituitary/p (787).jpg,/kaggle/input/datasets/sabersakin/brainmri/Datasest Merged 1/Datasest Merged 1/pituitary/Tr-pi_1069.jpg,4
/kaggle/input/datasets/sabersakin/brainmri/Datasest Merged 1/Datasest Merged 1/pituitary/p (787).jpg,/kaggle/input/datasets/sabersakin/brainmri/Datasest Merged 1/Datasest Merged 1/pituitary/Tr-pi_0706.jpg,0
/kaggle/input/datasets/sabersakin/brainmri/Datasest Merged 1/Datasest Merged 1/pituitary/p (787).jpg,/kaggle/input/datasets/sabersakin/brainmri/Datasest Merged 1/Datasest Merged 1/pituitary/p (786).jpg,4
/kaggle/input/datasets/sabersakin/brainmri/Datasest Merged 1/Datasest Merged 1/pituitary/p (787).jpg,/kaggle/input/datasets/sabersakin/brainmri/Datasest Merged 1/Datasest Merged 1/pituitary/p (785).jpg,4
/kaggle/input/datasets/sabersakin/brainmri/Datasest Merged 1/Datasest Merged 1/pituitary/p (787).jpg,/kaggle/input/datasets/sabersakin/brainmri/Datasest Merged 1/Datasest Merged 1/pituitary/Tr-pi_0705.jpg,4
/kaggle/input/datasets/sabersakin/brainmri/Datasest Merged 1/Datasest Merged 1/meningioma/m2 (73).jpg,/kaggle/input/datasets/sabersakin/brainmri/Datasest Merged 1/Datasest Merged 1/meningioma/Tr-me_0516.jpg,0
/kaggle/input/datasets/sabersakin/brainmri/Datasest Merged 1/Datasest Merged 1/pituitary/p (491).jpg,/kaggle/input/datasets/sabersakin/brainmri/Datasest Merged 1/Datasest Merged 1/pituitary/Tr-pi_0435.jpg,0
/kaggle/input/datasets/sabersakin/brainmri/Datasest Merged 1/Datasest Merged 1/notumor/Te-no_0244.jpg,/kaggle/input/datasets/sabersakin/brainmri/Datasest Merged 1/Datasest Merged 1/notumor/Te-no_0355.jpg,0
/kaggle/input/datasets/sabersakin/brainmri/Datasest Merged 1/Datasest Merged 1/notumor/Te-no_0244.jpg,/kaggle/input/datasets/sabersakin/brainmri/Datasest Merged 1/Datasest Merged 1/notumor/Tr-no_0611.jpg,2
/kaggle/input/datasets/sabersakin/brainmri/Datasest Merged 1/Datasest Merged 1/pituitary/2178.jpg,/kaggle/input/datasets/sabersakin/brainmri/Datasest Merged 1/Datasest Merged 1/pituitary/2177.jpg,4
/kaggle/input/datasets/sabersakin/brainmri/Datasest Merged 1/Datasest Merged 1/meningioma/Tr-me_1137.jpg,/kaggle/input/datasets/sabersakin/brainmri/Datasest Merged 1/Datasest Merged 1/glioma/Tr-gl_0062.jpg,4
/kaggle/input/datasets/sabersakin/brainmri/Datasest Merged 1/Datasest Merged 1/meningioma/Tr-me_1137.jpg,/kaggle/input/datasets/sabersakin/brainmri/Datasest Merged 1/Datasest Merged 1/glioma/gg (520).jpg,4
/kaggle/input/datasets/sabersakin/brainmri/Datasest Merged 1/Datasest Merged 1/pituitary/2632.jpg,/kaggle/input/datasets/sabersakin/brainmri/Datasest Merged 1/Datasest Merged 1/pituitary/2631.jpg,4
/kaggle/input/datasets/sabersakin/brainmri/Datasest Merged 1/Datasest Merged 1/pituitary/Te-pi_0058.jpg,/kaggle/input/datasets/sabersakin/brainmri/Datasest Merged 1/Datasest Merged 1/pituitary/p (792).jpg,2
/kaggle/input/datasets/sabersakin/brainmri/Datasest Merged 1/Datasest Merged 1/pituitary/Te-pi_0058.jpg,/kaggle/input/datasets/sabersakin/brainmri/Datasest Merged 1/Datasest Merged 1/pituitary/Tr-pi_0711.jpg,2
/kaggle/input/datasets/sabersakin/brainmri/Datasest Merged 1/Datasest Merged 1/pituitary/Te-pi_0058.jpg,/kaggle/input/datasets/sabersakin/brainmri/Datasest Merged 1/Datasest Merged 1/pituitary/p (793).jpg,0
/kaggle/input/datasets/sabersakin/brainmri/Datasest Merged 1/Datasest Merged 1/pituitary/Te-pi_0058.jpg,/kaggle/input/datasets/sabersakin/brainmri/Datasest Merged 1/Datasest Merged 1/pituitary/Tr-pi_0712.jpg,4
/kaggle/input/datasets/sabersakin/brainmri/Datasest Merged 1/Datasest Merged 1/pituitary/Te-pi_0058.jpg,/kaggle/input/datasets/sabersakin/brainmri/Datasest Merged 1/Datasest Merged 1/pituitary/p (794).jpg,4
/kaggle/input/datasets/sabersakin/brainmri/Datasest Merged 1/Datasest Merged 1/meningioma/m1(199).jpg,/kaggle/input/datasets/sabersakin/brainmri/Datasest Merged 1/Datasest Merged 1/meningioma/Tr-me_0279.jpg,0
/kaggle/input/datasets/sabersakin/brainmri/Datasest Merged 1/Datasest Merged 1/meningioma/m1(199).jpg,/kaggle/input/datasets/sabersakin/brainmri/Datasest Merged 1/Datasest Merged 1/meningioma/Te-me_0102.jpg,0
/kaggle/input/datasets/sabersakin/brainmri/Datasest Merged 1/Datasest Merged 1/meningioma/m1(199).jpg,/kaggle/input/datasets/sabersakin/brainmri/Datasest Merged 1/Datasest Merged 1/meningioma/image(89).jpg,0
/kaggle/input/datasets/sabersakin/brainmri/Datasest Merged 1/Datasest Merged 1/meningioma/Tr-me_0818.jpg,/kaggle/input/datasets/sabersakin/brainmri/Datasest Merged 1/Datasest Merged 1/glioma/gg (390).jpg,4
/kaggle/input/datasets/sabersakin/brainmri/Datasest Merged 1/Datasest Merged 1/meningioma/Te-me_0289.jpg,/kaggle/input/datasets/sabersakin/brainmri/Datasest Merged 1/Datasest Merged 1/meningioma/Tr-me_1243.jpg,2
/kaggle/input/datasets/sabersakin/brainmri/Datasest Merged 1/Datasest Merged 1/meningioma/Te-me_0084.jpg,/kaggle/input/datasets/sabersakin/brainmri/Datasest Merged 1/Datasest Merged 1/meningioma/m1(182).jpg,0
/kaggle/input/datasets/sabersakin/brainmri/Datasest Merged 1/Datasest Merged 1/meningioma/Te-me_0084.jpg,/kaggle/input/datasets/sabersakin/brainmri/Datasest Merged 1/Datasest Merged 1/meningioma/image(72).jpg,0
/kaggle/input/datasets/sabersakin/brainmri/Datasest Merged 1/Datasest Merged 1/meningioma/Tr-me_1108.jpg,/kaggle/input/datasets/sabersakin/brainmri/Datasest Merged 1/Datasest Merged 1/meningioma/Tr-me_1107.jpg,4
/kaggle/input/datasets/sabersakin/brainmri/Datasest Merged 1/Datasest Merged 1/meningioma/Tr-me_1108.jpg,/kaggle/input/datasets/sabersakin/brainmri/Datasest Merged 1/Datasest Merged 1/glioma/Te-gl_0266.jpg,4
/kaggle/input/datasets/sabersakin/brainmri/Datasest Merged 1/Datasest Merged 1/notumor/Tr-no_1582.jpg,/kaggle/input/datasets/sabersakin/brainmri/Datasest Merged 1/Datasest Merged 1/notumor/Tr-no_1355.jpg,0
/kaggle/input/datasets/sabersakin/brainmri/Datasest Merged 1/Datasest Merged 1/pituitary/3018.jpg,/kaggle/input/datasets/sabersakin/brainmri/Datasest Merged 1/Datasest Merged 1/pituitary/3019.jpg,4
/kaggle/input/datasets/sabersakin/brainmri/Datasest Merged 1/Datasest Merged 1/meningioma/Tr-me_0346.jpg,/kaggle/input/datasets/sabersakin/brainmri/Datasest Merged 1/Datasest Merged 1/meningioma/Te-me_0112.jpg,0
/kaggle/input/datasets/sabersakin/brainmri/Datasest Merged 1/Datasest Merged 1/meningioma/Tr-me_0346.jpg,/kaggle/input/datasets/sabersakin/brainmri/Datasest Merged 1/Datasest Merged 1/meningioma/m1(8).jpg,0
/kaggle/input/datasets/sabersakin/brainmri/Datasest Merged 1/Datasest Merged 1/meningioma/Tr-me_0346.jpg,/kaggle/input/datasets/sabersakin/brainmri/Datasest Merged 1/Datasest Merged 1/meningioma/image(98).jpg,0
/kaggle/input/datasets/sabersakin/brainmri/Datasest Merged 1/Datasest Merged 1/pituitary/p (405).jpg,/kaggle/input/datasets/sabersakin/brainmri/Datasest Merged 1/Datasest Merged 1/pituitary/Tr-pi_0340.jpg,0
/kaggle/input/datasets/sabersakin/brainmri/Datasest Merged 1/Datasest Merged 1/notumor/Tr-no_0195.jpg,/kaggle/input/datasets/sabersakin/brainmri/Datasest Merged 1/Datasest Merged 1/notumor/Tr-no_0415.jpg,0
/kaggle/input/datasets/sabersakin/brainmri/Datasest Merged 1/Datasest Merged 1/notumor/Tr-no_0195.jpg,/kaggle/input/datasets/sabersakin/brainmri/Datasest Merged 1/Datasest Merged 1/notumor/Tr-no_0014.jpg,0
/kaggle/input/datasets/sabersakin/brainmri/Datasest Merged 1/Datasest Merged 1/notumor/Tr-no_0195.jpg,/kaggle/input/datasets/sabersakin/brainmri/Datasest Merged 1/Datasest Merged 1/notumor/Tr-no_0963.jpg,2
/kaggle/input/datasets/sabersakin/brainmri/Datasest Merged 1/Datasest Merged 1/notumor/Tr-no_0195.jpg,/kaggle/input/datasets/sabersakin/brainmri/Datasest Merged 1/Datasest Merged 1/notumor/Tr-no_0775.jpg,2
/kaggle/input/datasets/sabersakin/brainmri/Datasest Merged 1/Datasest Merged 1/notumor/Tr-no_0195.jpg,/kaggle/input/datasets/sabersakin/brainmri/Datasest Merged 1/Datasest Merged 1/notumor/Tr-no_1040.jpg,0
/kaggle/input/datasets/sabersakin/brainmri/Datasest Merged 1/Datasest Merged 1/notumor/Tr-no_0195.jpg,/kaggle/input/datasets/sabersakin/brainmri/Datasest Merged 1/Datasest Merged 1/notumor/Tr-no_1130.jpg,0
/kaggle/input/datasets/sabersakin/brainmri/Datasest Merged 1/Datasest Merged 1/notumor/Tr-no_0195.jpg,/kaggle/input/datasets/sabersakin/brainmri/Datasest Merged 1/Datasest Merged 1/notumor/Tr-no_0229.jpg,0
/kaggle/input/datasets/sabersakin/brainmri/Datasest Merged 1/Datasest Merged 1/notumor/Tr-no_0195.jpg,/kaggle/input/datasets/sabersakin/brainmri/Datasest Merged 1/Datasest Merged 1/notumor/Tr-no_0013.jpg,0
/kaggle/input/datasets/sabersakin/brainmri/Datasest Merged 1/Datasest Merged 1/notumor/Tr-no_0195.jpg,/kaggle/input/datasets/sabersakin/brainmri/Datasest Merged 1/Datasest Merged 1/notumor/Tr-no_1454.jpg,2
/kaggle/input/datasets/sabersakin/brainmri/Datasest Merged 1/Datasest Merged 1/notumor/Tr-no_0195.jpg,/kaggle/input/datasets/sabersakin/brainmri/Datasest Merged 1/Datasest Merged 1/notumor/image (16).jpg,0
/kaggle/input/datasets/sabersakin/brainmri/Datasest Merged 1/Datasest Merged 1/notumor/Tr-no_0195.jpg,/kaggle/input/datasets/sabersakin/brainmri/Datasest Merged 1/Datasest Merged 1/notumor/Te-no_0203.jpg,0
/kaggle/input/datasets/sabersakin/brainmri/Datasest Merged 1/Datasest Merged 1/notumor/Tr-no_0195.jpg,/kaggle/input/datasets/sabersakin/brainmri/Datasest Merged 1/Datasest Merged 1/notumor/Te-no_0213.jpg,0
/kaggle/input/datasets/sabersakin/brainmri/Datasest Merged 1/Datasest Merged 1/notumor/Tr-no_0195.jpg,/kaggle/input/datasets/sabersakin/brainmri/Datasest Merged 1/Datasest Merged 1/notumor/Te-no_0163.jpg,0
/kaggle/input/datasets/sabersakin/brainmri/Datasest Merged 1/Datasest Merged 1/notumor/Tr-no_0195.jpg,/kaggle/input/datasets/sabersakin/brainmri/Datasest Merged 1/Datasest Merged 1/notumor/Tr-no_0710.jpg,2
/kaggle/input/datasets/sabersakin/brainmri/Datasest Merged 1/Datasest Merged 1/notumor/Tr-no_0195.jpg,/kaggle/input/datasets/sabersakin/brainmri/Datasest Merged 1/Datasest Merged 1/notumor/image(213).jpg,0
/kaggle/input/datasets/sabersakin/brainmri/Datasest Merged 1/Datasest Merged 1/notumor/Tr-no_0195.jpg,/kaggle/input/datasets/sabersakin/brainmri/Datasest Merged 1/Datasest Merged 1/notumor/image (15).jpg,0
/kaggle/input/datasets/sabersakin/brainmri/Datasest Merged 1/Datasest Merged 1/notumor/Tr-no_0195.jpg,/kaggle/input/datasets/sabersakin/brainmri/Datasest Merged 1/Datasest Merged 1/notumor/Tr-no_1236.jpg,2
/kaggle/input/datasets/sabersakin/brainmri/Datasest Merged 1/Datasest Merged 1/notumor/Tr-no_0195.jpg,/kaggle/input/datasets/sabersakin/brainmri/Datasest Merged 1/Datasest Merged 1/notumor/Tr-no_1331.jpg,0
/kaggle/input/datasets/sabersakin/brainmri/Datasest Merged 1/Datasest Merged 1/notumor/Tr-no_0195.jpg,/kaggle/input/datasets/sabersakin/brainmri/Datasest Merged 1/Datasest Merged 1/notumor/Tr-no_1031.jpg,0
/kaggle/input/datasets/sabersakin/brainmri/Datasest Merged 1/Datasest Merged 1/notumor/Tr-no_0195.jpg,/kaggle/input/datasets/sabersakin/brainmri/Datasest Merged 1/Datasest Merged 1/notumor/Te-no_0269.jpg,0
/kaggle/input/datasets/sabersakin/brainmri/Datasest Merged 1/Datasest Merged 1/notumor/Tr-no_0195.jpg,/kaggle/input/datasets/sabersakin/brainmri/Datasest Merged 1/Datasest Merged 1/notumor/image(244).jpg,0
/kaggle/input/datasets/sabersakin/brainmri/Datasest Merged 1/Datasest Merged 1/notumor/Tr-no_0195.jpg,/kaggle/input/datasets/sabersakin/brainmri/Datasest Merged 1/Datasest Merged 1/notumor/Tr-no_1225.jpg,0
/kaggle/input/datasets/sabersakin/brainmri/Datasest Merged 1/Datasest Merged 1/notumor/Tr-no_0195.jpg,/kaggle/input/datasets/sabersakin/brainmri/Datasest Merged 1/Datasest Merged 1/notumor/Te-no_0363.jpg,0
/kaggle/input/datasets/sabersakin/brainmri/Datasest Merged 1/Datasest Merged 1/notumor/image (41).jpg,/kaggle/input/datasets/sabersakin/brainmri/Datasest Merged 1/Datasest Merged 1/notumor/Tr-no_0040.jpg,0
/kaggle/input/datasets/sabersakin/brainmri/Datasest Merged 1/Datasest Merged 1/notumor/image (41).jpg,/kaggle/input/datasets/sabersakin/brainmri/Datasest Merged 1/Datasest Merged 1/notumor/Te-no_0104.jpg,0
/kaggle/input/datasets/sabersakin/brainmri/Datasest Merged 1/Datasest Merged 1/notumor/Tr-no_0356.jpg,/kaggle/input/datasets/sabersakin/brainmri/Datasest Merged 1/Datasest Merged 1/notumor/image(390).jpg,0
/kaggle/input/datasets/sabersakin/brainmri/Datasest Merged 1/Datasest Merged 1/notumor/Tr-no_0356.jpg,/kaggle/input/datasets/sabersakin/brainmri/Datasest Merged 1/Datasest Merged 1/notumor/image(89).jpg,0
/kaggle/input/datasets/sabersakin/brainmri/Datasest Merged 1/Datasest Merged 1/glioma/Tr-gl_0695.jpg,/kaggle/input/datasets/sabersakin/brainmri/Datasest Merged 1/Datasest Merged 1/glioma/Te-gl_0152.jpg,4
/kaggle/input/datasets/sabersakin/brainmri/Datasest Merged 1/Datasest Merged 1/meningioma/Te-me_0070.jpg,/kaggle/input/datasets/sabersakin/brainmri/Datasest Merged 1/Datasest Merged 1/meningioma/m1(116).jpg,0
/kaggle/input/datasets/sabersakin/brainmri/Datasest Merged 1/Datasest Merged 1/meningioma/Te-me_0070.jpg,/kaggle/input/datasets/sabersakin/brainmri/Datasest Merged 1/Datasest Merged 1/meningioma/Tr-me_0191.jpg,0
/kaggle/input/datasets/sabersakin/brainmri/Datasest Merged 1/Datasest Merged 1/notumor/image(66).jpg,/kaggle/input/datasets/sabersakin/brainmri/Datasest Merged 1/Datasest Merged 1/notumor/image(382).jpg,0
/kaggle/input/datasets/sabersakin/brainmri/Datasest Merged 1/Datasest Merged 1/notumor/image(66).jpg,/kaggle/input/datasets/sabersakin/brainmri/Datasest Merged 1/Datasest Merged 1/notumor/Tr-no_0347.jpg,0
/kaggle/input/datasets/sabersakin/brainmri/Datasest Merged 1/Datasest Merged 1/notumor/image(66).jpg,/kaggle/input/datasets/sabersakin/brainmri/Datasest Merged 1/Datasest Merged 1/notumor/Te-no_0031.jpg,0
/kaggle/input/datasets/sabersakin/brainmri/Datasest Merged 1/Datasest Merged 1/notumor/image(66).jpg,/kaggle/input/datasets/sabersakin/brainmri/Datasest Merged 1/Datasest Merged 1/notumor/Tr-no_0331.jpg,0
/kaggle/input/datasets/sabersakin/brainmri/Datasest Merged 1/Datasest Merged 1/notumor/image(66).jpg,/kaggle/input/datasets/sabersakin/brainmri/Datasest Merged 1/Datasest Merged 1/notumor/image(367).jpg,0
/kaggle/input/datasets/sabersakin/brainmri/Datasest Merged 1/Datasest Merged 1/notumor/image(66).jpg,/kaggle/input/datasets/sabersakin/brainmri/Datasest Merged 1/Datasest Merged 1/notumor/Tr-no_0373.jpg,0
/kaggle/input/datasets/sabersakin/brainmri/Datasest Merged 1/Datasest Merged 1/notumor/image(66).jpg,/kaggle/input/datasets/sabersakin/brainmri/Datasest Merged 1/Datasest Merged 1/notumor/image(334).jpg,0
/kaggle/input/datasets/sabersakin/brainmri/Datasest Merged 1/Datasest Merged 1/notumor/image(66).jpg,/kaggle/input/datasets/sabersakin/brainmri/Datasest Merged 1/Datasest Merged 1/notumor/image(10).jpg,0
/kaggle/input/datasets/sabersakin/brainmri/Datasest Merged 1/Datasest Merged 1/notumor/image(66).jpg,/kaggle/input/datasets/sabersakin/brainmri/Datasest Merged 1/Datasest Merged 1/notumor/image(81).jpg,0
/kaggle/input/datasets/sabersakin/brainmri/Datasest Merged 1/Datasest Merged 1/notumor/image(66).jpg,/kaggle/input/datasets/sabersakin/brainmri/Datasest Merged 1/Datasest Merged 1/notumor/Tr-no_1088.jpg,0
/kaggle/input/datasets/sabersakin/brainmri/Datasest Merged 1/Datasest Merged 1/notumor/image(66).jpg,/kaggle/input/datasets/sabersakin/brainmri/Datasest Merged 1/Datasest Merged 1/notumor/image (51).jpg,0
/kaggle/input/datasets/sabersakin/brainmri/Datasest Merged 1/Datasest Merged 1/notumor/image(66).jpg,/kaggle/input/datasets/sabersakin/brainmri/Datasest Merged 1/Datasest Merged 1/notumor/Te-no_0084.jpg,0
/kaggle/input/datasets/sabersakin/brainmri/Datasest Merged 1/Datasest Merged 1/pituitary/p (65).jpg,/kaggle/input/datasets/sabersakin/brainmri/Datasest Merged 1/Datasest Merged 1/pituitary/p (64).jpg,4
/kaggle/input/datasets/sabersakin/brainmri/Datasest Merged 1/Datasest Merged 1/pituitary/p (65).jpg,/kaggle/input/datasets/sabersakin/brainmri/Datasest Merged 1/Datasest Merged 1/pituitary/Tr-pi_0580.jpg,4
/kaggle/input/datasets/sabersakin/brainmri/Datasest Merged 1/Datasest Merged 1/pituitary/p (65).jpg,/kaggle/input/datasets/sabersakin/brainmri/Datasest Merged 1/Datasest Merged 1/pituitary/p (63).jpg,4
/kaggle/input/datasets/sabersakin/brainmri/Datasest Merged 1/Datasest Merged 1/pituitary/p (65).jpg,/kaggle/input/datasets/sabersakin/brainmri/Datasest Merged 1/Datasest Merged 1/pituitary/Tr-pi_0588.jpg,0
/kaggle/input/datasets/sabersakin/brainmri/Datasest Merged 1/Datasest Merged 1/meningioma/Tr-me_0344.jpg,/kaggle/input/datasets/sabersakin/brainmri/Datasest Merged 1/Datasest Merged 1/meningioma/Tr-me_0326.jpg,4
/kaggle/input/datasets/sabersakin/brainmri/Datasest Merged 1/Datasest Merged 1/meningioma/Tr-me_0344.jpg,/kaggle/input/datasets/sabersakin/brainmri/Datasest Merged 1/Datasest Merged 1/meningioma/m1(62).jpg,4
/kaggle/input/datasets/sabersakin/brainmri/Datasest Merged 1/Datasest Merged 1/meningioma/Tr-me_0344.jpg,/kaggle/input/datasets/sabersakin/brainmri/Datasest Merged 1/Datasest Merged 1/meningioma/m1(79).jpg,4
/kaggle/input/datasets/sabersakin/brainmri/Datasest Merged 1/Datasest Merged 1/meningioma/Tr-me_0344.jpg,/kaggle/input/datasets/sabersakin/brainmri/Datasest Merged 1/Datasest Merged 1/meningioma/m1(60).jpg,4
/kaggle/input/datasets/sabersakin/brainmri/Datasest Merged 1/Datasest Merged 1/meningioma/Tr-me_0344.jpg,/kaggle/input/datasets/sabersakin/brainmri/Datasest Merged 1/Datasest Merged 1/meningioma/m1(61).jpg,4
/kaggle/input/datasets/sabersakin/brainmri/Datasest Merged 1/Datasest Merged 1/meningioma/Tr-me_0344.jpg,/kaggle/input/datasets/sabersakin/brainmri/Datasest Merged 1/Datasest Merged 1/meningioma/m1(78).jpg,0
/kaggle/input/datasets/sabersakin/brainmri/Datasest Merged 1/Datasest Merged 1/meningioma/Tr-me_0344.jpg,/kaggle/input/datasets/sabersakin/brainmri/Datasest Merged 1/Datasest Merged 1/meningioma/Tr-me_0325.jpg,4
/kaggle/input/datasets/sabersakin/brainmri/Datasest Merged 1/Datasest Merged 1/meningioma/Tr-me_0344.jpg,/kaggle/input/datasets/sabersakin/brainmri/Datasest Merged 1/Datasest Merged 1/meningioma/Tr-me_0327.jpg,4
/kaggle/input/datasets/sabersakin/brainmri/Datasest Merged 1/Datasest Merged 1/meningioma/Tr-me_0344.jpg,/kaggle/input/datasets/sabersakin/brainmri/Datasest Merged 1/Datasest Merged 1/meningioma/Tr-me_0345.jpg,4
/kaggle/input/datasets/sabersakin/brainmri/Datasest Merged 1/Datasest Merged 1/notumor/Te-no_0371.jpg,/kaggle/input/datasets/sabersakin/brainmri/Datasest Merged 1/Datasest Merged 1/notumor/Tr-no_0869.jpg,4
/kaggle/input/datasets/sabersakin/brainmri/Datasest Merged 1/Datasest Merged 1/notumor/Te-no_0371.jpg,/kaggle/input/datasets/sabersakin/brainmri/Datasest Merged 1/Datasest Merged 1/notumor/Tr-no_1266.jpg,0
/kaggle/input/datasets/sabersakin/brainmri/Datasest Merged 1/Datasest Merged 1/notumor/Te-no_0371.jpg,/kaggle/input/datasets/sabersakin/brainmri/Datasest Merged 1/Datasest Merged 1/notumor/Tr-no_0811.jpg,4
/kaggle/input/datasets/sabersakin/brainmri/Datasest Merged 1/Datasest Merged 1/notumor/Tr-no_1571.jpg,/kaggle/input/datasets/sabersakin/brainmri/Datasest Merged 1/Datasest Merged 1/notumor/Te-no_0389.jpg,0
/kaggle/input/datasets/sabersakin/brainmri/Datasest Merged 1/Datasest Merged 1/notumor/Tr-no_1571.jpg,/kaggle/input/datasets/sabersakin/brainmri/Datasest Merged 1/Datasest Merged 1/notumor/Tr-no_1412.jpg,0
/kaggle/input/datasets/sabersakin/brainmri/Datasest Merged 1/Datasest Merged 1/notumor/Tr-no_1571.jpg,/kaggle/input/datasets/sabersakin/brainmri/Datasest Merged 1/Datasest Merged 1/notumor/Te-no_0253.jpg,2
/kaggle/input/datasets/sabersakin/brainmri/Datasest Merged 1/Datasest Merged 1/notumor/Tr-no_1571.jpg,/kaggle/input/datasets/sabersakin/brainmri/Datasest Merged 1/Datasest Merged 1/notumor/Tr-no_0460.jpg,2
/kaggle/input/datasets/sabersakin/brainmri/Datasest Merged 1/Datasest Merged 1/notumor/Tr-no_1571.jpg,/kaggle/input/datasets/sabersakin/brainmri/Datasest Merged 1/Datasest Merged 1/notumor/Tr-no_1303.jpg,2
/kaggle/input/datasets/sabersakin/brainmri/Datasest Merged 1/Datasest Merged 1/notumor/Tr-no_1571.jpg,/kaggle/input/datasets/sabersakin/brainmri/Datasest Merged 1/Datasest Merged 1/notumor/Tr-no_1504.jpg,2
/kaggle/input/datasets/sabersakin/brainmri/Datasest Merged 1/Datasest Merged 1/notumor/Tr-no_1571.jpg,/kaggle/input/datasets/sabersakin/brainmri/Datasest Merged 1/Datasest Merged 1/notumor/Tr-no_0625.jpg,2
/kaggle/input/datasets/sabersakin/brainmri/Datasest Merged 1/Datasest Merged 1/notumor/Tr-no_1571.jpg,/kaggle/input/datasets/sabersakin/brainmri/Datasest Merged 1/Datasest Merged 1/notumor/Te-no_0126.jpg,0
/kaggle/input/datasets/sabersakin/brainmri/Datasest Merged 1/Datasest Merged 1/notumor/Tr-no_1571.jpg,/kaggle/input/datasets/sabersakin/brainmri/Datasest Merged 1/Datasest Merged 1/notumor/Tr-no_1503.jpg,2
/kaggle/input/datasets/sabersakin/brainmri/Datasest Merged 1/Datasest Merged 1/notumor/Tr-no_1571.jpg,/kaggle/input/datasets/sabersakin/brainmri/Datasest Merged 1/Datasest Merged 1/notumor/Te-no_0147.jpg,2
/kaggle/input/datasets/sabersakin/brainmri/Datasest Merged 1/Datasest Merged 1/notumor/Tr-no_1571.jpg,/kaggle/input/datasets/sabersakin/brainmri/Datasest Merged 1/Datasest Merged 1/notumor/Te-no_0343.jpg,0
/kaggle/input/datasets/sabersakin/brainmri/Datasest Merged 1/Datasest Merged 1/notumor/Tr-no_1571.jpg,/kaggle/input/datasets/sabersakin/brainmri/Datasest Merged 1/Datasest Merged 1/notumor/Tr-no_1301.jpg,2
/kaggle/input/datasets/sabersakin/brainmri/Datasest Merged 1/Datasest Merged 1/notumor/Tr-no_1571.jpg,/kaggle/input/datasets/sabersakin/brainmri/Datasest Merged 1/Datasest Merged 1/notumor/Tr-no_0934.jpg,4
/kaggle/input/datasets/sabersakin/brainmri/Datasest Merged 1/Datasest Merged 1/notumor/Tr-no_1571.jpg,/kaggle/input/datasets/sabersakin/brainmri/Datasest Merged 1/Datasest Merged 1/notumor/Te-no_0125.jpg,0
/kaggle/input/datasets/sabersakin/brainmri/Datasest Merged 1/Datasest Merged 1/notumor/Tr-no_1571.jpg,/kaggle/input/datasets/sabersakin/brainmri/Datasest Merged 1/Datasest Merged 1/notumor/Tr-no_0836.jpg,4
/kaggle/input/datasets/sabersakin/brainmri/Datasest Merged 1/Datasest Merged 1/glioma/gg (817).jpg,/kaggle/input/datasets/sabersakin/brainmri/Datasest Merged 1/Datasest Merged 1/glioma/Te-gl_0071.jpg,0
/kaggle/input/datasets/sabersakin/brainmri/Datasest Merged 1/Datasest Merged 1/pituitary/p (235).jpg,/kaggle/input/datasets/sabersakin/brainmri/Datasest Merged 1/Datasest Merged 1/pituitary/p (236).jpg,4
/kaggle/input/datasets/sabersakin/brainmri/Datasest Merged 1/Datasest Merged 1/pituitary/p (235).jpg,/kaggle/input/datasets/sabersakin/brainmri/Datasest Merged 1/Datasest Merged 1/pituitary/Tr-pi_0151.jpg,0
/kaggle/input/datasets/sabersakin/brainmri/Datasest Merged 1/Datasest Merged 1/meningioma/Tr-me_0399.jpg,/kaggle/input/datasets/sabersakin/brainmri/Datasest Merged 1/Datasest Merged 1/meningioma/m2 (127).jpg,0
/kaggle/input/datasets/sabersakin/brainmri/Datasest Merged 1/Datasest Merged 1/glioma/1286.jpg,/kaggle/input/datasets/sabersakin/brainmri/Datasest Merged 1/Datasest Merged 1/glioma/1287.jpg,4
/kaggle/input/datasets/sabersakin/brainmri/Datasest Merged 1/Datasest Merged 1/notumor/Tr-no_1111.jpg,/kaggle/input/datasets/sabersakin/brainmri/Datasest Merged 1/Datasest Merged 1/notumor/Te-no_0294.jpg,4
/kaggle/input/datasets/sabersakin/brainmri/Datasest Merged 1/Datasest Merged 1/notumor/Tr-no_1111.jpg,/kaggle/input/datasets/sabersakin/brainmri/Datasest Merged 1/Datasest Merged 1/notumor/Tr-no_0790.jpg,4
/kaggle/input/datasets/sabersakin/brainmri/Datasest Merged 1/Datasest Merged 1/notumor/Tr-no_1111.jpg,/kaggle/input/datasets/sabersakin/brainmri/Datasest Merged 1/Datasest Merged 1/notumor/image(240).jpg,0
/kaggle/input/datasets/sabersakin/brainmri/Datasest Merged 1/Datasest Merged 1/notumor/Tr-no_1111.jpg,/kaggle/input/datasets/sabersakin/brainmri/Datasest Merged 1/Datasest Merged 1/notumor/Tr-no_1126.jpg,0
/kaggle/input/datasets/sabersakin/brainmri/Datasest Merged 1/Datasest Merged 1/notumor/Tr-no_1111.jpg,/kaggle/input/datasets/sabersakin/brainmri/Datasest Merged 1/Datasest Merged 1/notumor/Tr-no_0225.jpg,0
/kaggle/input/datasets/sabersakin/brainmri/Datasest Merged 1/Datasest Merged 1/notumor/Tr-no_1111.jpg,/kaggle/input/datasets/sabersakin/brainmri/Datasest Merged 1/Datasest Merged 1/notumor/Te-no_0166.jpg,2
/kaggle/input/datasets/sabersakin/brainmri/Datasest Merged 1/Datasest Merged 1/notumor/Tr-no_1111.jpg,/kaggle/input/datasets/sabersakin/brainmri/Datasest Merged 1/Datasest Merged 1/notumor/Tr-no_0887.jpg,2
/kaggle/input/datasets/sabersakin/brainmri/Datasest Merged 1/Datasest Merged 1/notumor/Tr-no_1111.jpg,/kaggle/input/datasets/sabersakin/brainmri/Datasest Merged 1/Datasest Merged 1/notumor/Tr-no_1244.jpg,4
/kaggle/input/datasets/sabersakin/brainmri/Datasest Merged 1/Datasest Merged 1/notumor/Tr-no_1111.jpg,/kaggle/input/datasets/sabersakin/brainmri/Datasest Merged 1/Datasest Merged 1/notumor/Tr-no_0566.jpg,2
/kaggle/input/datasets/sabersakin/brainmri/Datasest Merged 1/Datasest Merged 1/notumor/Tr-no_1111.jpg,/kaggle/input/datasets/sabersakin/brainmri/Datasest Merged 1/Datasest Merged 1/notumor/Tr-no_0995.jpg,0
/kaggle/input/datasets/sabersakin/brainmri/Datasest Merged 1/Datasest Merged 1/pituitary/image(27).jpg,/kaggle/input/datasets/sabersakin/brainmri/Datasest Merged 1/Datasest Merged 1/pituitary/p (133).jpg,4
/kaggle/input/datasets/sabersakin/brainmri/Datasest Merged 1/Datasest Merged 1/pituitary/image(27).jpg,/kaggle/input/datasets/sabersakin/brainmri/Datasest Merged 1/Datasest Merged 1/pituitary/Tr-pi_0038.jpg,4
/kaggle/input/datasets/sabersakin/brainmri/Datasest Merged 1/Datasest Merged 1/notumor/Te-no_0011.jpg,/kaggle/input/datasets/sabersakin/brainmri/Datasest Merged 1/Datasest Merged 1/notumor/image(354).jpg,0
/kaggle/input/datasets/sabersakin/brainmri/Datasest Merged 1/Datasest Merged 1/notumor/Te-no_0011.jpg,/kaggle/input/datasets/sabersakin/brainmri/Datasest Merged 1/Datasest Merged 1/notumor/Tr-no_0982.jpg,0
/kaggle/input/datasets/sabersakin/brainmri/Datasest Merged 1/Datasest Merged 1/notumor/Te-no_0011.jpg,/kaggle/input/datasets/sabersakin/brainmri/Datasest Merged 1/Datasest Merged 1/notumor/image(49).jpg,0
/kaggle/input/datasets/sabersakin/brainmri/Datasest Merged 1/Datasest Merged 1/notumor/Te-no_0011.jpg,/kaggle/input/datasets/sabersakin/brainmri/Datasest Merged 1/Datasest Merged 1/notumor/image(53).jpg,0
/kaggle/input/datasets/sabersakin/brainmri/Datasest Merged 1/Datasest Merged 1/notumor/Te-no_0011.jpg,/kaggle/input/datasets/sabersakin/brainmri/Datasest Merged 1/Datasest Merged 1/notumor/Tr-no_0224.jpg,0
/kaggle/input/datasets/sabersakin/brainmri/Datasest Merged 1/Datasest Merged 1/notumor/Te-no_0011.jpg,/kaggle/input/datasets/sabersakin/brainmri/Datasest Merged 1/Datasest Merged 1/notumor/Tr-no_0268.jpg,0
/kaggle/input/datasets/sabersakin/brainmri/Datasest Merged 1/Datasest Merged 1/notumor/Te-no_0011.jpg,/kaggle/input/datasets/sabersakin/brainmri/Datasest Merged 1/Datasest Merged 1/notumor/image(350).jpg,0
/kaggle/input/datasets/sabersakin/brainmri/Datasest Merged 1/Datasest Merged 1/notumor/Te-no_0011.jpg,/kaggle/input/datasets/sabersakin/brainmri/Datasest Merged 1/Datasest Merged 1/notumor/image(385).jpg,0
/kaggle/input/datasets/sabersakin/brainmri/Datasest Merged 1/Datasest Merged 1/notumor/Te-no_0011.jpg,/kaggle/input/datasets/sabersakin/brainmri/Datasest Merged 1/Datasest Merged 1/notumor/Te-no_0068.jpg,0
/kaggle/input/datasets/sabersakin/brainmri/Datasest Merged 1/Datasest Merged 1/notumor/Te-no_0011.jpg,/kaggle/input/datasets/sabersakin/brainmri/Datasest Merged 1/Datasest Merged 1/notumor/image(84).jpg,0
/kaggle/input/datasets/sabersakin/brainmri/Datasest Merged 1/Datasest Merged 1/notumor/Te-no_0011.jpg,/kaggle/input/datasets/sabersakin/brainmri/Datasest Merged 1/Datasest Merged 1/notumor/Te-no_0048.jpg,0
/kaggle/input/datasets/sabersakin/brainmri/Datasest Merged 1/Datasest Merged 1/notumor/Te-no_0011.jpg,/kaggle/input/datasets/sabersakin/brainmri/Datasest Merged 1/Datasest Merged 1/notumor/Tr-no_0056.jpg,0
/kaggle/input/datasets/sabersakin/brainmri/Datasest Merged 1/Datasest Merged 1/notumor/Te-no_0011.jpg,/kaggle/input/datasets/sabersakin/brainmri/Datasest Merged 1/Datasest Merged 1/notumor/Te-no_0087.jpg,0
/kaggle/input/datasets/sabersakin/brainmri/Datasest Merged 1/Datasest Merged 1/notumor/Te-no_0011.jpg,/kaggle/input/datasets/sabersakin/brainmri/Datasest Merged 1/Datasest Merged 1/notumor/image(368).jpg,0
/kaggle/input/datasets/sabersakin/brainmri/Datasest Merged 1/Datasest Merged 1/notumor/Te-no_0011.jpg,/kaggle/input/datasets/sabersakin/brainmri/Datasest Merged 1/Datasest Merged 1/notumor/Te-no_0053.jpg,0
/kaggle/input/datasets/sabersakin/brainmri/Datasest Merged 1/Datasest Merged 1/notumor/Te-no_0011.jpg,/kaggle/input/datasets/sabersakin/brainmri/Datasest Merged 1/Datasest Merged 1/notumor/Tr-no_0332.jpg,0
/kaggle/input/datasets/sabersakin/brainmri/Datasest Merged 1/Datasest Merged 1/notumor/Te-no_0011.jpg,/kaggle/input/datasets/sabersakin/brainmri/Datasest Merged 1/Datasest Merged 1/notumor/image (56).jpg,0
/kaggle/input/datasets/sabersakin/brainmri/Datasest Merged 1/Datasest Merged 1/glioma/Tr-gl_0978.jpg,/kaggle/input/datasets/sabersakin/brainmri/Datasest Merged 1/Datasest Merged 1/glioma/Te-gl_0180.jpg,2
/kaggle/input/datasets/sabersakin/brainmri/Datasest Merged 1/Datasest Merged 1/notumor/Tr-no_0929.jpg,/kaggle/input/datasets/sabersakin/brainmri/Datasest Merged 1/Datasest Merged 1/notumor/Te-no_0133.jpg,4
/kaggle/input/datasets/sabersakin/brainmri/Datasest Merged 1/Datasest Merged 1/notumor/Tr-no_0929.jpg,/kaggle/input/datasets/sabersakin/brainmri/Datasest Merged 1/Datasest Merged 1/notumor/Tr-no_0833.jpg,4
/kaggle/input/datasets/sabersakin/brainmri/Datasest Merged 1/Datasest Merged 1/notumor/Tr-no_0929.jpg,/kaggle/input/datasets/sabersakin/brainmri/Datasest Merged 1/Datasest Merged 1/notumor/Tr-no_0423.jpg,4
/kaggle/input/datasets/sabersakin/brainmri/Datasest Merged 1/Datasest Merged 1/notumor/Tr-no_0929.jpg,/kaggle/input/datasets/sabersakin/brainmri/Datasest Merged 1/Datasest Merged 1/notumor/Tr-no_1405.jpg,4
/kaggle/input/datasets/sabersakin/brainmri/Datasest Merged 1/Datasest Merged 1/notumor/Tr-no_0929.jpg,/kaggle/input/datasets/sabersakin/brainmri/Datasest Merged 1/Datasest Merged 1/notumor/Te-no_0347.jpg,4
/kaggle/input/datasets/sabersakin/brainmri/Datasest Merged 1/Datasest Merged 1/notumor/Tr-no_0929.jpg,/kaggle/input/datasets/sabersakin/brainmri/Datasest Merged 1/Datasest Merged 1/notumor/Tr-no_0845.jpg,4
/kaggle/input/datasets/sabersakin/brainmri/Datasest Merged 1/Datasest Merged 1/notumor/image(315).jpg,/kaggle/input/datasets/sabersakin/brainmri/Datasest Merged 1/Datasest Merged 1/notumor/Tr-no_1014.jpg,0
/kaggle/input/datasets/sabersakin/brainmri/Datasest Merged 1/Datasest Merged 1/notumor/image(315).jpg,/kaggle/input/datasets/sabersakin/brainmri/Datasest Merged 1/Datasest Merged 1/notumor/Tr-no_1164.jpg,0
/kaggle/input/datasets/sabersakin/brainmri/Datasest Merged 1/Datasest Merged 1/notumor/image(315).jpg,/kaggle/input/datasets/sabersakin/brainmri/Datasest Merged 1/Datasest Merged 1/notumor/Tr-no_0308.jpg,0
/kaggle/input/datasets/sabersakin/brainmri/Datasest Merged 1/Datasest Merged 1/meningioma/m (119).jpg,/kaggle/input/datasets/sabersakin/brainmri/Datasest Merged 1/Datasest Merged 1/meningioma/m (118).jpg,4
/kaggle/input/datasets/sabersakin/brainmri/Datasest Merged 1/Datasest Merged 1/meningioma/m (119).jpg,/kaggle/input/datasets/sabersakin/brainmri/Datasest Merged 1/Datasest Merged 1/meningioma/m (120).jpg,4
/kaggle/input/datasets/sabersakin/brainmri/Datasest Merged 1/Datasest Merged 1/meningioma/m (119).jpg,/kaggle/input/datasets/sabersakin/brainmri/Datasest Merged 1/Datasest Merged 1/meningioma/Te-me_0119.jpg,4
/kaggle/input/datasets/sabersakin/brainmri/Datasest Merged 1/Datasest Merged 1/meningioma/m (119).jpg,/kaggle/input/datasets/sabersakin/brainmri/Datasest Merged 1/Datasest Merged 1/meningioma/Tr-me_0016.jpg,0
/kaggle/input/datasets/sabersakin/brainmri/Datasest Merged 1/Datasest Merged 1/pituitary/p (427).jpg,/kaggle/input/datasets/sabersakin/brainmri/Datasest Merged 1/Datasest Merged 1/pituitary/Tr-pi_0364.jpg,0
/kaggle/input/datasets/sabersakin/brainmri/Datasest Merged 1/Datasest Merged 1/pituitary/Tr-pi_0675.jpg,/kaggle/input/datasets/sabersakin/brainmri/Datasest Merged 1/Datasest Merged 1/pituitary/p (750).jpg,0
/kaggle/input/datasets/sabersakin/brainmri/Datasest Merged 1/Datasest Merged 1/pituitary/Tr-pi_0858.jpg,/kaggle/input/datasets/sabersakin/brainmri/Datasest Merged 1/Datasest Merged 1/pituitary/Tr-pi_0842.jpg,4
/kaggle/input/datasets/sabersakin/brainmri/Datasest Merged 1/Datasest Merged 1/pituitary/Tr-pi_0858.jpg,/kaggle/input/datasets/sabersakin/brainmri/Datasest Merged 1/Datasest Merged 1/pituitary/Tr-pi_0837.jpg,2
/kaggle/input/datasets/sabersakin/brainmri/Datasest Merged 1/Datasest Merged 1/meningioma/m1(177).jpg,/kaggle/input/datasets/sabersakin/brainmri/Datasest Merged 1/Datasest Merged 1/meningioma/Te-me_0078.jpg,0
/kaggle/input/datasets/sabersakin/brainmri/Datasest Merged 1/Datasest Merged 1/pituitary/Tr-pi_1388.jpg,/kaggle/input/datasets/sabersakin/brainmri/Datasest Merged 1/Datasest Merged 1/pituitary/Te-pi_0279.jpg,4
/kaggle/input/datasets/sabersakin/brainmri/Datasest Merged 1/Datasest Merged 1/pituitary/Tr-pi_1388.jpg,/kaggle/input/datasets/sabersakin/brainmri/Datasest Merged 1/Datasest Merged 1/pituitary/Tr-pi_1390.jpg,4
/kaggle/input/datasets/sabersakin/brainmri/Datasest Merged 1/Datasest Merged 1/pituitary/Tr-pi_1388.jpg,/kaggle/input/datasets/sabersakin/brainmri/Datasest Merged 1/Datasest Merged 1/pituitary/Tr-pi_1389.jpg,2
/kaggle/input/datasets/sabersakin/brainmri/Datasest Merged 1/Datasest Merged 1/meningioma/m3 (49).jpg,/kaggle/input/datasets/sabersakin/brainmri/Datasest Merged 1/Datasest Merged 1/meningioma/Tr-me_0737.jpg,4
/kaggle/input/datasets/sabersakin/brainmri/Datasest Merged 1/Datasest Merged 1/meningioma/m3 (49).jpg,/kaggle/input/datasets/sabersakin/brainmri/Datasest Merged 1/Datasest Merged 1/meningioma/Tr-me_0735.jpg,0
/kaggle/input/datasets/sabersakin/brainmri/Datasest Merged 1/Datasest Merged 1/glioma/gg (559).jpg,/kaggle/input/datasets/sabersakin/brainmri/Datasest Merged 1/Datasest Merged 1/glioma/Tr-gl_0070.jpg,0
/kaggle/input/datasets/sabersakin/brainmri/Datasest Merged 1/Datasest Merged 1/glioma/1222.jpg,/kaggle/input/datasets/sabersakin/brainmri/Datasest Merged 1/Datasest Merged 1/glioma/1223.jpg,4
/kaggle/input/datasets/sabersakin/brainmri/Datasest Merged 1/Datasest Merged 1/notumor/Tr-no_1498.jpg,/kaggle/input/datasets/sabersakin/brainmri/Datasest Merged 1/Datasest Merged 1/notumor/Te-no_0120.jpg,4
/kaggle/input/datasets/sabersakin/brainmri/Datasest Merged 1/Datasest Merged 1/notumor/Tr-no_1498.jpg,/kaggle/input/datasets/sabersakin/brainmri/Datasest Merged 1/Datasest Merged 1/notumor/Tr-no_1400.jpg,4
/kaggle/input/datasets/sabersakin/brainmri/Datasest Merged 1/Datasest Merged 1/notumor/Tr-no_1498.jpg,/kaggle/input/datasets/sabersakin/brainmri/Datasest Merged 1/Datasest Merged 1/notumor/Tr-no_1292.jpg,2
/kaggle/input/datasets/sabersakin/brainmri/Datasest Merged 1/Datasest Merged 1/notumor/Tr-no_1498.jpg,/kaggle/input/datasets/sabersakin/brainmri/Datasest Merged 1/Datasest Merged 1/notumor/Tr-no_1561.jpg,4
/kaggle/input/datasets/sabersakin/brainmri/Datasest Merged 1/Datasest Merged 1/pituitary/p (377).jpg,/kaggle/input/datasets/sabersakin/brainmri/Datasest Merged 1/Datasest Merged 1/pituitary/p (376).jpg,2
/kaggle/input/datasets/sabersakin/brainmri/Datasest Merged 1/Datasest Merged 1/pituitary/p (377).jpg,/kaggle/input/datasets/sabersakin/brainmri/Datasest Merged 1/Datasest Merged 1/pituitary/Tr-pi_0308.jpg,0
/kaggle/input/datasets/sabersakin/brainmri/Datasest Merged 1/Datasest Merged 1/pituitary/p (377).jpg,/kaggle/input/datasets/sabersakin/brainmri/Datasest Merged 1/Datasest Merged 1/pituitary/p (378).jpg,4
/kaggle/input/datasets/sabersakin/brainmri/Datasest Merged 1/Datasest Merged 1/pituitary/p (377).jpg,/kaggle/input/datasets/sabersakin/brainmri/Datasest Merged 1/Datasest Merged 1/pituitary/Tr-pi_0307.jpg,2
/kaggle/input/datasets/sabersakin/brainmri/Datasest Merged 1/Datasest Merged 1/pituitary/p (377).jpg,/kaggle/input/datasets/sabersakin/brainmri/Datasest Merged 1/Datasest Merged 1/pituitary/Tr-pi_0309.jpg,4
/kaggle/input/datasets/sabersakin/brainmri/Datasest Merged 1/Datasest Merged 1/pituitary/Tr-pi_1273.jpg,/kaggle/input/datasets/sabersakin/brainmri/Datasest Merged 1/Datasest Merged 1/pituitary/Tr-pi_1257.jpg,4
/kaggle/input/datasets/sabersakin/brainmri/Datasest Merged 1/Datasest Merged 1/meningioma/Tr-me_0283.jpg,/kaggle/input/datasets/sabersakin/brainmri/Datasest Merged 1/Datasest Merged 1/meningioma/image(92).jpg,0
/kaggle/input/datasets/sabersakin/brainmri/Datasest Merged 1/Datasest Merged 1/meningioma/Tr-me_0283.jpg,/kaggle/input/datasets/sabersakin/brainmri/Datasest Merged 1/Datasest Merged 1/meningioma/Te-me_0106.jpg,0
/kaggle/input/datasets/sabersakin/brainmri/Datasest Merged 1/Datasest Merged 1/meningioma/Tr-me_0283.jpg,/kaggle/input/datasets/sabersakin/brainmri/Datasest Merged 1/Datasest Merged 1/meningioma/Te-me_0143.jpg,0
/kaggle/input/datasets/sabersakin/brainmri/Datasest Merged 1/Datasest Merged 1/meningioma/Tr-me_0283.jpg,/kaggle/input/datasets/sabersakin/brainmri/Datasest Merged 1/Datasest Merged 1/meningioma/m1(2).jpg,0
/kaggle/input/datasets/sabersakin/brainmri/Datasest Merged 1/Datasest Merged 1/meningioma/Tr-me_0283.jpg,/kaggle/input/datasets/sabersakin/brainmri/Datasest Merged 1/Datasest Merged 1/meningioma/m1(202).jpg,0
/kaggle/input/datasets/sabersakin/brainmri/Datasest Merged 1/Datasest Merged 1/meningioma/516.jpg,/kaggle/input/datasets/sabersakin/brainmri/Datasest Merged 1/Datasest Merged 1/meningioma/515.jpg,0
/kaggle/input/datasets/sabersakin/brainmri/Datasest Merged 1/Datasest Merged 1/meningioma/Tr-me_0766.jpg,/kaggle/input/datasets/sabersakin/brainmri/Datasest Merged 1/Datasest Merged 1/meningioma/m3 (77).jpg,0
/kaggle/input/datasets/sabersakin/brainmri/Datasest Merged 1/Datasest Merged 1/meningioma/m2 (3).jpg,/kaggle/input/datasets/sabersakin/brainmri/Datasest Merged 1/Datasest Merged 1/meningioma/Tr-me_0468.jpg,0
/kaggle/input/datasets/sabersakin/brainmri/Datasest Merged 1/Datasest Merged 1/notumor/Tr-no_1332.jpg,/kaggle/input/datasets/sabersakin/brainmri/Datasest Merged 1/Datasest Merged 1/notumor/Te-no_0270.jpg,0
/kaggle/input/datasets/sabersakin/brainmri/Datasest Merged 1/Datasest Merged 1/notumor/Tr-no_1332.jpg,/kaggle/input/datasets/sabersakin/brainmri/Datasest Merged 1/Datasest Merged 1/notumor/Te-no_0326.jpg,0
/kaggle/input/datasets/sabersakin/brainmri/Datasest Merged 1/Datasest Merged 1/notumor/Tr-no_1332.jpg,/kaggle/input/datasets/sabersakin/brainmri/Datasest Merged 1/Datasest Merged 1/notumor/Tr-no_0665.jpg,0
/kaggle/input/datasets/sabersakin/brainmri/Datasest Merged 1/Datasest Merged 1/meningioma/m1(130).jpg,/kaggle/input/datasets/sabersakin/brainmri/Datasest Merged 1/Datasest Merged 1/meningioma/Te-me_0027.jpg,0
/kaggle/input/datasets/sabersakin/brainmri/Datasest Merged 1/Datasest Merged 1/notumor/Tr-no_0856.jpg,/kaggle/input/datasets/sabersakin/brainmri/Datasest Merged 1/Datasest Merged 1/notumor/Te-no_0155.jpg,0
/kaggle/input/datasets/sabersakin/brainmri/Datasest Merged 1/Datasest Merged 1/notumor/Tr-no_0856.jpg,/kaggle/input/datasets/sabersakin/brainmri/Datasest Merged 1/Datasest Merged 1/notumor/Tr-no_0957.jpg,4
/kaggle/input/datasets/sabersakin/brainmri/Datasest Merged 1/Datasest Merged 1/notumor/Tr-no_0830.jpg,/kaggle/input/datasets/sabersakin/brainmri/Datasest Merged 1/Datasest Merged 1/notumor/Te-no_0120.jpg,4
/kaggle/input/datasets/sabersakin/brainmri/Datasest Merged 1/Datasest Merged 1/notumor/Tr-no_0830.jpg,/kaggle/input/datasets/sabersakin/brainmri/Datasest Merged 1/Datasest Merged 1/notumor/Tr-no_1400.jpg,4
/kaggle/input/datasets/sabersakin/brainmri/Datasest Merged 1/Datasest Merged 1/notumor/Tr-no_0830.jpg,/kaggle/input/datasets/sabersakin/brainmri/Datasest Merged 1/Datasest Merged 1/notumor/Tr-no_0924.jpg,4
/kaggle/input/datasets/sabersakin/brainmri/Datasest Merged 1/Datasest Merged 1/notumor/Tr-no_0830.jpg,/kaggle/input/datasets/sabersakin/brainmri/Datasest Merged 1/Datasest Merged 1/notumor/Tr-no_1561.jpg,4
/kaggle/input/datasets/sabersakin/brainmri/Datasest Merged 1/Datasest Merged 1/glioma/Tr-gl_1018.jpg,/kaggle/input/datasets/sabersakin/brainmri/Datasest Merged 1/Datasest Merged 1/glioma/Tr-gl_1019.jpg,2
/kaggle/input/datasets/sabersakin/brainmri/Datasest Merged 1/Datasest Merged 1/notumor/image(41).jpg,/kaggle/input/datasets/sabersakin/brainmri/Datasest Merged 1/Datasest Merged 1/notumor/Tr-no_1096.jpg,0
/kaggle/input/datasets/sabersakin/brainmri/Datasest Merged 1/Datasest Merged 1/notumor/image(41).jpg,/kaggle/input/datasets/sabersakin/brainmri/Datasest Merged 1/Datasest Merged 1/notumor/Tr-no_0135.jpg,0
/kaggle/input/datasets/sabersakin/brainmri/Datasest Merged 1/Datasest Merged 1/notumor/image(41).jpg,/kaggle/input/datasets/sabersakin/brainmri/Datasest Merged 1/Datasest Merged 1/notumor/image(353).jpg,0
/kaggle/input/datasets/sabersakin/brainmri/Datasest Merged 1/Datasest Merged 1/notumor/image(41).jpg,/kaggle/input/datasets/sabersakin/brainmri/Datasest Merged 1/Datasest Merged 1/notumor/image(52).jpg,0
/kaggle/input/datasets/sabersakin/brainmri/Datasest Merged 1/Datasest Merged 1/notumor/image(41).jpg,/kaggle/input/datasets/sabersakin/brainmri/Datasest Merged 1/Datasest Merged 1/notumor/Tr-no_0257.jpg,0
/kaggle/input/datasets/sabersakin/brainmri/Datasest Merged 1/Datasest Merged 1/notumor/image(41).jpg,/kaggle/input/datasets/sabersakin/brainmri/Datasest Merged 1/Datasest Merged 1/notumor/Te-no_0040.jpg,0
/kaggle/input/datasets/sabersakin/brainmri/Datasest Merged 1/Datasest Merged 1/notumor/image(41).jpg,/kaggle/input/datasets/sabersakin/brainmri/Datasest Merged 1/Datasest Merged 1/notumor/Te-no_0052.jpg,0
/kaggle/input/datasets/sabersakin/brainmri/Datasest Merged 1/Datasest Merged 1/meningioma/Tr-me_0699.jpg,/kaggle/input/datasets/sabersakin/brainmri/Datasest Merged 1/Datasest Merged 1/meningioma/m3 (239).jpg,0
/kaggle/input/datasets/sabersakin/brainmri/Datasest Merged 1/Datasest Merged 1/meningioma/Tr-me_0071.jpg,/kaggle/input/datasets/sabersakin/brainmri/Datasest Merged 1/Datasest Merged 1/meningioma/m (181).jpg,2
/kaggle/input/datasets/sabersakin/brainmri/Datasest Merged 1/Datasest Merged 1/meningioma/Tr-me_0071.jpg,/kaggle/input/datasets/sabersakin/brainmri/Datasest Merged 1/Datasest Merged 1/meningioma/m (183).jpg,0
/kaggle/input/datasets/sabersakin/brainmri/Datasest Merged 1/Datasest Merged 1/meningioma/Tr-me_0071.jpg,/kaggle/input/datasets/sabersakin/brainmri/Datasest Merged 1/Datasest Merged 1/meningioma/Te-me_0135.jpg,0
/kaggle/input/datasets/sabersakin/brainmri/Datasest Merged 1/Datasest Merged 1/meningioma/Tr-me_0071.jpg,/kaggle/input/datasets/sabersakin/brainmri/Datasest Merged 1/Datasest Merged 1/meningioma/m (182).jpg,0
/kaggle/input/datasets/sabersakin/brainmri/Datasest Merged 1/Datasest Merged 1/meningioma/m (150).jpg,/kaggle/input/datasets/sabersakin/brainmri/Datasest Merged 1/Datasest Merged 1/notumor/image(389).jpg,4
/kaggle/input/datasets/sabersakin/brainmri/Datasest Merged 1/Datasest Merged 1/meningioma/m (150).jpg,/kaggle/input/datasets/sabersakin/brainmri/Datasest Merged 1/Datasest Merged 1/notumor/Te-no_0091.jpg,4
/kaggle/input/datasets/sabersakin/brainmri/Datasest Merged 1/Datasest Merged 1/meningioma/m (150).jpg,/kaggle/input/datasets/sabersakin/brainmri/Datasest Merged 1/Datasest Merged 1/notumor/Tr-no_0355.jpg,4
/kaggle/input/datasets/sabersakin/brainmri/Datasest Merged 1/Datasest Merged 1/meningioma/m (150).jpg,/kaggle/input/datasets/sabersakin/brainmri/Datasest Merged 1/Datasest Merged 1/meningioma/m (149).jpg,2
/kaggle/input/datasets/sabersakin/brainmri/Datasest Merged 1/Datasest Merged 1/meningioma/m (150).jpg,/kaggle/input/datasets/sabersakin/brainmri/Datasest Merged 1/Datasest Merged 1/meningioma/Te-me_0127.jpg,0
/kaggle/input/datasets/sabersakin/brainmri/Datasest Merged 1/Datasest Merged 1/meningioma/m (150).jpg,/kaggle/input/datasets/sabersakin/brainmri/Datasest Merged 1/Datasest Merged 1/notumor/image(88).jpg,4
/kaggle/input/datasets/sabersakin/brainmri/Datasest Merged 1/Datasest Merged 1/meningioma/m (150).jpg,/kaggle/input/datasets/sabersakin/brainmri/Datasest Merged 1/Datasest Merged 1/meningioma/m (151).jpg,2
/kaggle/input/datasets/sabersakin/brainmri/Datasest Merged 1/Datasest Merged 1/meningioma/m (150).jpg,/kaggle/input/datasets/sabersakin/brainmri/Datasest Merged 1/Datasest Merged 1/meningioma/Tr-me_1263.jpg,4
/kaggle/input/datasets/sabersakin/brainmri/Datasest Merged 1/Datasest Merged 1/notumor/Tr-no_0402.jpg,/kaggle/input/datasets/sabersakin/brainmri/Datasest Merged 1/Datasest Merged 1/notumor/Tr-no_1544.jpg,2
/kaggle/input/datasets/sabersakin/brainmri/Datasest Merged 1/Datasest Merged 1/notumor/Tr-no_0402.jpg,/kaggle/input/datasets/sabersakin/brainmri/Datasest Merged 1/Datasest Merged 1/notumor/Te-no_0189.jpg,2
/kaggle/input/datasets/sabersakin/brainmri/Datasest Merged 1/Datasest Merged 1/notumor/Tr-no_0402.jpg,/kaggle/input/datasets/sabersakin/brainmri/Datasest Merged 1/Datasest Merged 1/notumor/Tr-no_0719.jpg,2
/kaggle/input/datasets/sabersakin/brainmri/Datasest Merged 1/Datasest Merged 1/notumor/Te-no_0312.jpg,/kaggle/input/datasets/sabersakin/brainmri/Datasest Merged 1/Datasest Merged 1/notumor/Tr-no_1467.jpg,0
/kaggle/input/datasets/sabersakin/brainmri/Datasest Merged 1/Datasest Merged 1/notumor/Te-no_0312.jpg,/kaggle/input/datasets/sabersakin/brainmri/Datasest Merged 1/Datasest Merged 1/notumor/Te-no_0181.jpg,4
/kaggle/input/datasets/sabersakin/brainmri/Datasest Merged 1/Datasest Merged 1/notumor/Te-no_0312.jpg,/kaggle/input/datasets/sabersakin/brainmri/Datasest Merged 1/Datasest Merged 1/notumor/Te-no_0184.jpg,0
/kaggle/input/datasets/sabersakin/brainmri/Datasest Merged 1/Datasest Merged 1/pituitary/Tr-pi_1194.jpg,/kaggle/input/datasets/sabersakin/brainmri/Datasest Merged 1/Datasest Merged 1/pituitary/Tr-pi_1193.jpg,4
/kaggle/input/datasets/sabersakin/brainmri/Datasest Merged 1/Datasest Merged 1/meningioma/Tr-me_0123.jpg,/kaggle/input/datasets/sabersakin/brainmri/Datasest Merged 1/Datasest Merged 1/meningioma/m (52).jpg,0
/kaggle/input/datasets/sabersakin/brainmri/Datasest Merged 1/Datasest Merged 1/pituitary/p (594).jpg,/kaggle/input/datasets/sabersakin/brainmri/Datasest Merged 1/Datasest Merged 1/pituitary/Te-piTr_0008.jpg,4
/kaggle/input/datasets/sabersakin/brainmri/Datasest Merged 1/Datasest Merged 1/pituitary/p (594).jpg,/kaggle/input/datasets/sabersakin/brainmri/Datasest Merged 1/Datasest Merged 1/pituitary/Tr-pi_0539.jpg,4
/kaggle/input/datasets/sabersakin/brainmri/Datasest Merged 1/Datasest Merged 1/pituitary/p (594).jpg,/kaggle/input/datasets/sabersakin/brainmri/Datasest Merged 1/Datasest Merged 1/pituitary/p (593).jpg,4
/kaggle/input/datasets/sabersakin/brainmri/Datasest Merged 1/Datasest Merged 1/pituitary/p (594).jpg,/kaggle/input/datasets/sabersakin/brainmri/Datasest Merged 1/Datasest Merged 1/pituitary/Tr-pi_0540.jpg,0
/kaggle/input/datasets/sabersakin/brainmri/Datasest Merged 1/Datasest Merged 1/meningioma/m (98).jpg,/kaggle/input/datasets/sabersakin/brainmri/Datasest Merged 1/Datasest Merged 1/meningioma/Tr-me_0173.jpg,0
/kaggle/input/datasets/sabersakin/brainmri/Datasest Merged 1/Datasest Merged 1/glioma/gg (575).jpg,/kaggle/input/datasets/sabersakin/brainmri/Datasest Merged 1/Datasest Merged 1/glioma/Tr-gl_0073.jpg,0
/kaggle/input/datasets/sabersakin/brainmri/Datasest Merged 1/Datasest Merged 1/meningioma/m1(6).jpg,/kaggle/input/datasets/sabersakin/brainmri/Datasest Merged 1/Datasest Merged 1/meningioma/Te-me_0145.jpg,0
/kaggle/input/datasets/sabersakin/brainmri/Datasest Merged 1/Datasest Merged 1/meningioma/m1(6).jpg,/kaggle/input/datasets/sabersakin/brainmri/Datasest Merged 1/Datasest Merged 1/meningioma/Te-me_0110.jpg,0
/kaggle/input/datasets/sabersakin/brainmri/Datasest Merged 1/Datasest Merged 1/meningioma/m1(6).jpg,/kaggle/input/datasets/sabersakin/brainmri/Datasest Merged 1/Datasest Merged 1/meningioma/image(96).jpg,0
/kaggle/input/datasets/sabersakin/brainmri/Datasest Merged 1/Datasest Merged 1/meningioma/Te-me_0115.jpg,/kaggle/input/datasets/sabersakin/brainmri/Datasest Merged 1/Datasest Merged 1/meningioma/m (102).jpg,0
/kaggle/input/datasets/sabersakin/brainmri/Datasest Merged 1/Datasest Merged 1/notumor/Te-no_0330.jpg,/kaggle/input/datasets/sabersakin/brainmri/Datasest Merged 1/Datasest Merged 1/notumor/Tr-no_1272.jpg,4
/kaggle/input/datasets/sabersakin/brainmri/Datasest Merged 1/Datasest Merged 1/notumor/Te-no_0330.jpg,/kaggle/input/datasets/sabersakin/brainmri/Datasest Merged 1/Datasest Merged 1/notumor/Te-no_0372.jpg,4
/kaggle/input/datasets/sabersakin/brainmri/Datasest Merged 1/Datasest Merged 1/notumor/Te-no_0330.jpg,/kaggle/input/datasets/sabersakin/brainmri/Datasest Merged 1/Datasest Merged 1/notumor/Tr-no_1590.jpg,0
/kaggle/input/datasets/sabersakin/brainmri/Datasest Merged 1/Datasest Merged 1/pituitary/p (592).jpg,/kaggle/input/datasets/sabersakin/brainmri/Datasest Merged 1/Datasest Merged 1/pituitary/Te-piTr_0008.jpg,4
/kaggle/input/datasets/sabersakin/brainmri/Datasest Merged 1/Datasest Merged 1/pituitary/p (592).jpg,/kaggle/input/datasets/sabersakin/brainmri/Datasest Merged 1/Datasest Merged 1/pituitary/Tr-pi_0539.jpg,0
/kaggle/input/datasets/sabersakin/brainmri/Datasest Merged 1/Datasest Merged 1/pituitary/p (592).jpg,/kaggle/input/datasets/sabersakin/brainmri/Datasest Merged 1/Datasest Merged 1/pituitary/p (593).jpg,4
/kaggle/input/datasets/sabersakin/brainmri/Datasest Merged 1/Datasest Merged 1/pituitary/p (592).jpg,/kaggle/input/datasets/sabersakin/brainmri/Datasest Merged 1/Datasest Merged 1/pituitary/Tr-pi_0540.jpg,4
/kaggle/input/datasets/sabersakin/brainmri/Datasest Merged 1/Datasest Merged 1/notumor/Tr-no_1307.jpg,/kaggle/input/datasets/sabersakin/brainmri/Datasest Merged 1/Datasest Merged 1/notumor/Tr-no_1509.jpg,4
/kaggle/input/datasets/sabersakin/brainmri/Datasest Merged 1/Datasest Merged 1/notumor/Tr-no_1307.jpg,/kaggle/input/datasets/sabersakin/brainmri/Datasest Merged 1/Datasest Merged 1/notumor/Tr-no_0631.jpg,4
/kaggle/input/datasets/sabersakin/brainmri/Datasest Merged 1/Datasest Merged 1/notumor/Tr-no_1307.jpg,/kaggle/input/datasets/sabersakin/brainmri/Datasest Merged 1/Datasest Merged 1/notumor/Tr-no_1589.jpg,4
/kaggle/input/datasets/sabersakin/brainmri/Datasest Merged 1/Datasest Merged 1/notumor/Tr-no_1307.jpg,/kaggle/input/datasets/sabersakin/brainmri/Datasest Merged 1/Datasest Merged 1/notumor/Te-no_0265.jpg,2
/kaggle/input/datasets/sabersakin/brainmri/Datasest Merged 1/Datasest Merged 1/notumor/Tr-no_1307.jpg,/kaggle/input/datasets/sabersakin/brainmri/Datasest Merged 1/Datasest Merged 1/notumor/Tr-no_1365.jpg,4
/kaggle/input/datasets/sabersakin/brainmri/Datasest Merged 1/Datasest Merged 1/notumor/Tr-no_1307.jpg,/kaggle/input/datasets/sabersakin/brainmri/Datasest Merged 1/Datasest Merged 1/notumor/Tr-no_1269.jpg,4
/kaggle/input/datasets/sabersakin/brainmri/Datasest Merged 1/Datasest Merged 1/notumor/Tr-no_0238.jpg,/kaggle/input/datasets/sabersakin/brainmri/Datasest Merged 1/Datasest Merged 1/notumor/Tr-no_1146.jpg,0
/kaggle/input/datasets/sabersakin/brainmri/Datasest Merged 1/Datasest Merged 1/notumor/Tr-no_0238.jpg,/kaggle/input/datasets/sabersakin/brainmri/Datasest Merged 1/Datasest Merged 1/notumor/Tr-no_1168.jpg,0
/kaggle/input/datasets/sabersakin/brainmri/Datasest Merged 1/Datasest Merged 1/notumor/Tr-no_0238.jpg,/kaggle/input/datasets/sabersakin/brainmri/Datasest Merged 1/Datasest Merged 1/notumor/image(252).jpg,0
/kaggle/input/datasets/sabersakin/brainmri/Datasest Merged 1/Datasest Merged 1/notumor/Tr-no_0238.jpg,/kaggle/input/datasets/sabersakin/brainmri/Datasest Merged 1/Datasest Merged 1/notumor/image(279).jpg,0
/kaggle/input/datasets/sabersakin/brainmri/Datasest Merged 1/Datasest Merged 1/pituitary/Tr-pi_0502.jpg,/kaggle/input/datasets/sabersakin/brainmri/Datasest Merged 1/Datasest Merged 1/pituitary/p (551).jpg,0
/kaggle/input/datasets/sabersakin/brainmri/Datasest Merged 1/Datasest Merged 1/meningioma/m2 (156).jpg,/kaggle/input/datasets/sabersakin/brainmri/Datasest Merged 1/Datasest Merged 1/meningioma/Tr-me_0430.jpg,4
/kaggle/input/datasets/sabersakin/brainmri/Datasest Merged 1/Datasest Merged 1/meningioma/m2 (156).jpg,/kaggle/input/datasets/sabersakin/brainmri/Datasest Merged 1/Datasest Merged 1/meningioma/Tr-me_0431.jpg,0
/kaggle/input/datasets/sabersakin/brainmri/Datasest Merged 1/Datasest Merged 1/meningioma/m2 (156).jpg,/kaggle/input/datasets/sabersakin/brainmri/Datasest Merged 1/Datasest Merged 1/meningioma/m2 (155).jpg,4
/kaggle/input/datasets/sabersakin/brainmri/Datasest Merged 1/Datasest Merged 1/pituitary/Tr-pi_0022.jpg,/kaggle/input/datasets/sabersakin/brainmri/Datasest Merged 1/Datasest Merged 1/pituitary/p (119).jpg,0
/kaggle/input/datasets/sabersakin/brainmri/Datasest Merged 1/Datasest Merged 1/pituitary/Tr-pi_0022.jpg,/kaggle/input/datasets/sabersakin/brainmri/Datasest Merged 1/Datasest Merged 1/pituitary/Tr-pi_0024.jpg,4
/kaggle/input/datasets/sabersakin/brainmri/Datasest Merged 1/Datasest Merged 1/glioma/2132.jpg,/kaggle/input/datasets/sabersakin/brainmri/Datasest Merged 1/Datasest Merged 1/glioma/2133.jpg,2
/kaggle/input/datasets/sabersakin/brainmri/Datasest Merged 1/Datasest Merged 1/notumor/Tr-no_0199.jpg,/kaggle/input/datasets/sabersakin/brainmri/Datasest Merged 1/Datasest Merged 1/notumor/Tr-no_0149.jpg,0
/kaggle/input/datasets/sabersakin/brainmri/Datasest Merged 1/Datasest Merged 1/notumor/Tr-no_0199.jpg,/kaggle/input/datasets/sabersakin/brainmri/Datasest Merged 1/Datasest Merged 1/notumor/Te-no_0164.jpg,2
/kaggle/input/datasets/sabersakin/brainmri/Datasest Merged 1/Datasest Merged 1/notumor/Tr-no_0199.jpg,/kaggle/input/datasets/sabersakin/brainmri/Datasest Merged 1/Datasest Merged 1/notumor/image(217).jpg,0
/kaggle/input/datasets/sabersakin/brainmri/Datasest Merged 1/Datasest Merged 1/notumor/Tr-no_0199.jpg,/kaggle/input/datasets/sabersakin/brainmri/Datasest Merged 1/Datasest Merged 1/notumor/Tr-no_1497.jpg,4
/kaggle/input/datasets/sabersakin/brainmri/Datasest Merged 1/Datasest Merged 1/notumor/Tr-no_0199.jpg,/kaggle/input/datasets/sabersakin/brainmri/Datasest Merged 1/Datasest Merged 1/notumor/Tr-no_1238.jpg,2
/kaggle/input/datasets/sabersakin/brainmri/Datasest Merged 1/Datasest Merged 1/notumor/Tr-no_0199.jpg,/kaggle/input/datasets/sabersakin/brainmri/Datasest Merged 1/Datasest Merged 1/notumor/Tr-no_0988.jpg,0
/kaggle/input/datasets/sabersakin/brainmri/Datasest Merged 1/Datasest Merged 1/notumor/Tr-no_0199.jpg,/kaggle/input/datasets/sabersakin/brainmri/Datasest Merged 1/Datasest Merged 1/notumor/Tr-no_1000.jpg,0
/kaggle/input/datasets/sabersakin/brainmri/Datasest Merged 1/Datasest Merged 1/notumor/Tr-no_0199.jpg,/kaggle/input/datasets/sabersakin/brainmri/Datasest Merged 1/Datasest Merged 1/notumor/Te-no_0276.jpg,2
/kaggle/input/datasets/sabersakin/brainmri/Datasest Merged 1/Datasest Merged 1/notumor/Tr-no_0199.jpg,/kaggle/input/datasets/sabersakin/brainmri/Datasest Merged 1/Datasest Merged 1/notumor/Tr-no_1046.jpg,0
/kaggle/input/datasets/sabersakin/brainmri/Datasest Merged 1/Datasest Merged 1/notumor/Tr-no_0199.jpg,/kaggle/input/datasets/sabersakin/brainmri/Datasest Merged 1/Datasest Merged 1/notumor/Tr-no_0564.jpg,0
/kaggle/input/datasets/sabersakin/brainmri/Datasest Merged 1/Datasest Merged 1/notumor/Tr-no_0199.jpg,/kaggle/input/datasets/sabersakin/brainmri/Datasest Merged 1/Datasest Merged 1/notumor/image(166).jpg,0
/kaggle/input/datasets/sabersakin/brainmri/Datasest Merged 1/Datasest Merged 1/notumor/Tr-no_0199.jpg,/kaggle/input/datasets/sabersakin/brainmri/Datasest Merged 1/Datasest Merged 1/notumor/Tr-no_0785.jpg,2
/kaggle/input/datasets/sabersakin/brainmri/Datasest Merged 1/Datasest Merged 1/notumor/Tr-no_0199.jpg,/kaggle/input/datasets/sabersakin/brainmri/Datasest Merged 1/Datasest Merged 1/notumor/Tr-no_0733.jpg,4
/kaggle/input/datasets/sabersakin/brainmri/Datasest Merged 1/Datasest Merged 1/notumor/Tr-no_0199.jpg,/kaggle/input/datasets/sabersakin/brainmri/Datasest Merged 1/Datasest Merged 1/notumor/image(167).jpg,0
/kaggle/input/datasets/sabersakin/brainmri/Datasest Merged 1/Datasest Merged 1/notumor/Tr-no_0199.jpg,/kaggle/input/datasets/sabersakin/brainmri/Datasest Merged 1/Datasest Merged 1/notumor/Te-no_0310.jpg,0
/kaggle/input/datasets/sabersakin/brainmri/Datasest Merged 1/Datasest Merged 1/notumor/Tr-no_0199.jpg,/kaggle/input/datasets/sabersakin/brainmri/Datasest Merged 1/Datasest Merged 1/notumor/Tr-no_1239.jpg,2
/kaggle/input/datasets/sabersakin/brainmri/Datasest Merged 1/Datasest Merged 1/notumor/Tr-no_0199.jpg,/kaggle/input/datasets/sabersakin/brainmri/Datasest Merged 1/Datasest Merged 1/notumor/image(172).jpg,0
/kaggle/input/datasets/sabersakin/brainmri/Datasest Merged 1/Datasest Merged 1/notumor/Tr-no_0199.jpg,/kaggle/input/datasets/sabersakin/brainmri/Datasest Merged 1/Datasest Merged 1/notumor/Tr-no_1483.jpg,2
/kaggle/input/datasets/sabersakin/brainmri/Datasest Merged 1/Datasest Merged 1/notumor/Tr-no_0199.jpg,/kaggle/input/datasets/sabersakin/brainmri/Datasest Merged 1/Datasest Merged 1/notumor/Tr-no_0712.jpg,0
/kaggle/input/datasets/sabersakin/brainmri/Datasest Merged 1/Datasest Merged 1/notumor/Tr-no_0199.jpg,/kaggle/input/datasets/sabersakin/brainmri/Datasest Merged 1/Datasest Merged 1/notumor/Te-no_0274.jpg,2
/kaggle/input/datasets/sabersakin/brainmri/Datasest Merged 1/Datasest Merged 1/notumor/Tr-no_0199.jpg,/kaggle/input/datasets/sabersakin/brainmri/Datasest Merged 1/Datasest Merged 1/notumor/Tr-no_0142.jpg,0
/kaggle/input/datasets/sabersakin/brainmri/Datasest Merged 1/Datasest Merged 1/notumor/Tr-no_0199.jpg,/kaggle/input/datasets/sabersakin/brainmri/Datasest Merged 1/Datasest Merged 1/notumor/Tr-no_0143.jpg,0
/kaggle/input/datasets/sabersakin/brainmri/Datasest Merged 1/Datasest Merged 1/meningioma/Te-me_0057.jpg,/kaggle/input/datasets/sabersakin/brainmri/Datasest Merged 1/Datasest Merged 1/meningioma/m1(158).jpg,0
/kaggle/input/datasets/sabersakin/brainmri/Datasest Merged 1/Datasest Merged 1/meningioma/Te-me_0057.jpg,/kaggle/input/datasets/sabersakin/brainmri/Datasest Merged 1/Datasest Merged 1/meningioma/Tr-me_0236.jpg,0
/kaggle/input/datasets/sabersakin/brainmri/Datasest Merged 1/Datasest Merged 1/glioma/1833.jpg,/kaggle/input/datasets/sabersakin/brainmri/Datasest Merged 1/Datasest Merged 1/glioma/1830.jpg,4
/kaggle/input/datasets/sabersakin/brainmri/Datasest Merged 1/Datasest Merged 1/glioma/image(99).jpg,/kaggle/input/datasets/sabersakin/brainmri/Datasest Merged 1/Datasest Merged 1/glioma/image(98).jpg,0
/kaggle/input/datasets/sabersakin/brainmri/Datasest Merged 1/Datasest Merged 1/glioma/image(99).jpg,/kaggle/input/datasets/sabersakin/brainmri/Datasest Merged 1/Datasest Merged 1/glioma/image(52).jpg,0
/kaggle/input/datasets/sabersakin/brainmri/Datasest Merged 1/Datasest Merged 1/meningioma/m2 (47).jpg,/kaggle/input/datasets/sabersakin/brainmri/Datasest Merged 1/Datasest Merged 1/meningioma/Tr-me_0487.jpg,0
/kaggle/input/datasets/sabersakin/brainmri/Datasest Merged 1/Datasest Merged 1/notumor/Tr-no_0539.jpg,/kaggle/input/datasets/sabersakin/brainmri/Datasest Merged 1/Datasest Merged 1/notumor/Te-no_0313.jpg,2
/kaggle/input/datasets/sabersakin/brainmri/Datasest Merged 1/Datasest Merged 1/notumor/Tr-no_0539.jpg,/kaggle/input/datasets/sabersakin/brainmri/Datasest Merged 1/Datasest Merged 1/notumor/Tr-no_0485.jpg,0
/kaggle/input/datasets/sabersakin/brainmri/Datasest Merged 1/Datasest Merged 1/notumor/Tr-no_0539.jpg,/kaggle/input/datasets/sabersakin/brainmri/Datasest Merged 1/Datasest Merged 1/notumor/Tr-no_1557.jpg,2
/kaggle/input/datasets/sabersakin/brainmri/Datasest Merged 1/Datasest Merged 1/notumor/Tr-no_0539.jpg,/kaggle/input/datasets/sabersakin/brainmri/Datasest Merged 1/Datasest Merged 1/notumor/Tr-no_0519.jpg,2
/kaggle/input/datasets/sabersakin/brainmri/Datasest Merged 1/Datasest Merged 1/notumor/Tr-no_0493.jpg,/kaggle/input/datasets/sabersakin/brainmri/Datasest Merged 1/Datasest Merged 1/notumor/Tr-no_1251.jpg,0
/kaggle/input/datasets/sabersakin/brainmri/Datasest Merged 1/Datasest Merged 1/notumor/Tr-no_0493.jpg,/kaggle/input/datasets/sabersakin/brainmri/Datasest Merged 1/Datasest Merged 1/notumor/Tr-no_0280.jpg,0
/kaggle/input/datasets/sabersakin/brainmri/Datasest Merged 1/Datasest Merged 1/notumor/Tr-no_0493.jpg,/kaggle/input/datasets/sabersakin/brainmri/Datasest Merged 1/Datasest Merged 1/notumor/Tr-no_1155.jpg,0
/kaggle/input/datasets/sabersakin/brainmri/Datasest Merged 1/Datasest Merged 1/notumor/Tr-no_0493.jpg,/kaggle/input/datasets/sabersakin/brainmri/Datasest Merged 1/Datasest Merged 1/notumor/Te-no_0296.jpg,0
/kaggle/input/datasets/sabersakin/brainmri/Datasest Merged 1/Datasest Merged 1/notumor/Tr-no_0493.jpg,/kaggle/input/datasets/sabersakin/brainmri/Datasest Merged 1/Datasest Merged 1/notumor/Tr-no_0943.jpg,0
/kaggle/input/datasets/sabersakin/brainmri/Datasest Merged 1/Datasest Merged 1/notumor/Tr-no_0493.jpg,/kaggle/input/datasets/sabersakin/brainmri/Datasest Merged 1/Datasest Merged 1/notumor/Te-no_0218.jpg,2
/kaggle/input/datasets/sabersakin/brainmri/Datasest Merged 1/Datasest Merged 1/notumor/Tr-no_0493.jpg,/kaggle/input/datasets/sabersakin/brainmri/Datasest Merged 1/Datasest Merged 1/notumor/image(290).jpg,0
/kaggle/input/datasets/sabersakin/brainmri/Datasest Merged 1/Datasest Merged 1/glioma/Tr-gl_0251.jpg,/kaggle/input/datasets/sabersakin/brainmri/Datasest Merged 1/Datasest Merged 1/glioma/Tr-gl_0250.jpg,4
/kaggle/input/datasets/sabersakin/brainmri/Datasest Merged 1/Datasest Merged 1/glioma/Tr-gl_0251.jpg,/kaggle/input/datasets/sabersakin/brainmri/Datasest Merged 1/Datasest Merged 1/glioma/Tr-gl_0252.jpg,4
/kaggle/input/datasets/sabersakin/brainmri/Datasest Merged 1/Datasest Merged 1/meningioma/Tr-me_1262.jpg,/kaggle/input/datasets/sabersakin/brainmri/Datasest Merged 1/Datasest Merged 1/meningioma/Te-me_0295.jpg,4
/kaggle/input/datasets/sabersakin/brainmri/Datasest Merged 1/Datasest Merged 1/pituitary/p (386).jpg,/kaggle/input/datasets/sabersakin/brainmri/Datasest Merged 1/Datasest Merged 1/pituitary/Tr-pi_0318.jpg,0
/kaggle/input/datasets/sabersakin/brainmri/Datasest Merged 1/Datasest Merged 1/pituitary/Tr-pi_0485.jpg,/kaggle/input/datasets/sabersakin/brainmri/Datasest Merged 1/Datasest Merged 1/pituitary/p (536).jpg,0
/kaggle/input/datasets/sabersakin/brainmri/Datasest Merged 1/Datasest Merged 1/meningioma/Tr-me_0179.jpg,/kaggle/input/datasets/sabersakin/brainmri/Datasest Merged 1/Datasest Merged 1/meningioma/image(83).jpg,0
/kaggle/input/datasets/sabersakin/brainmri/Datasest Merged 1/Datasest Merged 1/meningioma/Tr-me_0179.jpg,/kaggle/input/datasets/sabersakin/brainmri/Datasest Merged 1/Datasest Merged 1/meningioma/m1(193).jpg,0
/kaggle/input/datasets/sabersakin/brainmri/Datasest Merged 1/Datasest Merged 1/meningioma/Tr-me_0179.jpg,/kaggle/input/datasets/sabersakin/brainmri/Datasest Merged 1/Datasest Merged 1/meningioma/Tr-me_0273.jpg,0
/kaggle/input/datasets/sabersakin/brainmri/Datasest Merged 1/Datasest Merged 1/meningioma/Tr-me_0179.jpg,/kaggle/input/datasets/sabersakin/brainmri/Datasest Merged 1/Datasest Merged 1/meningioma/m1(104).jpg,0
/kaggle/input/datasets/sabersakin/brainmri/Datasest Merged 1/Datasest Merged 1/meningioma/Tr-me_0179.jpg,/kaggle/input/datasets/sabersakin/brainmri/Datasest Merged 1/Datasest Merged 1/meningioma/Te-me_0096.jpg,0
/kaggle/input/datasets/sabersakin/brainmri/Datasest Merged 1/Datasest Merged 1/notumor/Tr-no_0447.jpg,/kaggle/input/datasets/sabersakin/brainmri/Datasest Merged 1/Datasest Merged 1/notumor/Tr-no_1333.jpg,2
/kaggle/input/datasets/sabersakin/brainmri/Datasest Merged 1/Datasest Merged 1/notumor/Tr-no_0447.jpg,/kaggle/input/datasets/sabersakin/brainmri/Datasest Merged 1/Datasest Merged 1/notumor/Tr-no_0857.jpg,2
/kaggle/input/datasets/sabersakin/brainmri/Datasest Merged 1/Datasest Merged 1/notumor/Tr-no_0447.jpg,/kaggle/input/datasets/sabersakin/brainmri/Datasest Merged 1/Datasest Merged 1/notumor/Tr-no_0958.jpg,2
/kaggle/input/datasets/sabersakin/brainmri/Datasest Merged 1/Datasest Merged 1/meningioma/Tr-me_0420.jpg,/kaggle/input/datasets/sabersakin/brainmri/Datasest Merged 1/Datasest Merged 1/meningioma/m2 (146).jpg,0
/kaggle/input/datasets/sabersakin/brainmri/Datasest Merged 1/Datasest Merged 1/meningioma/Tr-me_0229.jpg,/kaggle/input/datasets/sabersakin/brainmri/Datasest Merged 1/Datasest Merged 1/meningioma/m1(151).jpg,0
/kaggle/input/datasets/sabersakin/brainmri/Datasest Merged 1/Datasest Merged 1/notumor/Tr-no_0161.jpg,/kaggle/input/datasets/sabersakin/brainmri/Datasest Merged 1/Datasest Merged 1/notumor/image(183).jpg,0
/kaggle/input/datasets/sabersakin/brainmri/Datasest Merged 1/Datasest Merged 1/notumor/Tr-no_0161.jpg,/kaggle/input/datasets/sabersakin/brainmri/Datasest Merged 1/Datasest Merged 1/notumor/Tr-no_1116.jpg,0
/kaggle/input/datasets/sabersakin/brainmri/Datasest Merged 1/Datasest Merged 1/meningioma/Te-me_0144.jpg,/kaggle/input/datasets/sabersakin/brainmri/Datasest Merged 1/Datasest Merged 1/meningioma/m1(22).jpg,0
/kaggle/input/datasets/sabersakin/brainmri/Datasest Merged 1/Datasest Merged 1/meningioma/Te-me_0144.jpg,/kaggle/input/datasets/sabersakin/brainmri/Datasest Merged 1/Datasest Merged 1/meningioma/m1(23).jpg,4
/kaggle/input/datasets/sabersakin/brainmri/Datasest Merged 1/Datasest Merged 1/meningioma/Te-me_0144.jpg,/kaggle/input/datasets/sabersakin/brainmri/Datasest Merged 1/Datasest Merged 1/meningioma/Tr-me_0285.jpg,4
/kaggle/input/datasets/sabersakin/brainmri/Datasest Merged 1/Datasest Merged 1/pituitary/p (609).jpg,/kaggle/input/datasets/sabersakin/brainmri/Datasest Merged 1/Datasest Merged 1/pituitary/Te-pi_0012.jpg,0
/kaggle/input/datasets/sabersakin/brainmri/Datasest Merged 1/Datasest Merged 1/pituitary/image(52).jpg,/kaggle/input/datasets/sabersakin/brainmri/Datasest Merged 1/Datasest Merged 1/pituitary/image(38).jpg,0
/kaggle/input/datasets/sabersakin/brainmri/Datasest Merged 1/Datasest Merged 1/notumor/image(364).jpg,/kaggle/input/datasets/sabersakin/brainmri/Datasest Merged 1/Datasest Merged 1/notumor/Tr-no_0113.jpg,4
/kaggle/input/datasets/sabersakin/brainmri/Datasest Merged 1/Datasest Merged 1/notumor/image(364).jpg,/kaggle/input/datasets/sabersakin/brainmri/Datasest Merged 1/Datasest Merged 1/notumor/Te-no_0037.jpg,4
/kaggle/input/datasets/sabersakin/brainmri/Datasest Merged 1/Datasest Merged 1/notumor/image(364).jpg,/kaggle/input/datasets/sabersakin/brainmri/Datasest Merged 1/Datasest Merged 1/notumor/image(39).jpg,4
/kaggle/input/datasets/sabersakin/brainmri/Datasest Merged 1/Datasest Merged 1/notumor/image(364).jpg,/kaggle/input/datasets/sabersakin/brainmri/Datasest Merged 1/Datasest Merged 1/notumor/Tr-no_0967.jpg,4
/kaggle/input/datasets/sabersakin/brainmri/Datasest Merged 1/Datasest Merged 1/notumor/image(364).jpg,/kaggle/input/datasets/sabersakin/brainmri/Datasest Merged 1/Datasest Merged 1/notumor/image(340).jpg,4
/kaggle/input/datasets/sabersakin/brainmri/Datasest Merged 1/Datasest Merged 1/notumor/image(364).jpg,/kaggle/input/datasets/sabersakin/brainmri/Datasest Merged 1/Datasest Merged 1/notumor/Te-no_0064.jpg,0
/kaggle/input/datasets/sabersakin/brainmri/Datasest Merged 1/Datasest Merged 1/notumor/image(364).jpg,/kaggle/input/datasets/sabersakin/brainmri/Datasest Merged 1/Datasest Merged 1/notumor/Tr-no_0202.jpg,4
/kaggle/input/datasets/sabersakin/brainmri/Datasest Merged 1/Datasest Merged 1/notumor/image(364).jpg,/kaggle/input/datasets/sabersakin/brainmri/Datasest Merged 1/Datasest Merged 1/notumor/Tr-no_1153.jpg,4
/kaggle/input/datasets/sabersakin/brainmri/Datasest Merged 1/Datasest Merged 1/notumor/image(364).jpg,/kaggle/input/datasets/sabersakin/brainmri/Datasest Merged 1/Datasest Merged 1/notumor/Te-no_0060.jpg,4
/kaggle/input/datasets/sabersakin/brainmri/Datasest Merged 1/Datasest Merged 1/notumor/image(364).jpg,/kaggle/input/datasets/sabersakin/brainmri/Datasest Merged 1/Datasest Merged 1/notumor/Tr-no_1093.jpg,4
/kaggle/input/datasets/sabersakin/brainmri/Datasest Merged 1/Datasest Merged 1/notumor/image(364).jpg,/kaggle/input/datasets/sabersakin/brainmri/Datasest Merged 1/Datasest Merged 1/notumor/Te-no_0046.jpg,4
/kaggle/input/datasets/sabersakin/brainmri/Datasest Merged 1/Datasest Merged 1/notumor/image(364).jpg,/kaggle/input/datasets/sabersakin/brainmri/Datasest Merged 1/Datasest Merged 1/notumor/image(29).jpg,4
/kaggle/input/datasets/sabersakin/brainmri/Datasest Merged 1/Datasest Merged 1/notumor/image(364).jpg,/kaggle/input/datasets/sabersakin/brainmri/Datasest Merged 1/Datasest Merged 1/notumor/image(6).jpg,4
/kaggle/input/datasets/sabersakin/brainmri/Datasest Merged 1/Datasest Merged 1/notumor/image(364).jpg,/kaggle/input/datasets/sabersakin/brainmri/Datasest Merged 1/Datasest Merged 1/notumor/Tr-no_1178.jpg,4
/kaggle/input/datasets/sabersakin/brainmri/Datasest Merged 1/Datasest Merged 1/notumor/image(364).jpg,/kaggle/input/datasets/sabersakin/brainmri/Datasest Merged 1/Datasest Merged 1/notumor/Tr-no_0340.jpg,4
/kaggle/input/datasets/sabersakin/brainmri/Datasest Merged 1/Datasest Merged 1/notumor/image(364).jpg,/kaggle/input/datasets/sabersakin/brainmri/Datasest Merged 1/Datasest Merged 1/notumor/Tr-no_0970.jpg,0
/kaggle/input/datasets/sabersakin/brainmri/Datasest Merged 1/Datasest Merged 1/notumor/image(364).jpg,/kaggle/input/datasets/sabersakin/brainmri/Datasest Merged 1/Datasest Merged 1/notumor/Tr-no_0046.jpg,4
/kaggle/input/datasets/sabersakin/brainmri/Datasest Merged 1/Datasest Merged 1/notumor/image(364).jpg,/kaggle/input/datasets/sabersakin/brainmri/Datasest Merged 1/Datasest Merged 1/notumor/Tr-no_0327.jpg,0
/kaggle/input/datasets/sabersakin/brainmri/Datasest Merged 1/Datasest Merged 1/notumor/image(364).jpg,/kaggle/input/datasets/sabersakin/brainmri/Datasest Merged 1/Datasest Merged 1/notumor/Te-no_0026.jpg,4
/kaggle/input/datasets/sabersakin/brainmri/Datasest Merged 1/Datasest Merged 1/notumor/image(364).jpg,/kaggle/input/datasets/sabersakin/brainmri/Datasest Merged 1/Datasest Merged 1/notumor/image(348).jpg,4
/kaggle/input/datasets/sabersakin/brainmri/Datasest Merged 1/Datasest Merged 1/notumor/image(364).jpg,/kaggle/input/datasets/sabersakin/brainmri/Datasest Merged 1/Datasest Merged 1/notumor/image(63).jpg,0
/kaggle/input/datasets/sabersakin/brainmri/Datasest Merged 1/Datasest Merged 1/notumor/image(364).jpg,/kaggle/input/datasets/sabersakin/brainmri/Datasest Merged 1/Datasest Merged 1/notumor/image(331).jpg,4
/kaggle/input/datasets/sabersakin/brainmri/Datasest Merged 1/Datasest Merged 1/notumor/Tr-no_1218.jpg,/kaggle/input/datasets/sabersakin/brainmri/Datasest Merged 1/Datasest Merged 1/notumor/Tr-no_0480.jpg,2
/kaggle/input/datasets/sabersakin/brainmri/Datasest Merged 1/Datasest Merged 1/notumor/Tr-no_1218.jpg,/kaggle/input/datasets/sabersakin/brainmri/Datasest Merged 1/Datasest Merged 1/notumor/Te-no_0178.jpg,4
/kaggle/input/datasets/sabersakin/brainmri/Datasest Merged 1/Datasest Merged 1/meningioma/Tr-me_0798.jpg,/kaggle/input/datasets/sabersakin/brainmri/Datasest Merged 1/Datasest Merged 1/meningioma/Tr-me_0279.jpg,4
/kaggle/input/datasets/sabersakin/brainmri/Datasest Merged 1/Datasest Merged 1/meningioma/Tr-me_0798.jpg,/kaggle/input/datasets/sabersakin/brainmri/Datasest Merged 1/Datasest Merged 1/meningioma/Te-me_0102.jpg,4
/kaggle/input/datasets/sabersakin/brainmri/Datasest Merged 1/Datasest Merged 1/meningioma/Tr-me_0798.jpg,/kaggle/input/datasets/sabersakin/brainmri/Datasest Merged 1/Datasest Merged 1/meningioma/image(89).jpg,4
/kaggle/input/datasets/sabersakin/brainmri/Datasest Merged 1/Datasest Merged 1/meningioma/Tr-me_0798.jpg,/kaggle/input/datasets/sabersakin/brainmri/Datasest Merged 1/Datasest Merged 1/meningioma/Te-me_0147.jpg,4
/kaggle/input/datasets/sabersakin/brainmri/Datasest Merged 1/Datasest Merged 1/notumor/Tr-no_0969.jpg,/kaggle/input/datasets/sabersakin/brainmri/Datasest Merged 1/Datasest Merged 1/notumor/image(387).jpg,0
/kaggle/input/datasets/sabersakin/brainmri/Datasest Merged 1/Datasest Merged 1/notumor/Tr-no_0969.jpg,/kaggle/input/datasets/sabersakin/brainmri/Datasest Merged 1/Datasest Merged 1/notumor/Te-no_0089.jpg,0
/kaggle/input/datasets/sabersakin/brainmri/Datasest Merged 1/Datasest Merged 1/notumor/Tr-no_0969.jpg,/kaggle/input/datasets/sabersakin/brainmri/Datasest Merged 1/Datasest Merged 1/notumor/image(86).jpg,0
/kaggle/input/datasets/sabersakin/brainmri/Datasest Merged 1/Datasest Merged 1/notumor/Tr-no_0969.jpg,/kaggle/input/datasets/sabersakin/brainmri/Datasest Merged 1/Datasest Merged 1/notumor/Tr-no_0353.jpg,0
/kaggle/input/datasets/sabersakin/brainmri/Datasest Merged 1/Datasest Merged 1/pituitary/Tr-pi_0732.jpg,/kaggle/input/datasets/sabersakin/brainmri/Datasest Merged 1/Datasest Merged 1/pituitary/p (816).jpg,0
/kaggle/input/datasets/sabersakin/brainmri/Datasest Merged 1/Datasest Merged 1/pituitary/p (801).jpg,/kaggle/input/datasets/sabersakin/brainmri/Datasest Merged 1/Datasest Merged 1/pituitary/Te-pi_0060.jpg,0
/kaggle/input/datasets/sabersakin/brainmri/Datasest Merged 1/Datasest Merged 1/pituitary/p (460).jpg,/kaggle/input/datasets/sabersakin/brainmri/Datasest Merged 1/Datasest Merged 1/pituitary/p (464).jpg,4
/kaggle/input/datasets/sabersakin/brainmri/Datasest Merged 1/Datasest Merged 1/pituitary/p (460).jpg,/kaggle/input/datasets/sabersakin/brainmri/Datasest Merged 1/Datasest Merged 1/pituitary/Tr-pi_0401.jpg,0
/kaggle/input/datasets/sabersakin/brainmri/Datasest Merged 1/Datasest Merged 1/pituitary/p (460).jpg,/kaggle/input/datasets/sabersakin/brainmri/Datasest Merged 1/Datasest Merged 1/pituitary/Tr-pi_0405.jpg,4
/kaggle/input/datasets/sabersakin/brainmri/Datasest Merged 1/Datasest Merged 1/pituitary/p (241).jpg,/kaggle/input/datasets/sabersakin/brainmri/Datasest Merged 1/Datasest Merged 1/pituitary/p (114).jpg,4
/kaggle/input/datasets/sabersakin/brainmri/Datasest Merged 1/Datasest Merged 1/pituitary/p (241).jpg,/kaggle/input/datasets/sabersakin/brainmri/Datasest Merged 1/Datasest Merged 1/pituitary/p (242).jpg,4
/kaggle/input/datasets/sabersakin/brainmri/Datasest Merged 1/Datasest Merged 1/pituitary/p (241).jpg,/kaggle/input/datasets/sabersakin/brainmri/Datasest Merged 1/Datasest Merged 1/pituitary/Tr-pi_0159.jpg,4
/kaggle/input/datasets/sabersakin/brainmri/Datasest Merged 1/Datasest Merged 1/pituitary/p (241).jpg,/kaggle/input/datasets/sabersakin/brainmri/Datasest Merged 1/Datasest Merged 1/pituitary/Tr-pi_0017.jpg,4
/kaggle/input/datasets/sabersakin/brainmri/Datasest Merged 1/Datasest Merged 1/pituitary/p (241).jpg,/kaggle/input/datasets/sabersakin/brainmri/Datasest Merged 1/Datasest Merged 1/pituitary/p (243).jpg,4
/kaggle/input/datasets/sabersakin/brainmri/Datasest Merged 1/Datasest Merged 1/pituitary/p (241).jpg,/kaggle/input/datasets/sabersakin/brainmri/Datasest Merged 1/Datasest Merged 1/pituitary/Tr-pi_0160.jpg,4
/kaggle/input/datasets/sabersakin/brainmri/Datasest Merged 1/Datasest Merged 1/meningioma/m (157).jpg,/kaggle/input/datasets/sabersakin/brainmri/Datasest Merged 1/Datasest Merged 1/meningioma/Tr-me_0049.jpg,0
/kaggle/input/datasets/sabersakin/brainmri/Datasest Merged 1/Datasest Merged 1/glioma/gg (632).jpg,/kaggle/input/datasets/sabersakin/brainmri/Datasest Merged 1/Datasest Merged 1/glioma/gg (636).jpg,4
/kaggle/input/datasets/sabersakin/brainmri/Datasest Merged 1/Datasest Merged 1/pituitary/2395.jpg,/kaggle/input/datasets/sabersakin/brainmri/Datasest Merged 1/Datasest Merged 1/pituitary/2397.jpg,4
/kaggle/input/datasets/sabersakin/brainmri/Datasest Merged 1/Datasest Merged 1/pituitary/2395.jpg,/kaggle/input/datasets/sabersakin/brainmri/Datasest Merged 1/Datasest Merged 1/pituitary/2394.jpg,2
/kaggle/input/datasets/sabersakin/brainmri/Datasest Merged 1/Datasest Merged 1/pituitary/2395.jpg,/kaggle/input/datasets/sabersakin/brainmri/Datasest Merged 1/Datasest Merged 1/pituitary/2396.jpg,2
/kaggle/input/datasets/sabersakin/brainmri/Datasest Merged 1/Datasest Merged 1/pituitary/p (209).jpg,/kaggle/input/datasets/sabersakin/brainmri/Datasest Merged 1/Datasest Merged 1/pituitary/p (210).jpg,4
/kaggle/input/datasets/sabersakin/brainmri/Datasest Merged 1/Datasest Merged 1/pituitary/p (209).jpg,/kaggle/input/datasets/sabersakin/brainmri/Datasest Merged 1/Datasest Merged 1/pituitary/Tr-pi_0125.jpg,4
/kaggle/input/datasets/sabersakin/brainmri/Datasest Merged 1/Datasest Merged 1/pituitary/p (209).jpg,/kaggle/input/datasets/sabersakin/brainmri/Datasest Merged 1/Datasest Merged 1/pituitary/Tr-pi_0124.jpg,4
/kaggle/input/datasets/sabersakin/brainmri/Datasest Merged 1/Datasest Merged 1/pituitary/p (209).jpg,/kaggle/input/datasets/sabersakin/brainmri/Datasest Merged 1/Datasest Merged 1/pituitary/p (211).jpg,4
/kaggle/input/datasets/sabersakin/brainmri/Datasest Merged 1/Datasest Merged 1/pituitary/p (209).jpg,/kaggle/input/datasets/sabersakin/brainmri/Datasest Merged 1/Datasest Merged 1/pituitary/Tr-pi_0122.jpg,0
/kaggle/input/datasets/sabersakin/brainmri/Datasest Merged 1/Datasest Merged 1/glioma/1269.jpg,/kaggle/input/datasets/sabersakin/brainmri/Datasest Merged 1/Datasest Merged 1/glioma/1266.jpg,2
/kaggle/input/datasets/sabersakin/brainmri/Datasest Merged 1/Datasest Merged 1/glioma/1269.jpg,/kaggle/input/datasets/sabersakin/brainmri/Datasest Merged 1/Datasest Merged 1/glioma/1267.jpg,2
/kaggle/input/datasets/sabersakin/brainmri/Datasest Merged 1/Datasest Merged 1/glioma/1269.jpg,/kaggle/input/datasets/sabersakin/brainmri/Datasest Merged 1/Datasest Merged 1/glioma/1268.jpg,2
/kaggle/input/datasets/sabersakin/brainmri/Datasest Merged 1/Datasest Merged 1/notumor/image(380).jpg,/kaggle/input/datasets/sabersakin/brainmri/Datasest Merged 1/Datasest Merged 1/notumor/image(37).jpg,0
/kaggle/input/datasets/sabersakin/brainmri/Datasest Merged 1/Datasest Merged 1/notumor/image(380).jpg,/kaggle/input/datasets/sabersakin/brainmri/Datasest Merged 1/Datasest Merged 1/notumor/Tr-no_0091.jpg,0
/kaggle/input/datasets/sabersakin/brainmri/Datasest Merged 1/Datasest Merged 1/notumor/image(380).jpg,/kaggle/input/datasets/sabersakin/brainmri/Datasest Merged 1/Datasest Merged 1/notumor/Te-no_0081.jpg,0
/kaggle/input/datasets/sabersakin/brainmri/Datasest Merged 1/Datasest Merged 1/notumor/image(380).jpg,/kaggle/input/datasets/sabersakin/brainmri/Datasest Merged 1/Datasest Merged 1/notumor/Te-no_0035.jpg,0
/kaggle/input/datasets/sabersakin/brainmri/Datasest Merged 1/Datasest Merged 1/notumor/image(380).jpg,/kaggle/input/datasets/sabersakin/brainmri/Datasest Merged 1/Datasest Merged 1/notumor/image(338).jpg,0
/kaggle/input/datasets/sabersakin/brainmri/Datasest Merged 1/Datasest Merged 1/notumor/image(380).jpg,/kaggle/input/datasets/sabersakin/brainmri/Datasest Merged 1/Datasest Merged 1/notumor/image(79).jpg,0
/kaggle/input/datasets/sabersakin/brainmri/Datasest Merged 1/Datasest Merged 1/notumor/image(380).jpg,/kaggle/input/datasets/sabersakin/brainmri/Datasest Merged 1/Datasest Merged 1/notumor/Tr-no_0985.jpg,0
/kaggle/input/datasets/sabersakin/brainmri/Datasest Merged 1/Datasest Merged 1/pituitary/Tr-pi_0090.jpg,/kaggle/input/datasets/sabersakin/brainmri/Datasest Merged 1/Datasest Merged 1/pituitary/p (180).jpg,0
/kaggle/input/datasets/sabersakin/brainmri/Datasest Merged 1/Datasest Merged 1/meningioma/85.jpg,/kaggle/input/datasets/sabersakin/brainmri/Datasest Merged 1/Datasest Merged 1/meningioma/86.jpg,4
/kaggle/input/datasets/sabersakin/brainmri/Datasest Merged 1/Datasest Merged 1/meningioma/Tr-me_0310.jpg,/kaggle/input/datasets/sabersakin/brainmri/Datasest Merged 1/Datasest Merged 1/meningioma/Tr-me_0311.jpg,4
/kaggle/input/datasets/sabersakin/brainmri/Datasest Merged 1/Datasest Merged 1/meningioma/Tr-me_0310.jpg,/kaggle/input/datasets/sabersakin/brainmri/Datasest Merged 1/Datasest Merged 1/meningioma/m1(46).jpg,0
/kaggle/input/datasets/sabersakin/brainmri/Datasest Merged 1/Datasest Merged 1/meningioma/Tr-me_0310.jpg,/kaggle/input/datasets/sabersakin/brainmri/Datasest Merged 1/Datasest Merged 1/meningioma/m1(47).jpg,4
/kaggle/input/datasets/sabersakin/brainmri/Datasest Merged 1/Datasest Merged 1/meningioma/175.jpg,/kaggle/input/datasets/sabersakin/brainmri/Datasest Merged 1/Datasest Merged 1/meningioma/176.jpg,2
/kaggle/input/datasets/sabersakin/brainmri/Datasest Merged 1/Datasest Merged 1/notumor/Tr-no_0860.jpg,/kaggle/input/datasets/sabersakin/brainmri/Datasest Merged 1/Datasest Merged 1/notumor/Tr-no_0638.jpg,4
/kaggle/input/datasets/sabersakin/brainmri/Datasest Merged 1/Datasest Merged 1/notumor/Tr-no_0379.jpg,/kaggle/input/datasets/sabersakin/brainmri/Datasest Merged 1/Datasest Merged 1/notumor/image(411).jpg,0
/kaggle/input/datasets/sabersakin/brainmri/Datasest Merged 1/Datasest Merged 1/pituitary/p (69).jpg,/kaggle/input/datasets/sabersakin/brainmri/Datasest Merged 1/Datasest Merged 1/pituitary/Tr-pi_0622.jpg,0
/kaggle/input/datasets/sabersakin/brainmri/Datasest Merged 1/Datasest Merged 1/notumor/Tr-no_0316.jpg,/kaggle/input/datasets/sabersakin/brainmri/Datasest Merged 1/Datasest Merged 1/notumor/Tr-no_1146.jpg,0
/kaggle/input/datasets/sabersakin/brainmri/Datasest Merged 1/Datasest Merged 1/notumor/Tr-no_0316.jpg,/kaggle/input/datasets/sabersakin/brainmri/Datasest Merged 1/Datasest Merged 1/notumor/Tr-no_1168.jpg,0
/kaggle/input/datasets/sabersakin/brainmri/Datasest Merged 1/Datasest Merged 1/notumor/Tr-no_0316.jpg,/kaggle/input/datasets/sabersakin/brainmri/Datasest Merged 1/Datasest Merged 1/notumor/image(252).jpg,0
/kaggle/input/datasets/sabersakin/brainmri/Datasest Merged 1/Datasest Merged 1/notumor/Tr-no_0316.jpg,/kaggle/input/datasets/sabersakin/brainmri/Datasest Merged 1/Datasest Merged 1/notumor/image(279).jpg,0
/kaggle/input/datasets/sabersakin/brainmri/Datasest Merged 1/Datasest Merged 1/pituitary/p (634).jpg,/kaggle/input/datasets/sabersakin/brainmri/Datasest Merged 1/Datasest Merged 1/pituitary/p (635).jpg,4
/kaggle/input/datasets/sabersakin/brainmri/Datasest Merged 1/Datasest Merged 1/pituitary/p (634).jpg,/kaggle/input/datasets/sabersakin/brainmri/Datasest Merged 1/Datasest Merged 1/pituitary/Tr-pi_0575.jpg,0
/kaggle/input/datasets/sabersakin/brainmri/Datasest Merged 1/Datasest Merged 1/meningioma/Tr-me_1236.jpg,/kaggle/input/datasets/sabersakin/brainmri/Datasest Merged 1/Datasest Merged 1/meningioma/Tr-me_1237.jpg,4
/kaggle/input/datasets/sabersakin/brainmri/Datasest Merged 1/Datasest Merged 1/notumor/Tr-no_0810.jpg,/kaggle/input/datasets/sabersakin/brainmri/Datasest Merged 1/Datasest Merged 1/notumor/Tr-no_1476.jpg,0
/kaggle/input/datasets/sabersakin/brainmri/Datasest Merged 1/Datasest Merged 1/pituitary/Te-pi_0229.jpg,/kaggle/input/datasets/sabersakin/brainmri/Datasest Merged 1/Datasest Merged 1/pituitary/Tr-pi_1242.jpg,2
/kaggle/input/datasets/sabersakin/brainmri/Datasest Merged 1/Datasest Merged 1/pituitary/Te-pi_0229.jpg,/kaggle/input/datasets/sabersakin/brainmri/Datasest Merged 1/Datasest Merged 1/pituitary/Tr-pi_1241.jpg,4
/kaggle/input/datasets/sabersakin/brainmri/Datasest Merged 1/Datasest Merged 1/pituitary/Tr-pi_1264.jpg,/kaggle/input/datasets/sabersakin/brainmri/Datasest Merged 1/Datasest Merged 1/pituitary/Tr-pi_1265.jpg,4
/kaggle/input/datasets/sabersakin/brainmri/Datasest Merged 1/Datasest Merged 1/pituitary/Tr-pi_1264.jpg,/kaggle/input/datasets/sabersakin/brainmri/Datasest Merged 1/Datasest Merged 1/pituitary/Tr-pi_1266.jpg,4
/kaggle/input/datasets/sabersakin/brainmri/Datasest Merged 1/Datasest Merged 1/glioma/Te-gl_0110.jpg,/kaggle/input/datasets/sabersakin/brainmri/Datasest Merged 1/Datasest Merged 1/glioma/Tr-gl_0367.jpg,2
/kaggle/input/datasets/sabersakin/brainmri/Datasest Merged 1/Datasest Merged 1/notumor/Tr-no_1542.jpg,/kaggle/input/datasets/sabersakin/brainmri/Datasest Merged 1/Datasest Merged 1/notumor/Tr-no_1324.jpg,2
/kaggle/input/datasets/sabersakin/brainmri/Datasest Merged 1/Datasest Merged 1/notumor/Tr-no_1542.jpg,/kaggle/input/datasets/sabersakin/brainmri/Datasest Merged 1/Datasest Merged 1/notumor/Te-no_0153.jpg,2
/kaggle/input/datasets/sabersakin/brainmri/Datasest Merged 1/Datasest Merged 1/meningioma/409.jpg,/kaggle/input/datasets/sabersakin/brainmri/Datasest Merged 1/Datasest Merged 1/meningioma/410.jpg,4
/kaggle/input/datasets/sabersakin/brainmri/Datasest Merged 1/Datasest Merged 1/notumor/image(285).jpg,/kaggle/input/datasets/sabersakin/brainmri/Datasest Merged 1/Datasest Merged 1/notumor/Tr-no_1150.jpg,0
/kaggle/input/datasets/sabersakin/brainmri/Datasest Merged 1/Datasest Merged 1/notumor/image(285).jpg,/kaggle/input/datasets/sabersakin/brainmri/Datasest Merged 1/Datasest Merged 1/notumor/Tr-no_0274.jpg,0
/kaggle/input/datasets/sabersakin/brainmri/Datasest Merged 1/Datasest Merged 1/notumor/Tr-no_0589.jpg,/kaggle/input/datasets/sabersakin/brainmri/Datasest Merged 1/Datasest Merged 1/notumor/image(182).jpg,2
/kaggle/input/datasets/sabersakin/brainmri/Datasest Merged 1/Datasest Merged 1/notumor/Tr-no_0589.jpg,/kaggle/input/datasets/sabersakin/brainmri/Datasest Merged 1/Datasest Merged 1/notumor/Tr-no_0160.jpg,2
/kaggle/input/datasets/sabersakin/brainmri/Datasest Merged 1/Datasest Merged 1/notumor/Tr-no_0589.jpg,/kaggle/input/datasets/sabersakin/brainmri/Datasest Merged 1/Datasest Merged 1/notumor/Tr-no_0696.jpg,2
/kaggle/input/datasets/sabersakin/brainmri/Datasest Merged 1/Datasest Merged 1/notumor/Tr-no_0589.jpg,/kaggle/input/datasets/sabersakin/brainmri/Datasest Merged 1/Datasest Merged 1/notumor/Tr-no_0643.jpg,2
/kaggle/input/datasets/sabersakin/brainmri/Datasest Merged 1/Datasest Merged 1/notumor/Tr-no_0589.jpg,/kaggle/input/datasets/sabersakin/brainmri/Datasest Merged 1/Datasest Merged 1/notumor/Tr-no_1115.jpg,2
/kaggle/input/datasets/sabersakin/brainmri/Datasest Merged 1/Datasest Merged 1/notumor/Tr-no_0589.jpg,/kaggle/input/datasets/sabersakin/brainmri/Datasest Merged 1/Datasest Merged 1/notumor/Tr-no_0548.jpg,2
/kaggle/input/datasets/sabersakin/brainmri/Datasest Merged 1/Datasest Merged 1/notumor/Tr-no_0589.jpg,/kaggle/input/datasets/sabersakin/brainmri/Datasest Merged 1/Datasest Merged 1/notumor/Tr-no_1351.jpg,0
/kaggle/input/datasets/sabersakin/brainmri/Datasest Merged 1/Datasest Merged 1/notumor/image(126).jpg,/kaggle/input/datasets/sabersakin/brainmri/Datasest Merged 1/Datasest Merged 1/notumor/Tr-no_0098.jpg,0
/kaggle/input/datasets/sabersakin/brainmri/Datasest Merged 1/Datasest Merged 1/meningioma/Tr-me_0538.jpg,/kaggle/input/datasets/sabersakin/brainmri/Datasest Merged 1/Datasest Merged 1/meningioma/m2 (93).jpg,0
/kaggle/input/datasets/sabersakin/brainmri/Datasest Merged 1/Datasest Merged 1/glioma/1423.jpg,/kaggle/input/datasets/sabersakin/brainmri/Datasest Merged 1/Datasest Merged 1/glioma/1421.jpg,4
/kaggle/input/datasets/sabersakin/brainmri/Datasest Merged 1/Datasest Merged 1/glioma/1423.jpg,/kaggle/input/datasets/sabersakin/brainmri/Datasest Merged 1/Datasest Merged 1/glioma/1422.jpg,4
/kaggle/input/datasets/sabersakin/brainmri/Datasest Merged 1/Datasest Merged 1/glioma/image(75).jpg,/kaggle/input/datasets/sabersakin/brainmri/Datasest Merged 1/Datasest Merged 1/glioma/gg (8).jpg,4
/kaggle/input/datasets/sabersakin/brainmri/Datasest Merged 1/Datasest Merged 1/glioma/gg (282).jpg,/kaggle/input/datasets/sabersakin/brainmri/Datasest Merged 1/Datasest Merged 1/glioma/gg (281).jpg,4
/kaggle/input/datasets/sabersakin/brainmri/Datasest Merged 1/Datasest Merged 1/notumor/Tr-no_0260.jpg,/kaggle/input/datasets/sabersakin/brainmri/Datasest Merged 1/Datasest Merged 1/notumor/image(104).jpg,0
/kaggle/input/datasets/sabersakin/brainmri/Datasest Merged 1/Datasest Merged 1/notumor/Tr-no_0260.jpg,/kaggle/input/datasets/sabersakin/brainmri/Datasest Merged 1/Datasest Merged 1/notumor/image(272).jpg,0
/kaggle/input/datasets/sabersakin/brainmri/Datasest Merged 1/Datasest Merged 1/notumor/Tr-no_0260.jpg,/kaggle/input/datasets/sabersakin/brainmri/Datasest Merged 1/Datasest Merged 1/notumor/Te-noTr_0006.jpg,0
/kaggle/input/datasets/sabersakin/brainmri/Datasest Merged 1/Datasest Merged 1/meningioma/Tr-me_0543.jpg,/kaggle/input/datasets/sabersakin/brainmri/Datasest Merged 1/Datasest Merged 1/meningioma/m2 (98).jpg,0
/kaggle/input/datasets/sabersakin/brainmri/Datasest Merged 1/Datasest Merged 1/meningioma/m3 (129).jpg,/kaggle/input/datasets/sabersakin/brainmri/Datasest Merged 1/Datasest Merged 1/meningioma/Tr-me_0578.jpg,0
/kaggle/input/datasets/sabersakin/brainmri/Datasest Merged 1/Datasest Merged 1/pituitary/Tr-pi_0504.jpg,/kaggle/input/datasets/sabersakin/brainmri/Datasest Merged 1/Datasest Merged 1/pituitary/p (553).jpg,0
/kaggle/input/datasets/sabersakin/brainmri/Datasest Merged 1/Datasest Merged 1/glioma/Tr-gl_0106.jpg,/kaggle/input/datasets/sabersakin/brainmri/Datasest Merged 1/Datasest Merged 1/glioma/gg (751).jpg,0
/kaggle/input/datasets/sabersakin/brainmri/Datasest Merged 1/Datasest Merged 1/glioma/Tr-gl_0106.jpg,/kaggle/input/datasets/sabersakin/brainmri/Datasest Merged 1/Datasest Merged 1/glioma/gg (753).jpg,4
/kaggle/input/datasets/sabersakin/brainmri/Datasest Merged 1/Datasest Merged 1/glioma/Tr-gl_0106.jpg,/kaggle/input/datasets/sabersakin/brainmri/Datasest Merged 1/Datasest Merged 1/glioma/gg (752).jpg,4
/kaggle/input/datasets/sabersakin/brainmri/Datasest Merged 1/Datasest Merged 1/meningioma/Tr-me_0018.jpg,/kaggle/input/datasets/sabersakin/brainmri/Datasest Merged 1/Datasest Merged 1/meningioma/m (120).jpg,0
/kaggle/input/datasets/sabersakin/brainmri/Datasest Merged 1/Datasest Merged 1/meningioma/Tr-me_0018.jpg,/kaggle/input/datasets/sabersakin/brainmri/Datasest Merged 1/Datasest Merged 1/meningioma/Tr-me_0016.jpg,4
/kaggle/input/datasets/sabersakin/brainmri/Datasest Merged 1/Datasest Merged 1/pituitary/p (444).jpg,/kaggle/input/datasets/sabersakin/brainmri/Datasest Merged 1/Datasest Merged 1/pituitary/Tr-pi_0383.jpg,0
/kaggle/input/datasets/sabersakin/brainmri/Datasest Merged 1/Datasest Merged 1/pituitary/p (439).jpg,/kaggle/input/datasets/sabersakin/brainmri/Datasest Merged 1/Datasest Merged 1/pituitary/p (440).jpg,2
/kaggle/input/datasets/sabersakin/brainmri/Datasest Merged 1/Datasest Merged 1/pituitary/p (439).jpg,/kaggle/input/datasets/sabersakin/brainmri/Datasest Merged 1/Datasest Merged 1/pituitary/Tr-pi_0377.jpg,0
/kaggle/input/datasets/sabersakin/brainmri/Datasest Merged 1/Datasest Merged 1/pituitary/p (439).jpg,/kaggle/input/datasets/sabersakin/brainmri/Datasest Merged 1/Datasest Merged 1/pituitary/Tr-pi_0379.jpg,2
/kaggle/input/datasets/sabersakin/brainmri/Datasest Merged 1/Datasest Merged 1/meningioma/Tr-me_0226.jpg,/kaggle/input/datasets/sabersakin/brainmri/Datasest Merged 1/Datasest Merged 1/meningioma/m1(149).jpg,0
/kaggle/input/datasets/sabersakin/brainmri/Datasest Merged 1/Datasest Merged 1/meningioma/Tr-me_0226.jpg,/kaggle/input/datasets/sabersakin/brainmri/Datasest Merged 1/Datasest Merged 1/meningioma/image(39).jpg,0
/kaggle/input/datasets/sabersakin/brainmri/Datasest Merged 1/Datasest Merged 1/meningioma/Tr-me_0226.jpg,/kaggle/input/datasets/sabersakin/brainmri/Datasest Merged 1/Datasest Merged 1/meningioma/Te-me_0047.jpg,0
/kaggle/input/datasets/sabersakin/brainmri/Datasest Merged 1/Datasest Merged 1/pituitary/p (641).jpg,/kaggle/input/datasets/sabersakin/brainmri/Datasest Merged 1/Datasest Merged 1/pituitary/Tr-pi_0582.jpg,2
/kaggle/input/datasets/sabersakin/brainmri/Datasest Merged 1/Datasest Merged 1/pituitary/p (641).jpg,/kaggle/input/datasets/sabersakin/brainmri/Datasest Merged 1/Datasest Merged 1/pituitary/Te-pi_0020.jpg,0
/kaggle/input/datasets/sabersakin/brainmri/Datasest Merged 1/Datasest Merged 1/meningioma/Tr-me_0622.jpg,/kaggle/input/datasets/sabersakin/brainmri/Datasest Merged 1/Datasest Merged 1/meningioma/m3 (17).jpg,0
/kaggle/input/datasets/sabersakin/brainmri/Datasest Merged 1/Datasest Merged 1/meningioma/Tr-me_0136.jpg,/kaggle/input/datasets/sabersakin/brainmri/Datasest Merged 1/Datasest Merged 1/meningioma/Tr-me_0137.jpg,4
/kaggle/input/datasets/sabersakin/brainmri/Datasest Merged 1/Datasest Merged 1/meningioma/Tr-me_0136.jpg,/kaggle/input/datasets/sabersakin/brainmri/Datasest Merged 1/Datasest Merged 1/meningioma/m (65).jpg,4
/kaggle/input/datasets/sabersakin/brainmri/Datasest Merged 1/Datasest Merged 1/glioma/Tr-gl_1035.jpg,/kaggle/input/datasets/sabersakin/brainmri/Datasest Merged 1/Datasest Merged 1/glioma/Te-gl_0201.jpg,4
/kaggle/input/datasets/sabersakin/brainmri/Datasest Merged 1/Datasest Merged 1/notumor/Tr-no_1428.jpg,/kaggle/input/datasets/sabersakin/brainmri/Datasest Merged 1/Datasest Merged 1/notumor/image(239).jpg,4
/kaggle/input/datasets/sabersakin/brainmri/Datasest Merged 1/Datasest Merged 1/notumor/Tr-no_1428.jpg,/kaggle/input/datasets/sabersakin/brainmri/Datasest Merged 1/Datasest Merged 1/notumor/Tr-no_0910.jpg,4
/kaggle/input/datasets/sabersakin/brainmri/Datasest Merged 1/Datasest Merged 1/notumor/Tr-no_1428.jpg,/kaggle/input/datasets/sabersakin/brainmri/Datasest Merged 1/Datasest Merged 1/notumor/Tr-no_0223.jpg,4
/kaggle/input/datasets/sabersakin/brainmri/Datasest Merged 1/Datasest Merged 1/notumor/Tr-no_1428.jpg,/kaggle/input/datasets/sabersakin/brainmri/Datasest Merged 1/Datasest Merged 1/notumor/Tr-no_0567.jpg,4
/kaggle/input/datasets/sabersakin/brainmri/Datasest Merged 1/Datasest Merged 1/notumor/Tr-no_1428.jpg,/kaggle/input/datasets/sabersakin/brainmri/Datasest Merged 1/Datasest Merged 1/notumor/Tr-no_0983.jpg,4
/kaggle/input/datasets/sabersakin/brainmri/Datasest Merged 1/Datasest Merged 1/notumor/Tr-no_1428.jpg,/kaggle/input/datasets/sabersakin/brainmri/Datasest Merged 1/Datasest Merged 1/notumor/Tr-no_0140.jpg,4
/kaggle/input/datasets/sabersakin/brainmri/Datasest Merged 1/Datasest Merged 1/notumor/Tr-no_1428.jpg,/kaggle/input/datasets/sabersakin/brainmri/Datasest Merged 1/Datasest Merged 1/notumor/Tr-no_1136.jpg,4
/kaggle/input/datasets/sabersakin/brainmri/Datasest Merged 1/Datasest Merged 1/meningioma/Tr-me_0368.jpg,/kaggle/input/datasets/sabersakin/brainmri/Datasest Merged 1/Datasest Merged 1/meningioma/Tr-me_0457.jpg,4
/kaggle/input/datasets/sabersakin/brainmri/Datasest Merged 1/Datasest Merged 1/meningioma/Tr-me_0368.jpg,/kaggle/input/datasets/sabersakin/brainmri/Datasest Merged 1/Datasest Merged 1/meningioma/m2 (1).jpg,0
/kaggle/input/datasets/sabersakin/brainmri/Datasest Merged 1/Datasest Merged 1/meningioma/Tr-me_0368.jpg,/kaggle/input/datasets/sabersakin/brainmri/Datasest Merged 1/Datasest Merged 1/meningioma/m2 (2).jpg,4
/kaggle/input/datasets/sabersakin/brainmri/Datasest Merged 1/Datasest Merged 1/glioma/915.jpg,/kaggle/input/datasets/sabersakin/brainmri/Datasest Merged 1/Datasest Merged 1/glioma/916.jpg,4
/kaggle/input/datasets/sabersakin/brainmri/Datasest Merged 1/Datasest Merged 1/notumor/image(344).jpg,/kaggle/input/datasets/sabersakin/brainmri/Datasest Merged 1/Datasest Merged 1/notumor/Te-no_0042.jpg,0
/kaggle/input/datasets/sabersakin/brainmri/Datasest Merged 1/Datasest Merged 1/notumor/image(344).jpg,/kaggle/input/datasets/sabersakin/brainmri/Datasest Merged 1/Datasest Merged 1/notumor/image(43).jpg,0
/kaggle/input/datasets/sabersakin/brainmri/Datasest Merged 1/Datasest Merged 1/notumor/image(344).jpg,/kaggle/input/datasets/sabersakin/brainmri/Datasest Merged 1/Datasest Merged 1/notumor/Tr-no_0157.jpg,0
/kaggle/input/datasets/sabersakin/brainmri/Datasest Merged 1/Datasest Merged 1/meningioma/m1(109).jpg,/kaggle/input/datasets/sabersakin/brainmri/Datasest Merged 1/Datasest Merged 1/meningioma/Te-me_0114.jpg,0
/kaggle/input/datasets/sabersakin/brainmri/Datasest Merged 1/Datasest Merged 1/meningioma/m1(109).jpg,/kaggle/input/datasets/sabersakin/brainmri/Datasest Merged 1/Datasest Merged 1/meningioma/image.jpg,0
/kaggle/input/datasets/sabersakin/brainmri/Datasest Merged 1/Datasest Merged 1/meningioma/m1(109).jpg,/kaggle/input/datasets/sabersakin/brainmri/Datasest Merged 1/Datasest Merged 1/meningioma/Tr-me_0184.jpg,0
/kaggle/input/datasets/sabersakin/brainmri/Datasest Merged 1/Datasest Merged 1/notumor/Tr-no_1263.jpg,/kaggle/input/datasets/sabersakin/brainmri/Datasest Merged 1/Datasest Merged 1/notumor/Tr-no_0760.jpg,2
/kaggle/input/datasets/sabersakin/brainmri/Datasest Merged 1/Datasest Merged 1/notumor/Tr-no_1263.jpg,/kaggle/input/datasets/sabersakin/brainmri/Datasest Merged 1/Datasest Merged 1/notumor/Te-no_0226.jpg,2
/kaggle/input/datasets/sabersakin/brainmri/Datasest Merged 1/Datasest Merged 1/notumor/Tr-no_1263.jpg,/kaggle/input/datasets/sabersakin/brainmri/Datasest Merged 1/Datasest Merged 1/notumor/Tr-no_0036.jpg,2
/kaggle/input/datasets/sabersakin/brainmri/Datasest Merged 1/Datasest Merged 1/notumor/Tr-no_1263.jpg,/kaggle/input/datasets/sabersakin/brainmri/Datasest Merged 1/Datasest Merged 1/notumor/Tr-no_1080.jpg,2
/kaggle/input/datasets/sabersakin/brainmri/Datasest Merged 1/Datasest Merged 1/notumor/Tr-no_1263.jpg,/kaggle/input/datasets/sabersakin/brainmri/Datasest Merged 1/Datasest Merged 1/notumor/Tr-no_1200.jpg,2
/kaggle/input/datasets/sabersakin/brainmri/Datasest Merged 1/Datasest Merged 1/notumor/Tr-no_1263.jpg,/kaggle/input/datasets/sabersakin/brainmri/Datasest Merged 1/Datasest Merged 1/notumor/Tr-no_0504.jpg,0
/kaggle/input/datasets/sabersakin/brainmri/Datasest Merged 1/Datasest Merged 1/notumor/image(17).jpg,/kaggle/input/datasets/sabersakin/brainmri/Datasest Merged 1/Datasest Merged 1/notumor/Te-no_0013.jpg,0
/kaggle/input/datasets/sabersakin/brainmri/Datasest Merged 1/Datasest Merged 1/notumor/image(17).jpg,/kaggle/input/datasets/sabersakin/brainmri/Datasest Merged 1/Datasest Merged 1/notumor/image (58).jpg,0
/kaggle/input/datasets/sabersakin/brainmri/Datasest Merged 1/Datasest Merged 1/notumor/Tr-no_0500.jpg,/kaggle/input/datasets/sabersakin/brainmri/Datasest Merged 1/Datasest Merged 1/notumor/Te-no_0223.jpg,4
/kaggle/input/datasets/sabersakin/brainmri/Datasest Merged 1/Datasest Merged 1/notumor/Tr-no_0500.jpg,/kaggle/input/datasets/sabersakin/brainmri/Datasest Merged 1/Datasest Merged 1/notumor/image(311).jpg,4
/kaggle/input/datasets/sabersakin/brainmri/Datasest Merged 1/Datasest Merged 1/notumor/Tr-no_0500.jpg,/kaggle/input/datasets/sabersakin/brainmri/Datasest Merged 1/Datasest Merged 1/notumor/Tr-no_0802.jpg,2
/kaggle/input/datasets/sabersakin/brainmri/Datasest Merged 1/Datasest Merged 1/notumor/Tr-no_0500.jpg,/kaggle/input/datasets/sabersakin/brainmri/Datasest Merged 1/Datasest Merged 1/notumor/Tr-no_1194.jpg,4
/kaggle/input/datasets/sabersakin/brainmri/Datasest Merged 1/Datasest Merged 1/notumor/Tr-no_0500.jpg,/kaggle/input/datasets/sabersakin/brainmri/Datasest Merged 1/Datasest Merged 1/notumor/Tr-no_0304.jpg,4
/kaggle/input/datasets/sabersakin/brainmri/Datasest Merged 1/Datasest Merged 1/notumor/Tr-no_0500.jpg,/kaggle/input/datasets/sabersakin/brainmri/Datasest Merged 1/Datasest Merged 1/notumor/Tr-no_1258.jpg,0
/kaggle/input/datasets/sabersakin/brainmri/Datasest Merged 1/Datasest Merged 1/notumor/Tr-no_0500.jpg,/kaggle/input/datasets/sabersakin/brainmri/Datasest Merged 1/Datasest Merged 1/notumor/Tr-no_0752.jpg,4
/kaggle/input/datasets/sabersakin/brainmri/Datasest Merged 1/Datasest Merged 1/glioma/1890.jpg,/kaggle/input/datasets/sabersakin/brainmri/Datasest Merged 1/Datasest Merged 1/glioma/2015.jpg,4
/kaggle/input/datasets/sabersakin/brainmri/Datasest Merged 1/Datasest Merged 1/notumor/Tr-no_0182.jpg,/kaggle/input/datasets/sabersakin/brainmri/Datasest Merged 1/Datasest Merged 1/notumor/Tr-no_0659.jpg,2
/kaggle/input/datasets/sabersakin/brainmri/Datasest Merged 1/Datasest Merged 1/notumor/Tr-no_0182.jpg,/kaggle/input/datasets/sabersakin/brainmri/Datasest Merged 1/Datasest Merged 1/notumor/Te-no_0227.jpg,2
/kaggle/input/datasets/sabersakin/brainmri/Datasest Merged 1/Datasest Merged 1/notumor/Tr-no_0182.jpg,/kaggle/input/datasets/sabersakin/brainmri/Datasest Merged 1/Datasest Merged 1/notumor/Tr-no_0344.jpg,0
/kaggle/input/datasets/sabersakin/brainmri/Datasest Merged 1/Datasest Merged 1/notumor/Tr-no_0182.jpg,/kaggle/input/datasets/sabersakin/brainmri/Datasest Merged 1/Datasest Merged 1/notumor/image(171).jpg,0
/kaggle/input/datasets/sabersakin/brainmri/Datasest Merged 1/Datasest Merged 1/notumor/Tr-no_0182.jpg,/kaggle/input/datasets/sabersakin/brainmri/Datasest Merged 1/Datasest Merged 1/notumor/Te-no_0165.jpg,2
/kaggle/input/datasets/sabersakin/brainmri/Datasest Merged 1/Datasest Merged 1/notumor/Tr-no_0182.jpg,/kaggle/input/datasets/sabersakin/brainmri/Datasest Merged 1/Datasest Merged 1/notumor/Tr-no_0148.jpg,0
/kaggle/input/datasets/sabersakin/brainmri/Datasest Merged 1/Datasest Merged 1/notumor/Tr-no_0182.jpg,/kaggle/input/datasets/sabersakin/brainmri/Datasest Merged 1/Datasest Merged 1/notumor/Tr-no_0690.jpg,2
/kaggle/input/datasets/sabersakin/brainmri/Datasest Merged 1/Datasest Merged 1/notumor/Tr-no_0182.jpg,/kaggle/input/datasets/sabersakin/brainmri/Datasest Merged 1/Datasest Merged 1/notumor/image(238).jpg,0
/kaggle/input/datasets/sabersakin/brainmri/Datasest Merged 1/Datasest Merged 1/notumor/Tr-no_0182.jpg,/kaggle/input/datasets/sabersakin/brainmri/Datasest Merged 1/Datasest Merged 1/notumor/Tr-no_1104.jpg,0
/kaggle/input/datasets/sabersakin/brainmri/Datasest Merged 1/Datasest Merged 1/notumor/Tr-no_0182.jpg,/kaggle/input/datasets/sabersakin/brainmri/Datasest Merged 1/Datasest Merged 1/notumor/Tr-no_0965.jpg,0
/kaggle/input/datasets/sabersakin/brainmri/Datasest Merged 1/Datasest Merged 1/notumor/Tr-no_0182.jpg,/kaggle/input/datasets/sabersakin/brainmri/Datasest Merged 1/Datasest Merged 1/notumor/Tr-no_1082.jpg,2
/kaggle/input/datasets/sabersakin/brainmri/Datasest Merged 1/Datasest Merged 1/notumor/Tr-no_0182.jpg,/kaggle/input/datasets/sabersakin/brainmri/Datasest Merged 1/Datasest Merged 1/notumor/Te-no_0215.jpg,0
/kaggle/input/datasets/sabersakin/brainmri/Datasest Merged 1/Datasest Merged 1/notumor/Tr-no_0182.jpg,/kaggle/input/datasets/sabersakin/brainmri/Datasest Merged 1/Datasest Merged 1/notumor/Tr-no_0505.jpg,2
/kaggle/input/datasets/sabersakin/brainmri/Datasest Merged 1/Datasest Merged 1/notumor/Tr-no_0182.jpg,/kaggle/input/datasets/sabersakin/brainmri/Datasest Merged 1/Datasest Merged 1/notumor/Tr-no_1048.jpg,0
/kaggle/input/datasets/sabersakin/brainmri/Datasest Merged 1/Datasest Merged 1/notumor/Tr-no_0182.jpg,/kaggle/input/datasets/sabersakin/brainmri/Datasest Merged 1/Datasest Merged 1/notumor/image(292).jpg,0
/kaggle/input/datasets/sabersakin/brainmri/Datasest Merged 1/Datasest Merged 1/notumor/Tr-no_0182.jpg,/kaggle/input/datasets/sabersakin/brainmri/Datasest Merged 1/Datasest Merged 1/notumor/image(201).jpg,0
/kaggle/input/datasets/sabersakin/brainmri/Datasest Merged 1/Datasest Merged 1/notumor/Tr-no_0182.jpg,/kaggle/input/datasets/sabersakin/brainmri/Datasest Merged 1/Datasest Merged 1/notumor/Te-no_0364.jpg,2
/kaggle/input/datasets/sabersakin/brainmri/Datasest Merged 1/Datasest Merged 1/notumor/Tr-no_0182.jpg,/kaggle/input/datasets/sabersakin/brainmri/Datasest Merged 1/Datasest Merged 1/notumor/image (40).jpg,2
/kaggle/input/datasets/sabersakin/brainmri/Datasest Merged 1/Datasest Merged 1/notumor/Tr-no_0182.jpg,/kaggle/input/datasets/sabersakin/brainmri/Datasest Merged 1/Datasest Merged 1/notumor/Tr-no_1013.jpg,0
/kaggle/input/datasets/sabersakin/brainmri/Datasest Merged 1/Datasest Merged 1/notumor/Tr-no_0182.jpg,/kaggle/input/datasets/sabersakin/brainmri/Datasest Merged 1/Datasest Merged 1/notumor/image(78).jpg,0
/kaggle/input/datasets/sabersakin/brainmri/Datasest Merged 1/Datasest Merged 1/notumor/Tr-no_0182.jpg,/kaggle/input/datasets/sabersakin/brainmri/Datasest Merged 1/Datasest Merged 1/notumor/Tr-no_0761.jpg,0
/kaggle/input/datasets/sabersakin/brainmri/Datasest Merged 1/Datasest Merged 1/notumor/Tr-no_0182.jpg,/kaggle/input/datasets/sabersakin/brainmri/Datasest Merged 1/Datasest Merged 1/notumor/Tr-no_0145.jpg,0
/kaggle/input/datasets/sabersakin/brainmri/Datasest Merged 1/Datasest Merged 1/notumor/Tr-no_0182.jpg,/kaggle/input/datasets/sabersakin/brainmri/Datasest Merged 1/Datasest Merged 1/notumor/Te-no_0080.jpg,0
/kaggle/input/datasets/sabersakin/brainmri/Datasest Merged 1/Datasest Merged 1/notumor/Tr-no_0182.jpg,/kaggle/input/datasets/sabersakin/brainmri/Datasest Merged 1/Datasest Merged 1/notumor/Tr-no_1201.jpg,2
/kaggle/input/datasets/sabersakin/brainmri/Datasest Merged 1/Datasest Merged 1/notumor/Tr-no_0182.jpg,/kaggle/input/datasets/sabersakin/brainmri/Datasest Merged 1/Datasest Merged 1/notumor/Tr-no_1102.jpg,0
/kaggle/input/datasets/sabersakin/brainmri/Datasest Merged 1/Datasest Merged 1/notumor/Tr-no_0182.jpg,/kaggle/input/datasets/sabersakin/brainmri/Datasest Merged 1/Datasest Merged 1/notumor/image(169).jpg,0
/kaggle/input/datasets/sabersakin/brainmri/Datasest Merged 1/Datasest Merged 1/notumor/Tr-no_0182.jpg,/kaggle/input/datasets/sabersakin/brainmri/Datasest Merged 1/Datasest Merged 1/notumor/Tr-no_1264.jpg,2
/kaggle/input/datasets/sabersakin/brainmri/Datasest Merged 1/Datasest Merged 1/notumor/Tr-no_0182.jpg,/kaggle/input/datasets/sabersakin/brainmri/Datasest Merged 1/Datasest Merged 1/notumor/Tr-no_0809.jpg,2
/kaggle/input/datasets/sabersakin/brainmri/Datasest Merged 1/Datasest Merged 1/meningioma/Te-me_0082.jpg,/kaggle/input/datasets/sabersakin/brainmri/Datasest Merged 1/Datasest Merged 1/meningioma/image(70).jpg,0
/kaggle/input/datasets/sabersakin/brainmri/Datasest Merged 1/Datasest Merged 1/meningioma/Te-me_0082.jpg,/kaggle/input/datasets/sabersakin/brainmri/Datasest Merged 1/Datasest Merged 1/meningioma/m1(180).jpg,0
/kaggle/input/datasets/sabersakin/brainmri/Datasest Merged 1/Datasest Merged 1/meningioma/Te-me_0082.jpg,/kaggle/input/datasets/sabersakin/brainmri/Datasest Merged 1/Datasest Merged 1/meningioma/Tr-me_0259.jpg,0
/kaggle/input/datasets/sabersakin/brainmri/Datasest Merged 1/Datasest Merged 1/notumor/image(123).jpg,/kaggle/input/datasets/sabersakin/brainmri/Datasest Merged 1/Datasest Merged 1/notumor/Tr-no_0095.jpg,0
/kaggle/input/datasets/sabersakin/brainmri/Datasest Merged 1/Datasest Merged 1/pituitary/Tr-pi_0305.jpg,/kaggle/input/datasets/sabersakin/brainmri/Datasest Merged 1/Datasest Merged 1/pituitary/p (374).jpg,0
/kaggle/input/datasets/sabersakin/brainmri/Datasest Merged 1/Datasest Merged 1/pituitary/Tr-pi_0305.jpg,/kaggle/input/datasets/sabersakin/brainmri/Datasest Merged 1/Datasest Merged 1/pituitary/Tr-pi_0306.jpg,4
/kaggle/input/datasets/sabersakin/brainmri/Datasest Merged 1/Datasest Merged 1/pituitary/Tr-pi_0305.jpg,/kaggle/input/datasets/sabersakin/brainmri/Datasest Merged 1/Datasest Merged 1/pituitary/p (375).jpg,4
/kaggle/input/datasets/sabersakin/brainmri/Datasest Merged 1/Datasest Merged 1/meningioma/Te-me_0029.jpg,/kaggle/input/datasets/sabersakin/brainmri/Datasest Merged 1/Datasest Merged 1/meningioma/image(22).jpg,0
/kaggle/input/datasets/sabersakin/brainmri/Datasest Merged 1/Datasest Merged 1/meningioma/Te-me_0029.jpg,/kaggle/input/datasets/sabersakin/brainmri/Datasest Merged 1/Datasest Merged 1/meningioma/Tr-me_0209.jpg,0
/kaggle/input/datasets/sabersakin/brainmri/Datasest Merged 1/Datasest Merged 1/meningioma/Te-me_0029.jpg,/kaggle/input/datasets/sabersakin/brainmri/Datasest Merged 1/Datasest Merged 1/meningioma/m1(132).jpg,0
/kaggle/input/datasets/sabersakin/brainmri/Datasest Merged 1/Datasest Merged 1/pituitary/2896.jpg,/kaggle/input/datasets/sabersakin/brainmri/Datasest Merged 1/Datasest Merged 1/pituitary/2898.jpg,4
/kaggle/input/datasets/sabersakin/brainmri/Datasest Merged 1/Datasest Merged 1/glioma/1569.jpg,/kaggle/input/datasets/sabersakin/brainmri/Datasest Merged 1/Datasest Merged 1/glioma/1568.jpg,2
/kaggle/input/datasets/sabersakin/brainmri/Datasest Merged 1/Datasest Merged 1/glioma/gg (778).jpg,/kaggle/input/datasets/sabersakin/brainmri/Datasest Merged 1/Datasest Merged 1/glioma/Tr-gl_0111.jpg,0
/kaggle/input/datasets/sabersakin/brainmri/Datasest Merged 1/Datasest Merged 1/notumor/Tr-no_1474.jpg,/kaggle/input/datasets/sabersakin/brainmri/Datasest Merged 1/Datasest Merged 1/notumor/Tr-no_1492.jpg,2
/kaggle/input/datasets/sabersakin/brainmri/Datasest Merged 1/Datasest Merged 1/meningioma/401.jpg,/kaggle/input/datasets/sabersakin/brainmri/Datasest Merged 1/Datasest Merged 1/meningioma/400.jpg,4
/kaggle/input/datasets/sabersakin/brainmri/Datasest Merged 1/Datasest Merged 1/pituitary/Te-pi_0096.jpg,/kaggle/input/datasets/sabersakin/brainmri/Datasest Merged 1/Datasest Merged 1/pituitary/Tr-pi_0845.jpg,4
/kaggle/input/datasets/sabersakin/brainmri/Datasest Merged 1/Datasest Merged 1/meningioma/m (168).jpg,/kaggle/input/datasets/sabersakin/brainmri/Datasest Merged 1/Datasest Merged 1/meningioma/Tr-me_0058.jpg,0
/kaggle/input/datasets/sabersakin/brainmri/Datasest Merged 1/Datasest Merged 1/notumor/Tr-no_0322.jpg,/kaggle/input/datasets/sabersakin/brainmri/Datasest Merged 1/Datasest Merged 1/notumor/Te-no_0058.jpg,0
/kaggle/input/datasets/sabersakin/brainmri/Datasest Merged 1/Datasest Merged 1/notumor/Tr-no_0322.jpg,/kaggle/input/datasets/sabersakin/brainmri/Datasest Merged 1/Datasest Merged 1/notumor/image(359).jpg,0
/kaggle/input/datasets/sabersakin/brainmri/Datasest Merged 1/Datasest Merged 1/meningioma/Tr-me_0192.jpg,/kaggle/input/datasets/sabersakin/brainmri/Datasest Merged 1/Datasest Merged 1/meningioma/Te-me_0081.jpg,0
/kaggle/input/datasets/sabersakin/brainmri/Datasest Merged 1/Datasest Merged 1/meningioma/Tr-me_0192.jpg,/kaggle/input/datasets/sabersakin/brainmri/Datasest Merged 1/Datasest Merged 1/meningioma/m1(117).jpg,0
/kaggle/input/datasets/sabersakin/brainmri/Datasest Merged 1/Datasest Merged 1/meningioma/Tr-me_0192.jpg,/kaggle/input/datasets/sabersakin/brainmri/Datasest Merged 1/Datasest Merged 1/meningioma/image(7).jpg,0
/kaggle/input/datasets/sabersakin/brainmri/Datasest Merged 1/Datasest Merged 1/meningioma/m (167).jpg,/kaggle/input/datasets/sabersakin/brainmri/Datasest Merged 1/Datasest Merged 1/meningioma/Tr-me_0057.jpg,0
/kaggle/input/datasets/sabersakin/brainmri/Datasest Merged 1/Datasest Merged 1/notumor/Tr-no_0293.jpg,/kaggle/input/datasets/sabersakin/brainmri/Datasest Merged 1/Datasest Merged 1/notumor/image(301).jpg,0
/kaggle/input/datasets/sabersakin/brainmri/Datasest Merged 1/Datasest Merged 1/meningioma/Tr-me_0275.jpg,/kaggle/input/datasets/sabersakin/brainmri/Datasest Merged 1/Datasest Merged 1/meningioma/m1(195).jpg,0
/kaggle/input/datasets/sabersakin/brainmri/Datasest Merged 1/Datasest Merged 1/meningioma/Tr-me_0275.jpg,/kaggle/input/datasets/sabersakin/brainmri/Datasest Merged 1/Datasest Merged 1/meningioma/image(85).jpg,0
/kaggle/input/datasets/sabersakin/brainmri/Datasest Merged 1/Datasest Merged 1/meningioma/Tr-me_0275.jpg,/kaggle/input/datasets/sabersakin/brainmri/Datasest Merged 1/Datasest Merged 1/meningioma/Te-me_0098.jpg,0
/kaggle/input/datasets/sabersakin/brainmri/Datasest Merged 1/Datasest Merged 1/meningioma/Tr-me_0275.jpg,/kaggle/input/datasets/sabersakin/brainmri/Datasest Merged 1/Datasest Merged 1/meningioma/Tr-me_0367.jpg,4
/kaggle/input/datasets/sabersakin/brainmri/Datasest Merged 1/Datasest Merged 1/meningioma/Tr-me_0685.jpg,/kaggle/input/datasets/sabersakin/brainmri/Datasest Merged 1/Datasest Merged 1/meningioma/m3 (226).jpg,0
/kaggle/input/datasets/sabersakin/brainmri/Datasest Merged 1/Datasest Merged 1/meningioma/Tr-me_0605.jpg,/kaggle/input/datasets/sabersakin/brainmri/Datasest Merged 1/Datasest Merged 1/meningioma/Tr-me_0604.jpg,4
/kaggle/input/datasets/sabersakin/brainmri/Datasest Merged 1/Datasest Merged 1/meningioma/Tr-me_0605.jpg,/kaggle/input/datasets/sabersakin/brainmri/Datasest Merged 1/Datasest Merged 1/meningioma/m3 (154).jpg,0
/kaggle/input/datasets/sabersakin/brainmri/Datasest Merged 1/Datasest Merged 1/notumor/image.jpg,/kaggle/input/datasets/sabersakin/brainmri/Datasest Merged 1/Datasest Merged 1/notumor/Tr-no_0040.jpg,0
/kaggle/input/datasets/sabersakin/brainmri/Datasest Merged 1/Datasest Merged 1/notumor/image.jpg,/kaggle/input/datasets/sabersakin/brainmri/Datasest Merged 1/Datasest Merged 1/notumor/Te-no_0104.jpg,0
/kaggle/input/datasets/sabersakin/brainmri/Datasest Merged 1/Datasest Merged 1/glioma/Te-gl_0128.jpg,/kaggle/input/datasets/sabersakin/brainmri/Datasest Merged 1/Datasest Merged 1/glioma/Tr-gl_0426.jpg,4
/kaggle/input/datasets/sabersakin/brainmri/Datasest Merged 1/Datasest Merged 1/pituitary/Tr-pi_0507.jpg,/kaggle/input/datasets/sabersakin/brainmri/Datasest Merged 1/Datasest Merged 1/pituitary/p (556).jpg,0
/kaggle/input/datasets/sabersakin/brainmri/Datasest Merged 1/Datasest Merged 1/pituitary/Tr-pi_0507.jpg,/kaggle/input/datasets/sabersakin/brainmri/Datasest Merged 1/Datasest Merged 1/pituitary/Tr-pi_0508.jpg,4
/kaggle/input/datasets/sabersakin/brainmri/Datasest Merged 1/Datasest Merged 1/notumor/image(155).jpg,/kaggle/input/datasets/sabersakin/brainmri/Datasest Merged 1/Datasest Merged 1/notumor/Tr-no_0130.jpg,0
/kaggle/input/datasets/sabersakin/brainmri/Datasest Merged 1/Datasest Merged 1/notumor/image(155).jpg,/kaggle/input/datasets/sabersakin/brainmri/Datasest Merged 1/Datasest Merged 1/notumor/Tr-no_0132.jpg,0
/kaggle/input/datasets/sabersakin/brainmri/Datasest Merged 1/Datasest Merged 1/notumor/image(155).jpg,/kaggle/input/datasets/sabersakin/brainmri/Datasest Merged 1/Datasest Merged 1/notumor/image(404).jpg,0
/kaggle/input/datasets/sabersakin/brainmri/Datasest Merged 1/Datasest Merged 1/notumor/image(155).jpg,/kaggle/input/datasets/sabersakin/brainmri/Datasest Merged 1/Datasest Merged 1/notumor/Tr-no_0116.jpg,0
/kaggle/input/datasets/sabersakin/brainmri/Datasest Merged 1/Datasest Merged 1/notumor/image(155).jpg,/kaggle/input/datasets/sabersakin/brainmri/Datasest Merged 1/Datasest Merged 1/notumor/image(157).jpg,0
/kaggle/input/datasets/sabersakin/brainmri/Datasest Merged 1/Datasest Merged 1/notumor/image(155).jpg,/kaggle/input/datasets/sabersakin/brainmri/Datasest Merged 1/Datasest Merged 1/notumor/image(142).jpg,0
/kaggle/input/datasets/sabersakin/brainmri/Datasest Merged 1/Datasest Merged 1/meningioma/Tr-me_0715.jpg,/kaggle/input/datasets/sabersakin/brainmri/Datasest Merged 1/Datasest Merged 1/meningioma/m3 (30).jpg,0
/kaggle/input/datasets/sabersakin/brainmri/Datasest Merged 1/Datasest Merged 1/pituitary/p (628).jpg,/kaggle/input/datasets/sabersakin/brainmri/Datasest Merged 1/Datasest Merged 1/pituitary/Tr-pi_0570.jpg,0
/kaggle/input/datasets/sabersakin/brainmri/Datasest Merged 1/Datasest Merged 1/notumor/image(75).jpg,/kaggle/input/datasets/sabersakin/brainmri/Datasest Merged 1/Datasest Merged 1/notumor/Tr-no_0341.jpg,0
/kaggle/input/datasets/sabersakin/brainmri/Datasest Merged 1/Datasest Merged 1/notumor/image(75).jpg,/kaggle/input/datasets/sabersakin/brainmri/Datasest Merged 1/Datasest Merged 1/notumor/Te-no_0041.jpg,4
/kaggle/input/datasets/sabersakin/brainmri/Datasest Merged 1/Datasest Merged 1/notumor/image(75).jpg,/kaggle/input/datasets/sabersakin/brainmri/Datasest Merged 1/Datasest Merged 1/notumor/Tr-no_0213.jpg,0
/kaggle/input/datasets/sabersakin/brainmri/Datasest Merged 1/Datasest Merged 1/notumor/image(75).jpg,/kaggle/input/datasets/sabersakin/brainmri/Datasest Merged 1/Datasest Merged 1/notumor/image(349).jpg,0
/kaggle/input/datasets/sabersakin/brainmri/Datasest Merged 1/Datasest Merged 1/notumor/image(75).jpg,/kaggle/input/datasets/sabersakin/brainmri/Datasest Merged 1/Datasest Merged 1/notumor/image(376).jpg,0
/kaggle/input/datasets/sabersakin/brainmri/Datasest Merged 1/Datasest Merged 1/notumor/image(75).jpg,/kaggle/input/datasets/sabersakin/brainmri/Datasest Merged 1/Datasest Merged 1/notumor/Te-no_0077.jpg,0
/kaggle/input/datasets/sabersakin/brainmri/Datasest Merged 1/Datasest Merged 1/notumor/image(75).jpg,/kaggle/input/datasets/sabersakin/brainmri/Datasest Merged 1/Datasest Merged 1/notumor/Tr-no_0146.jpg,4
/kaggle/input/datasets/sabersakin/brainmri/Datasest Merged 1/Datasest Merged 1/notumor/image(75).jpg,/kaggle/input/datasets/sabersakin/brainmri/Datasest Merged 1/Datasest Merged 1/notumor/Tr-no_1181.jpg,0
/kaggle/input/datasets/sabersakin/brainmri/Datasest Merged 1/Datasest Merged 1/notumor/image(75).jpg,/kaggle/input/datasets/sabersakin/brainmri/Datasest Merged 1/Datasest Merged 1/notumor/image(343).jpg,4
/kaggle/input/datasets/sabersakin/brainmri/Datasest Merged 1/Datasest Merged 1/notumor/image(75).jpg,/kaggle/input/datasets/sabersakin/brainmri/Datasest Merged 1/Datasest Merged 1/notumor/image(42).jpg,4
/kaggle/input/datasets/sabersakin/brainmri/Datasest Merged 1/Datasest Merged 1/notumor/image(75).jpg,/kaggle/input/datasets/sabersakin/brainmri/Datasest Merged 1/Datasest Merged 1/notumor/Te-no_0047.jpg,0
/kaggle/input/datasets/sabersakin/brainmri/Datasest Merged 1/Datasest Merged 1/notumor/image(75).jpg,/kaggle/input/datasets/sabersakin/brainmri/Datasest Merged 1/Datasest Merged 1/notumor/image(48).jpg,0
/kaggle/input/datasets/sabersakin/brainmri/Datasest Merged 1/Datasest Merged 1/meningioma/m3 (73).jpg,/kaggle/input/datasets/sabersakin/brainmri/Datasest Merged 1/Datasest Merged 1/meningioma/m3 (72).jpg,4
/kaggle/input/datasets/sabersakin/brainmri/Datasest Merged 1/Datasest Merged 1/meningioma/m3 (73).jpg,/kaggle/input/datasets/sabersakin/brainmri/Datasest Merged 1/Datasest Merged 1/meningioma/Tr-me_0762.jpg,0
/kaggle/input/datasets/sabersakin/brainmri/Datasest Merged 1/Datasest Merged 1/meningioma/m3 (73).jpg,/kaggle/input/datasets/sabersakin/brainmri/Datasest Merged 1/Datasest Merged 1/meningioma/Tr-me_0761.jpg,4
/kaggle/input/datasets/sabersakin/brainmri/Datasest Merged 1/Datasest Merged 1/meningioma/Te-me_0100.jpg,/kaggle/input/datasets/sabersakin/brainmri/Datasest Merged 1/Datasest Merged 1/meningioma/m1(197).jpg,0
/kaggle/input/datasets/sabersakin/brainmri/Datasest Merged 1/Datasest Merged 1/meningioma/Te-me_0100.jpg,/kaggle/input/datasets/sabersakin/brainmri/Datasest Merged 1/Datasest Merged 1/meningioma/image(87).jpg,0
/kaggle/input/datasets/sabersakin/brainmri/Datasest Merged 1/Datasest Merged 1/meningioma/Te-me_0100.jpg,/kaggle/input/datasets/sabersakin/brainmri/Datasest Merged 1/Datasest Merged 1/meningioma/Tr-me_0277.jpg,0
/kaggle/input/datasets/sabersakin/brainmri/Datasest Merged 1/Datasest Merged 1/notumor/Tr-no_1119.jpg,/kaggle/input/datasets/sabersakin/brainmri/Datasest Merged 1/Datasest Merged 1/notumor/Te-no_0303.jpg,0
/kaggle/input/datasets/sabersakin/brainmri/Datasest Merged 1/Datasest Merged 1/notumor/Tr-no_1119.jpg,/kaggle/input/datasets/sabersakin/brainmri/Datasest Merged 1/Datasest Merged 1/notumor/image(188).jpg,0
/kaggle/input/datasets/sabersakin/brainmri/Datasest Merged 1/Datasest Merged 1/notumor/Tr-no_1119.jpg,/kaggle/input/datasets/sabersakin/brainmri/Datasest Merged 1/Datasest Merged 1/notumor/Tr-no_0550.jpg,2
/kaggle/input/datasets/sabersakin/brainmri/Datasest Merged 1/Datasest Merged 1/notumor/Tr-no_1119.jpg,/kaggle/input/datasets/sabersakin/brainmri/Datasest Merged 1/Datasest Merged 1/notumor/Tr-no_0766.jpg,2
/kaggle/input/datasets/sabersakin/brainmri/Datasest Merged 1/Datasest Merged 1/notumor/Tr-no_1119.jpg,/kaggle/input/datasets/sabersakin/brainmri/Datasest Merged 1/Datasest Merged 1/notumor/Tr-no_0166.jpg,0
/kaggle/input/datasets/sabersakin/brainmri/Datasest Merged 1/Datasest Merged 1/meningioma/700.jpg,/kaggle/input/datasets/sabersakin/brainmri/Datasest Merged 1/Datasest Merged 1/meningioma/699.jpg,4
/kaggle/input/datasets/sabersakin/brainmri/Datasest Merged 1/Datasest Merged 1/glioma/Tr-gl_1254.jpg,/kaggle/input/datasets/sabersakin/brainmri/Datasest Merged 1/Datasest Merged 1/glioma/Te-gl_0208.jpg,4
/kaggle/input/datasets/sabersakin/brainmri/Datasest Merged 1/Datasest Merged 1/notumor/Tr-no_0258.jpg,/kaggle/input/datasets/sabersakin/brainmri/Datasest Merged 1/Datasest Merged 1/notumor/image(270).jpg,0
/kaggle/input/datasets/sabersakin/brainmri/Datasest Merged 1/Datasest Merged 1/notumor/Tr-no_0258.jpg,/kaggle/input/datasets/sabersakin/brainmri/Datasest Merged 1/Datasest Merged 1/notumor/image(103).jpg,0
/kaggle/input/datasets/sabersakin/brainmri/Datasest Merged 1/Datasest Merged 1/notumor/Tr-no_0258.jpg,/kaggle/input/datasets/sabersakin/brainmri/Datasest Merged 1/Datasest Merged 1/notumor/Te-noTr_0005.jpg,0
/kaggle/input/datasets/sabersakin/brainmri/Datasest Merged 1/Datasest Merged 1/notumor/Tr-no_0788.jpg,/kaggle/input/datasets/sabersakin/brainmri/Datasest Merged 1/Datasest Merged 1/notumor/Tr-no_1157.jpg,4
/kaggle/input/datasets/sabersakin/brainmri/Datasest Merged 1/Datasest Merged 1/notumor/Tr-no_0788.jpg,/kaggle/input/datasets/sabersakin/brainmri/Datasest Merged 1/Datasest Merged 1/notumor/Tr-no_1049.jpg,0
/kaggle/input/datasets/sabersakin/brainmri/Datasest Merged 1/Datasest Merged 1/notumor/Tr-no_0788.jpg,/kaggle/input/datasets/sabersakin/brainmri/Datasest Merged 1/Datasest Merged 1/notumor/Tr-no_0574.jpg,2
/kaggle/input/datasets/sabersakin/brainmri/Datasest Merged 1/Datasest Merged 1/notumor/Tr-no_0788.jpg,/kaggle/input/datasets/sabersakin/brainmri/Datasest Merged 1/Datasest Merged 1/notumor/Te-no_0306.jpg,4
/kaggle/input/datasets/sabersakin/brainmri/Datasest Merged 1/Datasest Merged 1/notumor/Tr-no_0788.jpg,/kaggle/input/datasets/sabersakin/brainmri/Datasest Merged 1/Datasest Merged 1/notumor/Tr-no_0960.jpg,4
/kaggle/input/datasets/sabersakin/brainmri/Datasest Merged 1/Datasest Merged 1/notumor/Tr-no_0788.jpg,/kaggle/input/datasets/sabersakin/brainmri/Datasest Merged 1/Datasest Merged 1/notumor/Tr-no_0852.jpg,4
/kaggle/input/datasets/sabersakin/brainmri/Datasest Merged 1/Datasest Merged 1/glioma/Tr-gl_0275.jpg,/kaggle/input/datasets/sabersakin/brainmri/Datasest Merged 1/Datasest Merged 1/glioma/Tr-gl_0276.jpg,2
/kaggle/input/datasets/sabersakin/brainmri/Datasest Merged 1/Datasest Merged 1/glioma/Tr-gl_0275.jpg,/kaggle/input/datasets/sabersakin/brainmri/Datasest Merged 1/Datasest Merged 1/glioma/Tr-gl_0277.jpg,4
/kaggle/input/datasets/sabersakin/brainmri/Datasest Merged 1/Datasest Merged 1/glioma/743.jpg,/kaggle/input/datasets/sabersakin/brainmri/Datasest Merged 1/Datasest Merged 1/glioma/742.jpg,4
/kaggle/input/datasets/sabersakin/brainmri/Datasest Merged 1/Datasest Merged 1/glioma/930.jpg,/kaggle/input/datasets/sabersakin/brainmri/Datasest Merged 1/Datasest Merged 1/glioma/929.jpg,4
/kaggle/input/datasets/sabersakin/brainmri/Datasest Merged 1/Datasest Merged 1/glioma/930.jpg,/kaggle/input/datasets/sabersakin/brainmri/Datasest Merged 1/Datasest Merged 1/glioma/932.jpg,4
/kaggle/input/datasets/sabersakin/brainmri/Datasest Merged 1/Datasest Merged 1/meningioma/445.jpg,/kaggle/input/datasets/sabersakin/brainmri/Datasest Merged 1/Datasest Merged 1/meningioma/444.jpg,4
/kaggle/input/datasets/sabersakin/brainmri/Datasest Merged 1/Datasest Merged 1/meningioma/Tr-me_1046.jpg,/kaggle/input/datasets/sabersakin/brainmri/Datasest Merged 1/Datasest Merged 1/meningioma/Tr-me_1047.jpg,2
/kaggle/input/datasets/sabersakin/brainmri/Datasest Merged 1/Datasest Merged 1/pituitary/Tr-pi_0627.jpg,/kaggle/input/datasets/sabersakin/brainmri/Datasest Merged 1/Datasest Merged 1/pituitary/Tr-pi_0628.jpg,2
/kaggle/input/datasets/sabersakin/brainmri/Datasest Merged 1/Datasest Merged 1/pituitary/Tr-pi_0627.jpg,/kaggle/input/datasets/sabersakin/brainmri/Datasest Merged 1/Datasest Merged 1/pituitary/p (695).jpg,0
/kaggle/input/datasets/sabersakin/brainmri/Datasest Merged 1/Datasest Merged 1/pituitary/Tr-pi_0627.jpg,/kaggle/input/datasets/sabersakin/brainmri/Datasest Merged 1/Datasest Merged 1/pituitary/p (696).jpg,2
/kaggle/input/datasets/sabersakin/brainmri/Datasest Merged 1/Datasest Merged 1/notumor/Tr-no_1376.jpg,/kaggle/input/datasets/sabersakin/brainmri/Datasest Merged 1/Datasest Merged 1/notumor/Tr-no_0633.jpg,0
/kaggle/input/datasets/sabersakin/brainmri/Datasest Merged 1/Datasest Merged 1/notumor/Tr-no_1376.jpg,/kaggle/input/datasets/sabersakin/brainmri/Datasest Merged 1/Datasest Merged 1/notumor/Tr-no_1512.jpg,0
/kaggle/input/datasets/sabersakin/brainmri/Datasest Merged 1/Datasest Merged 1/notumor/Tr-no_1376.jpg,/kaggle/input/datasets/sabersakin/brainmri/Datasest Merged 1/Datasest Merged 1/notumor/Te-no_0373.jpg,0
/kaggle/input/datasets/sabersakin/brainmri/Datasest Merged 1/Datasest Merged 1/notumor/Tr-no_1376.jpg,/kaggle/input/datasets/sabersakin/brainmri/Datasest Merged 1/Datasest Merged 1/notumor/Te-no_0333.jpg,0
/kaggle/input/datasets/sabersakin/brainmri/Datasest Merged 1/Datasest Merged 1/notumor/Tr-no_1376.jpg,/kaggle/input/datasets/sabersakin/brainmri/Datasest Merged 1/Datasest Merged 1/notumor/Tr-no_0897.jpg,2
/kaggle/input/datasets/sabersakin/brainmri/Datasest Merged 1/Datasest Merged 1/notumor/Tr-no_1376.jpg,/kaggle/input/datasets/sabersakin/brainmri/Datasest Merged 1/Datasest Merged 1/notumor/Tr-no_0401.jpg,0
/kaggle/input/datasets/sabersakin/brainmri/Datasest Merged 1/Datasest Merged 1/notumor/Tr-no_1376.jpg,/kaggle/input/datasets/sabersakin/brainmri/Datasest Merged 1/Datasest Merged 1/notumor/Tr-no_0896.jpg,4
/kaggle/input/datasets/sabersakin/brainmri/Datasest Merged 1/Datasest Merged 1/notumor/Tr-no_1376.jpg,/kaggle/input/datasets/sabersakin/brainmri/Datasest Merged 1/Datasest Merged 1/notumor/Te-no_0259.jpg,0
/kaggle/input/datasets/sabersakin/brainmri/Datasest Merged 1/Datasest Merged 1/notumor/Tr-no_1376.jpg,/kaggle/input/datasets/sabersakin/brainmri/Datasest Merged 1/Datasest Merged 1/notumor/Tr-no_0453.jpg,0
/kaggle/input/datasets/sabersakin/brainmri/Datasest Merged 1/Datasest Merged 1/notumor/Tr-no_1376.jpg,/kaggle/input/datasets/sabersakin/brainmri/Datasest Merged 1/Datasest Merged 1/notumor/Te-no_0142.jpg,0
/kaggle/input/datasets/sabersakin/brainmri/Datasest Merged 1/Datasest Merged 1/notumor/Tr-no_1376.jpg,/kaggle/input/datasets/sabersakin/brainmri/Datasest Merged 1/Datasest Merged 1/notumor/Tr-no_1279.jpg,0
/kaggle/input/datasets/sabersakin/brainmri/Datasest Merged 1/Datasest Merged 1/meningioma/Tr-me_0044.jpg,/kaggle/input/datasets/sabersakin/brainmri/Datasest Merged 1/Datasest Merged 1/meningioma/Tr-me_0045.jpg,4
/kaggle/input/datasets/sabersakin/brainmri/Datasest Merged 1/Datasest Merged 1/meningioma/Tr-me_0044.jpg,/kaggle/input/datasets/sabersakin/brainmri/Datasest Merged 1/Datasest Merged 1/meningioma/m (152).jpg,4
/kaggle/input/datasets/sabersakin/brainmri/Datasest Merged 1/Datasest Merged 1/meningioma/Tr-me_0044.jpg,/kaggle/input/datasets/sabersakin/brainmri/Datasest Merged 1/Datasest Merged 1/meningioma/m (149).jpg,4
/kaggle/input/datasets/sabersakin/brainmri/Datasest Merged 1/Datasest Merged 1/meningioma/Tr-me_0044.jpg,/kaggle/input/datasets/sabersakin/brainmri/Datasest Merged 1/Datasest Merged 1/meningioma/Te-me_0127.jpg,2
/kaggle/input/datasets/sabersakin/brainmri/Datasest Merged 1/Datasest Merged 1/meningioma/Tr-me_0044.jpg,/kaggle/input/datasets/sabersakin/brainmri/Datasest Merged 1/Datasest Merged 1/meningioma/m (151).jpg,0
/kaggle/input/datasets/sabersakin/brainmri/Datasest Merged 1/Datasest Merged 1/meningioma/Tr-me_0424.jpg,/kaggle/input/datasets/sabersakin/brainmri/Datasest Merged 1/Datasest Merged 1/meningioma/m2 (15).jpg,0
/kaggle/input/datasets/sabersakin/brainmri/Datasest Merged 1/Datasest Merged 1/glioma/gg (28).jpg,/kaggle/input/datasets/sabersakin/brainmri/Datasest Merged 1/Datasest Merged 1/glioma/gg (361).jpg,4
/kaggle/input/datasets/sabersakin/brainmri/Datasest Merged 1/Datasest Merged 1/glioma/1500.jpg,/kaggle/input/datasets/sabersakin/brainmri/Datasest Merged 1/Datasest Merged 1/glioma/1501.jpg,4
/kaggle/input/datasets/sabersakin/brainmri/Datasest Merged 1/Datasest Merged 1/glioma/1500.jpg,/kaggle/input/datasets/sabersakin/brainmri/Datasest Merged 1/Datasest Merged 1/glioma/1499.jpg,0
/kaggle/input/datasets/sabersakin/brainmri/Datasest Merged 1/Datasest Merged 1/notumor/Tr-no_1044.jpg,/kaggle/input/datasets/sabersakin/brainmri/Datasest Merged 1/Datasest Merged 1/notumor/Tr-no_0149.jpg,0
/kaggle/input/datasets/sabersakin/brainmri/Datasest Merged 1/Datasest Merged 1/notumor/Tr-no_1044.jpg,/kaggle/input/datasets/sabersakin/brainmri/Datasest Merged 1/Datasest Merged 1/notumor/Te-no_0164.jpg,2
/kaggle/input/datasets/sabersakin/brainmri/Datasest Merged 1/Datasest Merged 1/notumor/Tr-no_1044.jpg,/kaggle/input/datasets/sabersakin/brainmri/Datasest Merged 1/Datasest Merged 1/notumor/image(217).jpg,0
/kaggle/input/datasets/sabersakin/brainmri/Datasest Merged 1/Datasest Merged 1/notumor/Tr-no_1044.jpg,/kaggle/input/datasets/sabersakin/brainmri/Datasest Merged 1/Datasest Merged 1/notumor/Tr-no_1497.jpg,4
/kaggle/input/datasets/sabersakin/brainmri/Datasest Merged 1/Datasest Merged 1/notumor/Tr-no_1044.jpg,/kaggle/input/datasets/sabersakin/brainmri/Datasest Merged 1/Datasest Merged 1/notumor/Tr-no_1238.jpg,2
/kaggle/input/datasets/sabersakin/brainmri/Datasest Merged 1/Datasest Merged 1/notumor/Tr-no_1044.jpg,/kaggle/input/datasets/sabersakin/brainmri/Datasest Merged 1/Datasest Merged 1/notumor/Tr-no_0988.jpg,0
/kaggle/input/datasets/sabersakin/brainmri/Datasest Merged 1/Datasest Merged 1/notumor/Tr-no_1044.jpg,/kaggle/input/datasets/sabersakin/brainmri/Datasest Merged 1/Datasest Merged 1/notumor/Tr-no_1000.jpg,0
/kaggle/input/datasets/sabersakin/brainmri/Datasest Merged 1/Datasest Merged 1/notumor/Tr-no_1044.jpg,/kaggle/input/datasets/sabersakin/brainmri/Datasest Merged 1/Datasest Merged 1/notumor/Te-no_0276.jpg,2
/kaggle/input/datasets/sabersakin/brainmri/Datasest Merged 1/Datasest Merged 1/notumor/Tr-no_1044.jpg,/kaggle/input/datasets/sabersakin/brainmri/Datasest Merged 1/Datasest Merged 1/notumor/Tr-no_1046.jpg,0
/kaggle/input/datasets/sabersakin/brainmri/Datasest Merged 1/Datasest Merged 1/notumor/Tr-no_1044.jpg,/kaggle/input/datasets/sabersakin/brainmri/Datasest Merged 1/Datasest Merged 1/notumor/Tr-no_0564.jpg,0
/kaggle/input/datasets/sabersakin/brainmri/Datasest Merged 1/Datasest Merged 1/notumor/Tr-no_1044.jpg,/kaggle/input/datasets/sabersakin/brainmri/Datasest Merged 1/Datasest Merged 1/notumor/image(166).jpg,0
/kaggle/input/datasets/sabersakin/brainmri/Datasest Merged 1/Datasest Merged 1/notumor/Tr-no_1044.jpg,/kaggle/input/datasets/sabersakin/brainmri/Datasest Merged 1/Datasest Merged 1/notumor/Tr-no_0785.jpg,2
/kaggle/input/datasets/sabersakin/brainmri/Datasest Merged 1/Datasest Merged 1/notumor/Tr-no_1044.jpg,/kaggle/input/datasets/sabersakin/brainmri/Datasest Merged 1/Datasest Merged 1/notumor/Tr-no_0733.jpg,4
/kaggle/input/datasets/sabersakin/brainmri/Datasest Merged 1/Datasest Merged 1/notumor/Tr-no_1044.jpg,/kaggle/input/datasets/sabersakin/brainmri/Datasest Merged 1/Datasest Merged 1/notumor/image(167).jpg,0
/kaggle/input/datasets/sabersakin/brainmri/Datasest Merged 1/Datasest Merged 1/notumor/Tr-no_1044.jpg,/kaggle/input/datasets/sabersakin/brainmri/Datasest Merged 1/Datasest Merged 1/notumor/Te-no_0310.jpg,0
/kaggle/input/datasets/sabersakin/brainmri/Datasest Merged 1/Datasest Merged 1/notumor/Tr-no_1044.jpg,/kaggle/input/datasets/sabersakin/brainmri/Datasest Merged 1/Datasest Merged 1/notumor/Tr-no_1239.jpg,2
/kaggle/input/datasets/sabersakin/brainmri/Datasest Merged 1/Datasest Merged 1/notumor/Tr-no_1044.jpg,/kaggle/input/datasets/sabersakin/brainmri/Datasest Merged 1/Datasest Merged 1/notumor/image(172).jpg,0
/kaggle/input/datasets/sabersakin/brainmri/Datasest Merged 1/Datasest Merged 1/notumor/Tr-no_1044.jpg,/kaggle/input/datasets/sabersakin/brainmri/Datasest Merged 1/Datasest Merged 1/notumor/Tr-no_1483.jpg,2
/kaggle/input/datasets/sabersakin/brainmri/Datasest Merged 1/Datasest Merged 1/notumor/Tr-no_1044.jpg,/kaggle/input/datasets/sabersakin/brainmri/Datasest Merged 1/Datasest Merged 1/notumor/Tr-no_0712.jpg,0
/kaggle/input/datasets/sabersakin/brainmri/Datasest Merged 1/Datasest Merged 1/notumor/Tr-no_1044.jpg,/kaggle/input/datasets/sabersakin/brainmri/Datasest Merged 1/Datasest Merged 1/notumor/Te-no_0274.jpg,2
/kaggle/input/datasets/sabersakin/brainmri/Datasest Merged 1/Datasest Merged 1/notumor/Tr-no_1044.jpg,/kaggle/input/datasets/sabersakin/brainmri/Datasest Merged 1/Datasest Merged 1/notumor/Tr-no_0142.jpg,0
/kaggle/input/datasets/sabersakin/brainmri/Datasest Merged 1/Datasest Merged 1/notumor/Tr-no_1044.jpg,/kaggle/input/datasets/sabersakin/brainmri/Datasest Merged 1/Datasest Merged 1/notumor/Tr-no_0143.jpg,0
/kaggle/input/datasets/sabersakin/brainmri/Datasest Merged 1/Datasest Merged 1/meningioma/Tr-me_0048.jpg,/kaggle/input/datasets/sabersakin/brainmri/Datasest Merged 1/Datasest Merged 1/meningioma/Tr-me_0047.jpg,4
/kaggle/input/datasets/sabersakin/brainmri/Datasest Merged 1/Datasest Merged 1/meningioma/Tr-me_0048.jpg,/kaggle/input/datasets/sabersakin/brainmri/Datasest Merged 1/Datasest Merged 1/meningioma/m (155).jpg,4
/kaggle/input/datasets/sabersakin/brainmri/Datasest Merged 1/Datasest Merged 1/glioma/gg (776).jpg,/kaggle/input/datasets/sabersakin/brainmri/Datasest Merged 1/Datasest Merged 1/glioma/gg (777).jpg,4
/kaggle/input/datasets/sabersakin/brainmri/Datasest Merged 1/Datasest Merged 1/glioma/gg (776).jpg,/kaggle/input/datasets/sabersakin/brainmri/Datasest Merged 1/Datasest Merged 1/glioma/Te-gl_0061.jpg,4
/kaggle/input/datasets/sabersakin/brainmri/Datasest Merged 1/Datasest Merged 1/meningioma/Tr-me_0213.jpg,/kaggle/input/datasets/sabersakin/brainmri/Datasest Merged 1/Datasest Merged 1/meningioma/m1(136).jpg,0
/kaggle/input/datasets/sabersakin/brainmri/Datasest Merged 1/Datasest Merged 1/meningioma/Tr-me_0043.jpg,/kaggle/input/datasets/sabersakin/brainmri/Datasest Merged 1/Datasest Merged 1/meningioma/Tr-me_0034.jpg,4
/kaggle/input/datasets/sabersakin/brainmri/Datasest Merged 1/Datasest Merged 1/meningioma/Tr-me_0043.jpg,/kaggle/input/datasets/sabersakin/brainmri/Datasest Merged 1/Datasest Merged 1/meningioma/m (14).jpg,4
/kaggle/input/datasets/sabersakin/brainmri/Datasest Merged 1/Datasest Merged 1/meningioma/Tr-me_0043.jpg,/kaggle/input/datasets/sabersakin/brainmri/Datasest Merged 1/Datasest Merged 1/meningioma/m (15).jpg,0
/kaggle/input/datasets/sabersakin/brainmri/Datasest Merged 1/Datasest Merged 1/glioma/gg (768).jpg,/kaggle/input/datasets/sabersakin/brainmri/Datasest Merged 1/Datasest Merged 1/glioma/gg (769).jpg,4
/kaggle/input/datasets/sabersakin/brainmri/Datasest Merged 1/Datasest Merged 1/glioma/gg (768).jpg,/kaggle/input/datasets/sabersakin/brainmri/Datasest Merged 1/Datasest Merged 1/glioma/Te-gl_0059.jpg,4
/kaggle/input/datasets/sabersakin/brainmri/Datasest Merged 1/Datasest Merged 1/pituitary/p (757).jpg,/kaggle/input/datasets/sabersakin/brainmri/Datasest Merged 1/Datasest Merged 1/pituitary/Te-pi_0049.jpg,0
/kaggle/input/datasets/sabersakin/brainmri/Datasest Merged 1/Datasest Merged 1/meningioma/Te-me_0083.jpg,/kaggle/input/datasets/sabersakin/brainmri/Datasest Merged 1/Datasest Merged 1/meningioma/image(71).jpg,0
/kaggle/input/datasets/sabersakin/brainmri/Datasest Merged 1/Datasest Merged 1/meningioma/Te-me_0083.jpg,/kaggle/input/datasets/sabersakin/brainmri/Datasest Merged 1/Datasest Merged 1/meningioma/Tr-me_0260.jpg,0
/kaggle/input/datasets/sabersakin/brainmri/Datasest Merged 1/Datasest Merged 1/notumor/image(62).jpg,/kaggle/input/datasets/sabersakin/brainmri/Datasest Merged 1/Datasest Merged 1/notumor/image(363).jpg,0
/kaggle/input/datasets/sabersakin/brainmri/Datasest Merged 1/Datasest Merged 1/notumor/image(62).jpg,/kaggle/input/datasets/sabersakin/brainmri/Datasest Merged 1/Datasest Merged 1/notumor/Te-no_0063.jpg,0
/kaggle/input/datasets/sabersakin/brainmri/Datasest Merged 1/Datasest Merged 1/notumor/image(62).jpg,/kaggle/input/datasets/sabersakin/brainmri/Datasest Merged 1/Datasest Merged 1/notumor/Te-no_0057.jpg,2
/kaggle/input/datasets/sabersakin/brainmri/Datasest Merged 1/Datasest Merged 1/notumor/image(62).jpg,/kaggle/input/datasets/sabersakin/brainmri/Datasest Merged 1/Datasest Merged 1/notumor/Tr-no_0326.jpg,0
/kaggle/input/datasets/sabersakin/brainmri/Datasest Merged 1/Datasest Merged 1/notumor/image(62).jpg,/kaggle/input/datasets/sabersakin/brainmri/Datasest Merged 1/Datasest Merged 1/notumor/image(57).jpg,2
/kaggle/input/datasets/sabersakin/brainmri/Datasest Merged 1/Datasest Merged 1/notumor/image(62).jpg,/kaggle/input/datasets/sabersakin/brainmri/Datasest Merged 1/Datasest Merged 1/notumor/Tr-no_0313.jpg,2
/kaggle/input/datasets/sabersakin/brainmri/Datasest Merged 1/Datasest Merged 1/notumor/image(62).jpg,/kaggle/input/datasets/sabersakin/brainmri/Datasest Merged 1/Datasest Merged 1/notumor/image(358).jpg,2
/kaggle/input/datasets/sabersakin/brainmri/Datasest Merged 1/Datasest Merged 1/notumor/image(62).jpg,/kaggle/input/datasets/sabersakin/brainmri/Datasest Merged 1/Datasest Merged 1/notumor/Tr-no_1174.jpg,0
/kaggle/input/datasets/sabersakin/brainmri/Datasest Merged 1/Datasest Merged 1/meningioma/m1(58).jpg,/kaggle/input/datasets/sabersakin/brainmri/Datasest Merged 1/Datasest Merged 1/meningioma/Tr-me_0323.jpg,0
/kaggle/input/datasets/sabersakin/brainmri/Datasest Merged 1/Datasest Merged 1/glioma/image(12).jpg,/kaggle/input/datasets/sabersakin/brainmri/Datasest Merged 1/Datasest Merged 1/glioma/image(90).jpg,0
/kaggle/input/datasets/sabersakin/brainmri/Datasest Merged 1/Datasest Merged 1/glioma/image(12).jpg,/kaggle/input/datasets/sabersakin/brainmri/Datasest Merged 1/Datasest Merged 1/glioma/image(11).jpg,0
/kaggle/input/datasets/sabersakin/brainmri/Datasest Merged 1/Datasest Merged 1/meningioma/m1(201).jpg,/kaggle/input/datasets/sabersakin/brainmri/Datasest Merged 1/Datasest Merged 1/meningioma/m1(96).jpg,2
/kaggle/input/datasets/sabersakin/brainmri/Datasest Merged 1/Datasest Merged 1/meningioma/m1(201).jpg,/kaggle/input/datasets/sabersakin/brainmri/Datasest Merged 1/Datasest Merged 1/meningioma/Tr-me_0364.jpg,2
/kaggle/input/datasets/sabersakin/brainmri/Datasest Merged 1/Datasest Merged 1/meningioma/m1(201).jpg,/kaggle/input/datasets/sabersakin/brainmri/Datasest Merged 1/Datasest Merged 1/meningioma/image(113).jpg,2
/kaggle/input/datasets/sabersakin/brainmri/Datasest Merged 1/Datasest Merged 1/meningioma/m1(201).jpg,/kaggle/input/datasets/sabersakin/brainmri/Datasest Merged 1/Datasest Merged 1/meningioma/Tr-me_0282.jpg,0
/kaggle/input/datasets/sabersakin/brainmri/Datasest Merged 1/Datasest Merged 1/meningioma/m1(201).jpg,/kaggle/input/datasets/sabersakin/brainmri/Datasest Merged 1/Datasest Merged 1/meningioma/Te-meTr_0009.jpg,2
/kaggle/input/datasets/sabersakin/brainmri/Datasest Merged 1/Datasest Merged 1/meningioma/m1(201).jpg,/kaggle/input/datasets/sabersakin/brainmri/Datasest Merged 1/Datasest Merged 1/meningioma/image(91).jpg,0
/kaggle/input/datasets/sabersakin/brainmri/Datasest Merged 1/Datasest Merged 1/meningioma/m1(201).jpg,/kaggle/input/datasets/sabersakin/brainmri/Datasest Merged 1/Datasest Merged 1/meningioma/Te-me_0105.jpg,0
/kaggle/input/datasets/sabersakin/brainmri/Datasest Merged 1/Datasest Merged 1/pituitary/p (28).jpg,/kaggle/input/datasets/sabersakin/brainmri/Datasest Merged 1/Datasest Merged 1/pituitary/p (27).jpg,2
/kaggle/input/datasets/sabersakin/brainmri/Datasest Merged 1/Datasest Merged 1/pituitary/p (28).jpg,/kaggle/input/datasets/sabersakin/brainmri/Datasest Merged 1/Datasest Merged 1/pituitary/Tr-pi_0200.jpg,0
/kaggle/input/datasets/sabersakin/brainmri/Datasest Merged 1/Datasest Merged 1/pituitary/p (28).jpg,/kaggle/input/datasets/sabersakin/brainmri/Datasest Merged 1/Datasest Merged 1/pituitary/Tr-pi_0189.jpg,2
/kaggle/input/datasets/sabersakin/brainmri/Datasest Merged 1/Datasest Merged 1/pituitary/p (28).jpg,/kaggle/input/datasets/sabersakin/brainmri/Datasest Merged 1/Datasest Merged 1/pituitary/p (26).jpg,4
/kaggle/input/datasets/sabersakin/brainmri/Datasest Merged 1/Datasest Merged 1/pituitary/p (28).jpg,/kaggle/input/datasets/sabersakin/brainmri/Datasest Merged 1/Datasest Merged 1/pituitary/Tr-pi_0178.jpg,4
/kaggle/input/datasets/sabersakin/brainmri/Datasest Merged 1/Datasest Merged 1/meningioma/Tr-me_0741.jpg,/kaggle/input/datasets/sabersakin/brainmri/Datasest Merged 1/Datasest Merged 1/meningioma/m3 (54).jpg,0
/kaggle/input/datasets/sabersakin/brainmri/Datasest Merged 1/Datasest Merged 1/pituitary/Tr-pi_0577.jpg,/kaggle/input/datasets/sabersakin/brainmri/Datasest Merged 1/Datasest Merged 1/pituitary/p (636).jpg,0
/kaggle/input/datasets/sabersakin/brainmri/Datasest Merged 1/Datasest Merged 1/notumor/image(365).jpg,/kaggle/input/datasets/sabersakin/brainmri/Datasest Merged 1/Datasest Merged 1/notumor/image(32).jpg,0
/kaggle/input/datasets/sabersakin/brainmri/Datasest Merged 1/Datasest Merged 1/notumor/image(365).jpg,/kaggle/input/datasets/sabersakin/brainmri/Datasest Merged 1/Datasest Merged 1/notumor/image(64).jpg,0
/kaggle/input/datasets/sabersakin/brainmri/Datasest Merged 1/Datasest Merged 1/notumor/image(365).jpg,/kaggle/input/datasets/sabersakin/brainmri/Datasest Merged 1/Datasest Merged 1/notumor/Tr-no_0362.jpg,0
/kaggle/input/datasets/sabersakin/brainmri/Datasest Merged 1/Datasest Merged 1/notumor/image(365).jpg,/kaggle/input/datasets/sabersakin/brainmri/Datasest Merged 1/Datasest Merged 1/notumor/Tr-no_0977.jpg,0
/kaggle/input/datasets/sabersakin/brainmri/Datasest Merged 1/Datasest Merged 1/notumor/image(365).jpg,/kaggle/input/datasets/sabersakin/brainmri/Datasest Merged 1/Datasest Merged 1/notumor/Te-no_0065.jpg,0
/kaggle/input/datasets/sabersakin/brainmri/Datasest Merged 1/Datasest Merged 1/notumor/image(365).jpg,/kaggle/input/datasets/sabersakin/brainmri/Datasest Merged 1/Datasest Merged 1/notumor/Tr-no_0328.jpg,0
/kaggle/input/datasets/sabersakin/brainmri/Datasest Merged 1/Datasest Merged 1/notumor/image(365).jpg,/kaggle/input/datasets/sabersakin/brainmri/Datasest Merged 1/Datasest Merged 1/notumor/Te-no_0030.jpg,0
/kaggle/input/datasets/sabersakin/brainmri/Datasest Merged 1/Datasest Merged 1/notumor/image(365).jpg,/kaggle/input/datasets/sabersakin/brainmri/Datasest Merged 1/Datasest Merged 1/notumor/image(333).jpg,0
/kaggle/input/datasets/sabersakin/brainmri/Datasest Merged 1/Datasest Merged 1/notumor/Tr-no_1028.jpg,/kaggle/input/datasets/sabersakin/brainmri/Datasest Merged 1/Datasest Merged 1/notumor/Tr-no_1342.jpg,2
/kaggle/input/datasets/sabersakin/brainmri/Datasest Merged 1/Datasest Merged 1/notumor/Tr-no_1028.jpg,/kaggle/input/datasets/sabersakin/brainmri/Datasest Merged 1/Datasest Merged 1/notumor/Te-no_0299.jpg,0
/kaggle/input/datasets/sabersakin/brainmri/Datasest Merged 1/Datasest Merged 1/meningioma/Tr-me_1257.jpg,/kaggle/input/datasets/sabersakin/brainmri/Datasest Merged 1/Datasest Merged 1/meningioma/Tr-me_1255.jpg,2
/kaggle/input/datasets/sabersakin/brainmri/Datasest Merged 1/Datasest Merged 1/meningioma/Tr-me_1257.jpg,/kaggle/input/datasets/sabersakin/brainmri/Datasest Merged 1/Datasest Merged 1/meningioma/Te-me_0293.jpg,2
/kaggle/input/datasets/sabersakin/brainmri/Datasest Merged 1/Datasest Merged 1/meningioma/Tr-me_1257.jpg,/kaggle/input/datasets/sabersakin/brainmri/Datasest Merged 1/Datasest Merged 1/meningioma/Tr-me_1258.jpg,4
/kaggle/input/datasets/sabersakin/brainmri/Datasest Merged 1/Datasest Merged 1/notumor/Tr-no_0791.jpg,/kaggle/input/datasets/sabersakin/brainmri/Datasest Merged 1/Datasest Merged 1/notumor/Tr-no_0169.jpg,0
/kaggle/input/datasets/sabersakin/brainmri/Datasest Merged 1/Datasest Merged 1/notumor/Tr-no_0791.jpg,/kaggle/input/datasets/sabersakin/brainmri/Datasest Merged 1/Datasest Merged 1/notumor/Tr-no_1085.jpg,0
/kaggle/input/datasets/sabersakin/brainmri/Datasest Merged 1/Datasest Merged 1/notumor/Tr-no_0791.jpg,/kaggle/input/datasets/sabersakin/brainmri/Datasest Merged 1/Datasest Merged 1/notumor/Te-no_0206.jpg,0
/kaggle/input/datasets/sabersakin/brainmri/Datasest Merged 1/Datasest Merged 1/notumor/Tr-no_0791.jpg,/kaggle/input/datasets/sabersakin/brainmri/Datasest Merged 1/Datasest Merged 1/notumor/image(190).jpg,0
/kaggle/input/datasets/sabersakin/brainmri/Datasest Merged 1/Datasest Merged 1/notumor/Tr-no_0791.jpg,/kaggle/input/datasets/sabersakin/brainmri/Datasest Merged 1/Datasest Merged 1/notumor/Tr-no_0624.jpg,2
/kaggle/input/datasets/sabersakin/brainmri/Datasest Merged 1/Datasest Merged 1/notumor/Tr-no_0791.jpg,/kaggle/input/datasets/sabersakin/brainmri/Datasest Merged 1/Datasest Merged 1/notumor/Tr-no_1123.jpg,0
/kaggle/input/datasets/sabersakin/brainmri/Datasest Merged 1/Datasest Merged 1/notumor/Tr-no_0791.jpg,/kaggle/input/datasets/sabersakin/brainmri/Datasest Merged 1/Datasest Merged 1/notumor/Tr-no_0701.jpg,0
/kaggle/input/datasets/sabersakin/brainmri/Datasest Merged 1/Datasest Merged 1/meningioma/Te-me_0026.jpg,/kaggle/input/datasets/sabersakin/brainmri/Datasest Merged 1/Datasest Merged 1/meningioma/m1(192).jpg,0
/kaggle/input/datasets/sabersakin/brainmri/Datasest Merged 1/Datasest Merged 1/meningioma/Te-me_0026.jpg,/kaggle/input/datasets/sabersakin/brainmri/Datasest Merged 1/Datasest Merged 1/meningioma/m1(111).jpg,0
/kaggle/input/datasets/sabersakin/brainmri/Datasest Merged 1/Datasest Merged 1/meningioma/Te-me_0026.jpg,/kaggle/input/datasets/sabersakin/brainmri/Datasest Merged 1/Datasest Merged 1/meningioma/image(2).jpg,0
/kaggle/input/datasets/sabersakin/brainmri/Datasest Merged 1/Datasest Merged 1/meningioma/Te-me_0026.jpg,/kaggle/input/datasets/sabersakin/brainmri/Datasest Merged 1/Datasest Merged 1/meningioma/Te-me_0095.jpg,0
/kaggle/input/datasets/sabersakin/brainmri/Datasest Merged 1/Datasest Merged 1/meningioma/Te-me_0026.jpg,/kaggle/input/datasets/sabersakin/brainmri/Datasest Merged 1/Datasest Merged 1/glioma/image(48).jpg,2
/kaggle/input/datasets/sabersakin/brainmri/Datasest Merged 1/Datasest Merged 1/meningioma/Te-me_0026.jpg,/kaggle/input/datasets/sabersakin/brainmri/Datasest Merged 1/Datasest Merged 1/meningioma/Tr-me_0187.jpg,0
/kaggle/input/datasets/sabersakin/brainmri/Datasest Merged 1/Datasest Merged 1/meningioma/Te-me_0026.jpg,/kaggle/input/datasets/sabersakin/brainmri/Datasest Merged 1/Datasest Merged 1/meningioma/image(82).jpg,0
/kaggle/input/datasets/sabersakin/brainmri/Datasest Merged 1/Datasest Merged 1/meningioma/Te-me_0026.jpg,/kaggle/input/datasets/sabersakin/brainmri/Datasest Merged 1/Datasest Merged 1/meningioma/Te-me_0068.jpg,2
/kaggle/input/datasets/sabersakin/brainmri/Datasest Merged 1/Datasest Merged 1/meningioma/Te-me_0026.jpg,/kaggle/input/datasets/sabersakin/brainmri/Datasest Merged 1/Datasest Merged 1/meningioma/m1(168).jpg,2
/kaggle/input/datasets/sabersakin/brainmri/Datasest Merged 1/Datasest Merged 1/meningioma/Te-me_0026.jpg,/kaggle/input/datasets/sabersakin/brainmri/Datasest Merged 1/Datasest Merged 1/meningioma/Tr-me_0246.jpg,2
/kaggle/input/datasets/sabersakin/brainmri/Datasest Merged 1/Datasest Merged 1/meningioma/Te-me_0026.jpg,/kaggle/input/datasets/sabersakin/brainmri/Datasest Merged 1/Datasest Merged 1/meningioma/image(58).jpg,2
/kaggle/input/datasets/sabersakin/brainmri/Datasest Merged 1/Datasest Merged 1/pituitary/p (614).jpg,/kaggle/input/datasets/sabersakin/brainmri/Datasest Merged 1/Datasest Merged 1/pituitary/Tr-pi_0559.jpg,4
/kaggle/input/datasets/sabersakin/brainmri/Datasest Merged 1/Datasest Merged 1/pituitary/p (614).jpg,/kaggle/input/datasets/sabersakin/brainmri/Datasest Merged 1/Datasest Merged 1/pituitary/p (615).jpg,4
/kaggle/input/datasets/sabersakin/brainmri/Datasest Merged 1/Datasest Merged 1/pituitary/p (614).jpg,/kaggle/input/datasets/sabersakin/brainmri/Datasest Merged 1/Datasest Merged 1/pituitary/Tr-pi_0560.jpg,4
/kaggle/input/datasets/sabersakin/brainmri/Datasest Merged 1/Datasest Merged 1/pituitary/p (614).jpg,/kaggle/input/datasets/sabersakin/brainmri/Datasest Merged 1/Datasest Merged 1/pituitary/p (616).jpg,4
/kaggle/input/datasets/sabersakin/brainmri/Datasest Merged 1/Datasest Merged 1/pituitary/p (614).jpg,/kaggle/input/datasets/sabersakin/brainmri/Datasest Merged 1/Datasest Merged 1/pituitary/Tr-pi_0558.jpg,0
/kaggle/input/datasets/sabersakin/brainmri/Datasest Merged 1/Datasest Merged 1/pituitary/p (392).jpg,/kaggle/input/datasets/sabersakin/brainmri/Datasest Merged 1/Datasest Merged 1/pituitary/Tr-pi_0325.jpg,0
/kaggle/input/datasets/sabersakin/brainmri/Datasest Merged 1/Datasest Merged 1/pituitary/p (392).jpg,/kaggle/input/datasets/sabersakin/brainmri/Datasest Merged 1/Datasest Merged 1/pituitary/Tr-pi_0327.jpg,4
/kaggle/input/datasets/sabersakin/brainmri/Datasest Merged 1/Datasest Merged 1/pituitary/p (392).jpg,/kaggle/input/datasets/sabersakin/brainmri/Datasest Merged 1/Datasest Merged 1/pituitary/p (394).jpg,4
/kaggle/input/datasets/sabersakin/brainmri/Datasest Merged 1/Datasest Merged 1/pituitary/p (392).jpg,/kaggle/input/datasets/sabersakin/brainmri/Datasest Merged 1/Datasest Merged 1/pituitary/Tr-pi_0326.jpg,4
/kaggle/input/datasets/sabersakin/brainmri/Datasest Merged 1/Datasest Merged 1/glioma/844.jpg,/kaggle/input/datasets/sabersakin/brainmri/Datasest Merged 1/Datasest Merged 1/glioma/845.jpg,4
/kaggle/input/datasets/sabersakin/brainmri/Datasest Merged 1/Datasest Merged 1/meningioma/Te-me_0066.jpg,/kaggle/input/datasets/sabersakin/brainmri/Datasest Merged 1/Datasest Merged 1/meningioma/m1(166).jpg,0
/kaggle/input/datasets/sabersakin/brainmri/Datasest Merged 1/Datasest Merged 1/meningioma/Te-me_0066.jpg,/kaggle/input/datasets/sabersakin/brainmri/Datasest Merged 1/Datasest Merged 1/meningioma/image(56).jpg,0
/kaggle/input/datasets/sabersakin/brainmri/Datasest Merged 1/Datasest Merged 1/meningioma/Te-me_0066.jpg,/kaggle/input/datasets/sabersakin/brainmri/Datasest Merged 1/Datasest Merged 1/meningioma/Tr-me_0244.jpg,0
/kaggle/input/datasets/sabersakin/brainmri/Datasest Merged 1/Datasest Merged 1/pituitary/2863.jpg,/kaggle/input/datasets/sabersakin/brainmri/Datasest Merged 1/Datasest Merged 1/pituitary/2861.jpg,4
/kaggle/input/datasets/sabersakin/brainmri/Datasest Merged 1/Datasest Merged 1/pituitary/2863.jpg,/kaggle/input/datasets/sabersakin/brainmri/Datasest Merged 1/Datasest Merged 1/pituitary/2862.jpg,4
/kaggle/input/datasets/sabersakin/brainmri/Datasest Merged 1/Datasest Merged 1/pituitary/Te-pi_0122.jpg,/kaggle/input/datasets/sabersakin/brainmri/Datasest Merged 1/Datasest Merged 1/pituitary/Tr-pi_0924.jpg,4
/kaggle/input/datasets/sabersakin/brainmri/Datasest Merged 1/Datasest Merged 1/pituitary/Te-pi_0122.jpg,/kaggle/input/datasets/sabersakin/brainmri/Datasest Merged 1/Datasest Merged 1/pituitary/Tr-pi_0925.jpg,4
/kaggle/input/datasets/sabersakin/brainmri/Datasest Merged 1/Datasest Merged 1/glioma/Tr-gl_0795.jpg,/kaggle/input/datasets/sabersakin/brainmri/Datasest Merged 1/Datasest Merged 1/glioma/Tr-gl_0794.jpg,4
/kaggle/input/datasets/sabersakin/brainmri/Datasest Merged 1/Datasest Merged 1/glioma/Tr-gl_0907.jpg,/kaggle/input/datasets/sabersakin/brainmri/Datasest Merged 1/Datasest Merged 1/glioma/Tr-gl_0906.jpg,4
/kaggle/input/datasets/sabersakin/brainmri/Datasest Merged 1/Datasest Merged 1/glioma/gg (9).jpg,/kaggle/input/datasets/sabersakin/brainmri/Datasest Merged 1/Datasest Merged 1/glioma/gg (8).jpg,4
/kaggle/input/datasets/sabersakin/brainmri/Datasest Merged 1/Datasest Merged 1/notumor/Te-no_0038.jpg,/kaggle/input/datasets/sabersakin/brainmri/Datasest Merged 1/Datasest Merged 1/notumor/Tr-no_0044.jpg,0
/kaggle/input/datasets/sabersakin/brainmri/Datasest Merged 1/Datasest Merged 1/notumor/Te-no_0038.jpg,/kaggle/input/datasets/sabersakin/brainmri/Datasest Merged 1/Datasest Merged 1/notumor/image (45).jpg,0
/kaggle/input/datasets/sabersakin/brainmri/Datasest Merged 1/Datasest Merged 1/notumor/Te-no_0038.jpg,/kaggle/input/datasets/sabersakin/brainmri/Datasest Merged 1/Datasest Merged 1/notumor/image(4).jpg,0
/kaggle/input/datasets/sabersakin/brainmri/Datasest Merged 1/Datasest Merged 1/notumor/Tr-no_0350.jpg,/kaggle/input/datasets/sabersakin/brainmri/Datasest Merged 1/Datasest Merged 1/notumor/image(354).jpg,0
/kaggle/input/datasets/sabersakin/brainmri/Datasest Merged 1/Datasest Merged 1/notumor/Tr-no_0350.jpg,/kaggle/input/datasets/sabersakin/brainmri/Datasest Merged 1/Datasest Merged 1/notumor/Tr-no_0982.jpg,0
/kaggle/input/datasets/sabersakin/brainmri/Datasest Merged 1/Datasest Merged 1/notumor/Tr-no_0350.jpg,/kaggle/input/datasets/sabersakin/brainmri/Datasest Merged 1/Datasest Merged 1/notumor/image(49).jpg,0
/kaggle/input/datasets/sabersakin/brainmri/Datasest Merged 1/Datasest Merged 1/notumor/Tr-no_0350.jpg,/kaggle/input/datasets/sabersakin/brainmri/Datasest Merged 1/Datasest Merged 1/notumor/image(53).jpg,0
/kaggle/input/datasets/sabersakin/brainmri/Datasest Merged 1/Datasest Merged 1/notumor/Tr-no_0350.jpg,/kaggle/input/datasets/sabersakin/brainmri/Datasest Merged 1/Datasest Merged 1/notumor/Tr-no_0224.jpg,0
/kaggle/input/datasets/sabersakin/brainmri/Datasest Merged 1/Datasest Merged 1/notumor/Tr-no_0350.jpg,/kaggle/input/datasets/sabersakin/brainmri/Datasest Merged 1/Datasest Merged 1/notumor/Tr-no_0268.jpg,0
/kaggle/input/datasets/sabersakin/brainmri/Datasest Merged 1/Datasest Merged 1/notumor/Tr-no_0350.jpg,/kaggle/input/datasets/sabersakin/brainmri/Datasest Merged 1/Datasest Merged 1/notumor/image(350).jpg,0
/kaggle/input/datasets/sabersakin/brainmri/Datasest Merged 1/Datasest Merged 1/notumor/Tr-no_0350.jpg,/kaggle/input/datasets/sabersakin/brainmri/Datasest Merged 1/Datasest Merged 1/notumor/image(385).jpg,0
/kaggle/input/datasets/sabersakin/brainmri/Datasest Merged 1/Datasest Merged 1/notumor/Tr-no_0350.jpg,/kaggle/input/datasets/sabersakin/brainmri/Datasest Merged 1/Datasest Merged 1/notumor/Te-no_0068.jpg,0
/kaggle/input/datasets/sabersakin/brainmri/Datasest Merged 1/Datasest Merged 1/notumor/Tr-no_0350.jpg,/kaggle/input/datasets/sabersakin/brainmri/Datasest Merged 1/Datasest Merged 1/notumor/image(84).jpg,0
/kaggle/input/datasets/sabersakin/brainmri/Datasest Merged 1/Datasest Merged 1/notumor/Tr-no_0350.jpg,/kaggle/input/datasets/sabersakin/brainmri/Datasest Merged 1/Datasest Merged 1/notumor/Te-no_0048.jpg,0
/kaggle/input/datasets/sabersakin/brainmri/Datasest Merged 1/Datasest Merged 1/notumor/Tr-no_0350.jpg,/kaggle/input/datasets/sabersakin/brainmri/Datasest Merged 1/Datasest Merged 1/notumor/Tr-no_0056.jpg,0
/kaggle/input/datasets/sabersakin/brainmri/Datasest Merged 1/Datasest Merged 1/notumor/Tr-no_0350.jpg,/kaggle/input/datasets/sabersakin/brainmri/Datasest Merged 1/Datasest Merged 1/notumor/Te-no_0087.jpg,0
/kaggle/input/datasets/sabersakin/brainmri/Datasest Merged 1/Datasest Merged 1/notumor/Tr-no_0350.jpg,/kaggle/input/datasets/sabersakin/brainmri/Datasest Merged 1/Datasest Merged 1/notumor/image(368).jpg,0
/kaggle/input/datasets/sabersakin/brainmri/Datasest Merged 1/Datasest Merged 1/notumor/Tr-no_0350.jpg,/kaggle/input/datasets/sabersakin/brainmri/Datasest Merged 1/Datasest Merged 1/notumor/Te-no_0053.jpg,0
/kaggle/input/datasets/sabersakin/brainmri/Datasest Merged 1/Datasest Merged 1/notumor/Tr-no_0350.jpg,/kaggle/input/datasets/sabersakin/brainmri/Datasest Merged 1/Datasest Merged 1/notumor/Tr-no_0332.jpg,0
/kaggle/input/datasets/sabersakin/brainmri/Datasest Merged 1/Datasest Merged 1/notumor/Tr-no_0350.jpg,/kaggle/input/datasets/sabersakin/brainmri/Datasest Merged 1/Datasest Merged 1/notumor/image (56).jpg,0
/kaggle/input/datasets/sabersakin/brainmri/Datasest Merged 1/Datasest Merged 1/meningioma/m3 (65).jpg,/kaggle/input/datasets/sabersakin/brainmri/Datasest Merged 1/Datasest Merged 1/meningioma/Tr-me_0753.jpg,0
/kaggle/input/datasets/sabersakin/brainmri/Datasest Merged 1/Datasest Merged 1/meningioma/Tr-me_0784.jpg,/kaggle/input/datasets/sabersakin/brainmri/Datasest Merged 1/Datasest Merged 1/meningioma/m3 (93).jpg,0
/kaggle/input/datasets/sabersakin/brainmri/Datasest Merged 1/Datasest Merged 1/glioma/1234.jpg,/kaggle/input/datasets/sabersakin/brainmri/Datasest Merged 1/Datasest Merged 1/glioma/1233.jpg,4
/kaggle/input/datasets/sabersakin/brainmri/Datasest Merged 1/Datasest Merged 1/glioma/gg (169).jpg,/kaggle/input/datasets/sabersakin/brainmri/Datasest Merged 1/Datasest Merged 1/glioma/gg (170).jpg,4
/kaggle/input/datasets/sabersakin/brainmri/Datasest Merged 1/Datasest Merged 1/pituitary/p (307).jpg,/kaggle/input/datasets/sabersakin/brainmri/Datasest Merged 1/Datasest Merged 1/pituitary/Tr-pi_0231.jpg,0
/kaggle/input/datasets/sabersakin/brainmri/Datasest Merged 1/Datasest Merged 1/pituitary/p (307).jpg,/kaggle/input/datasets/sabersakin/brainmri/Datasest Merged 1/Datasest Merged 1/pituitary/Tr-pi_0225.jpg,4
/kaggle/input/datasets/sabersakin/brainmri/Datasest Merged 1/Datasest Merged 1/pituitary/p (307).jpg,/kaggle/input/datasets/sabersakin/brainmri/Datasest Merged 1/Datasest Merged 1/pituitary/p (301).jpg,4
/kaggle/input/datasets/sabersakin/brainmri/Datasest Merged 1/Datasest Merged 1/glioma/Tr-gl_0414.jpg,/kaggle/input/datasets/sabersakin/brainmri/Datasest Merged 1/Datasest Merged 1/glioma/Tr-gl_0413.jpg,4
/kaggle/input/datasets/sabersakin/brainmri/Datasest Merged 1/Datasest Merged 1/glioma/1863.jpg,/kaggle/input/datasets/sabersakin/brainmri/Datasest Merged 1/Datasest Merged 1/glioma/1862.jpg,4
/kaggle/input/datasets/sabersakin/brainmri/Datasest Merged 1/Datasest Merged 1/meningioma/547.jpg,/kaggle/input/datasets/sabersakin/brainmri/Datasest Merged 1/Datasest Merged 1/meningioma/546.jpg,4
/kaggle/input/datasets/sabersakin/brainmri/Datasest Merged 1/Datasest Merged 1/meningioma/m2 (120).jpg,/kaggle/input/datasets/sabersakin/brainmri/Datasest Merged 1/Datasest Merged 1/meningioma/Tr-me_0392.jpg,0
/kaggle/input/datasets/sabersakin/brainmri/Datasest Merged 1/Datasest Merged 1/notumor/Tr-no_0603.jpg,/kaggle/input/datasets/sabersakin/brainmri/Datasest Merged 1/Datasest Merged 1/notumor/Tr-no_0741.jpg,0
/kaggle/input/datasets/sabersakin/brainmri/Datasest Merged 1/Datasest Merged 1/notumor/Tr-no_0603.jpg,/kaggle/input/datasets/sabersakin/brainmri/Datasest Merged 1/Datasest Merged 1/notumor/Tr-no_1038.jpg,0
/kaggle/input/datasets/sabersakin/brainmri/Datasest Merged 1/Datasest Merged 1/notumor/Tr-no_0603.jpg,/kaggle/input/datasets/sabersakin/brainmri/Datasest Merged 1/Datasest Merged 1/notumor/Te-no_0204.jpg,0
/kaggle/input/datasets/sabersakin/brainmri/Datasest Merged 1/Datasest Merged 1/notumor/Tr-no_0603.jpg,/kaggle/input/datasets/sabersakin/brainmri/Datasest Merged 1/Datasest Merged 1/notumor/Tr-no_0699.jpg,0
/kaggle/input/datasets/sabersakin/brainmri/Datasest Merged 1/Datasest Merged 1/notumor/Te-no_0293.jpg,/kaggle/input/datasets/sabersakin/brainmri/Datasest Merged 1/Datasest Merged 1/notumor/Tr-no_1222.jpg,2
/kaggle/input/datasets/sabersakin/brainmri/Datasest Merged 1/Datasest Merged 1/notumor/Te-no_0293.jpg,/kaggle/input/datasets/sabersakin/brainmri/Datasest Merged 1/Datasest Merged 1/notumor/Tr-no_0673.jpg,2
/kaggle/input/datasets/sabersakin/brainmri/Datasest Merged 1/Datasest Merged 1/notumor/Te-no_0293.jpg,/kaggle/input/datasets/sabersakin/brainmri/Datasest Merged 1/Datasest Merged 1/notumor/Te-no_0200.jpg,4
/kaggle/input/datasets/sabersakin/brainmri/Datasest Merged 1/Datasest Merged 1/notumor/Te-no_0293.jpg,/kaggle/input/datasets/sabersakin/brainmri/Datasest Merged 1/Datasest Merged 1/notumor/Tr-no_0815.jpg,4
/kaggle/input/datasets/sabersakin/brainmri/Datasest Merged 1/Datasest Merged 1/notumor/Te-no_0293.jpg,/kaggle/input/datasets/sabersakin/brainmri/Datasest Merged 1/Datasest Merged 1/notumor/Tr-no_0730.jpg,2
/kaggle/input/datasets/sabersakin/brainmri/Datasest Merged 1/Datasest Merged 1/notumor/Te-no_0293.jpg,/kaggle/input/datasets/sabersakin/brainmri/Datasest Merged 1/Datasest Merged 1/notumor/Te-no_0367.jpg,2
/kaggle/input/datasets/sabersakin/brainmri/Datasest Merged 1/Datasest Merged 1/notumor/Te-no_0293.jpg,/kaggle/input/datasets/sabersakin/brainmri/Datasest Merged 1/Datasest Merged 1/notumor/Tr-no_0523.jpg,4
/kaggle/input/datasets/sabersakin/brainmri/Datasest Merged 1/Datasest Merged 1/notumor/Te-no_0293.jpg,/kaggle/input/datasets/sabersakin/brainmri/Datasest Merged 1/Datasest Merged 1/notumor/Te-no_0160.jpg,2
/kaggle/input/datasets/sabersakin/brainmri/Datasest Merged 1/Datasest Merged 1/notumor/Tr-no_0544.jpg,/kaggle/input/datasets/sabersakin/brainmri/Datasest Merged 1/Datasest Merged 1/notumor/Tr-no_1024.jpg,2
/kaggle/input/datasets/sabersakin/brainmri/Datasest Merged 1/Datasest Merged 1/notumor/Tr-no_0544.jpg,/kaggle/input/datasets/sabersakin/brainmri/Datasest Merged 1/Datasest Merged 1/notumor/Tr-no_0144.jpg,2
/kaggle/input/datasets/sabersakin/brainmri/Datasest Merged 1/Datasest Merged 1/notumor/Tr-no_0544.jpg,/kaggle/input/datasets/sabersakin/brainmri/Datasest Merged 1/Datasest Merged 1/notumor/Te-no_0221.jpg,2
/kaggle/input/datasets/sabersakin/brainmri/Datasest Merged 1/Datasest Merged 1/notumor/Tr-no_0544.jpg,/kaggle/input/datasets/sabersakin/brainmri/Datasest Merged 1/Datasest Merged 1/notumor/Tr-no_1043.jpg,2
/kaggle/input/datasets/sabersakin/brainmri/Datasest Merged 1/Datasest Merged 1/notumor/Tr-no_0544.jpg,/kaggle/input/datasets/sabersakin/brainmri/Datasest Merged 1/Datasest Merged 1/notumor/Tr-no_0294.jpg,2
/kaggle/input/datasets/sabersakin/brainmri/Datasest Merged 1/Datasest Merged 1/notumor/Tr-no_0544.jpg,/kaggle/input/datasets/sabersakin/brainmri/Datasest Merged 1/Datasest Merged 1/notumor/Tr-no_0556.jpg,4
/kaggle/input/datasets/sabersakin/brainmri/Datasest Merged 1/Datasest Merged 1/notumor/Tr-no_0544.jpg,/kaggle/input/datasets/sabersakin/brainmri/Datasest Merged 1/Datasest Merged 1/notumor/Tr-no_1220.jpg,2
/kaggle/input/datasets/sabersakin/brainmri/Datasest Merged 1/Datasest Merged 1/pituitary/p (156).jpg,/kaggle/input/datasets/sabersakin/brainmri/Datasest Merged 1/Datasest Merged 1/pituitary/Tr-pi_0062.jpg,4
/kaggle/input/datasets/sabersakin/brainmri/Datasest Merged 1/Datasest Merged 1/pituitary/p (156).jpg,/kaggle/input/datasets/sabersakin/brainmri/Datasest Merged 1/Datasest Merged 1/pituitary/p (155).jpg,4
/kaggle/input/datasets/sabersakin/brainmri/Datasest Merged 1/Datasest Merged 1/pituitary/p (156).jpg,/kaggle/input/datasets/sabersakin/brainmri/Datasest Merged 1/Datasest Merged 1/pituitary/Tr-pi_0063.jpg,0
/kaggle/input/datasets/sabersakin/brainmri/Datasest Merged 1/Datasest Merged 1/notumor/Te-no_0263.jpg,/kaggle/input/datasets/sabersakin/brainmri/Datasest Merged 1/Datasest Merged 1/notumor/Tr-no_1336.jpg,0
/kaggle/input/datasets/sabersakin/brainmri/Datasest Merged 1/Datasest Merged 1/notumor/Te-no_0263.jpg,/kaggle/input/datasets/sabersakin/brainmri/Datasest Merged 1/Datasest Merged 1/notumor/Tr-no_0602.jpg,2
/kaggle/input/datasets/sabersakin/brainmri/Datasest Merged 1/Datasest Merged 1/notumor/Te-no_0263.jpg,/kaggle/input/datasets/sabersakin/brainmri/Datasest Merged 1/Datasest Merged 1/notumor/Tr-no_0451.jpg,2
/kaggle/input/datasets/sabersakin/brainmri/Datasest Merged 1/Datasest Merged 1/notumor/Te-no_0263.jpg,/kaggle/input/datasets/sabersakin/brainmri/Datasest Merged 1/Datasest Merged 1/notumor/Te-no_0374.jpg,0
/kaggle/input/datasets/sabersakin/brainmri/Datasest Merged 1/Datasest Merged 1/notumor/Te-no_0263.jpg,/kaggle/input/datasets/sabersakin/brainmri/Datasest Merged 1/Datasest Merged 1/notumor/Te-no_0352.jpg,2
/kaggle/input/datasets/sabersakin/brainmri/Datasest Merged 1/Datasest Merged 1/pituitary/Tr-pi_1276.jpg,/kaggle/input/datasets/sabersakin/brainmri/Datasest Merged 1/Datasest Merged 1/pituitary/Tr-pi_1275.jpg,4
/kaggle/input/datasets/sabersakin/brainmri/Datasest Merged 1/Datasest Merged 1/notumor/Tr-no_1432.jpg,/kaggle/input/datasets/sabersakin/brainmri/Datasest Merged 1/Datasest Merged 1/notumor/Te-no_0137.jpg,0
/kaggle/input/datasets/sabersakin/brainmri/Datasest Merged 1/Datasest Merged 1/notumor/Tr-no_1432.jpg,/kaggle/input/datasets/sabersakin/brainmri/Datasest Merged 1/Datasest Merged 1/notumor/Tr-no_1328.jpg,2
/kaggle/input/datasets/sabersakin/brainmri/Datasest Merged 1/Datasest Merged 1/notumor/Tr-no_1432.jpg,/kaggle/input/datasets/sabersakin/brainmri/Datasest Merged 1/Datasest Merged 1/notumor/Tr-no_0851.jpg,2
/kaggle/input/datasets/sabersakin/brainmri/Datasest Merged 1/Datasest Merged 1/pituitary/p (781).jpg,/kaggle/input/datasets/sabersakin/brainmri/Datasest Merged 1/Datasest Merged 1/pituitary/Te-pi_0055.jpg,0
/kaggle/input/datasets/sabersakin/brainmri/Datasest Merged 1/Datasest Merged 1/glioma/Tr-gl_0126.jpg,/kaggle/input/datasets/sabersakin/brainmri/Datasest Merged 1/Datasest Merged 1/glioma/Tr-gl_0125.jpg,4
/kaggle/input/datasets/sabersakin/brainmri/Datasest Merged 1/Datasest Merged 1/glioma/Tr-gl_0126.jpg,/kaggle/input/datasets/sabersakin/brainmri/Datasest Merged 1/Datasest Merged 1/glioma/Te-gl_0075.jpg,4
/kaggle/input/datasets/sabersakin/brainmri/Datasest Merged 1/Datasest Merged 1/meningioma/m3 (79).jpg,/kaggle/input/datasets/sabersakin/brainmri/Datasest Merged 1/Datasest Merged 1/meningioma/m3 (80).jpg,4
/kaggle/input/datasets/sabersakin/brainmri/Datasest Merged 1/Datasest Merged 1/meningioma/m3 (79).jpg,/kaggle/input/datasets/sabersakin/brainmri/Datasest Merged 1/Datasest Merged 1/meningioma/Tr-me_0768.jpg,0
/kaggle/input/datasets/sabersakin/brainmri/Datasest Merged 1/Datasest Merged 1/meningioma/m3 (79).jpg,/kaggle/input/datasets/sabersakin/brainmri/Datasest Merged 1/Datasest Merged 1/meningioma/Tr-me_0770.jpg,4
/kaggle/input/datasets/sabersakin/brainmri/Datasest Merged 1/Datasest Merged 1/glioma/Tr-gl_0023.jpg,/kaggle/input/datasets/sabersakin/brainmri/Datasest Merged 1/Datasest Merged 1/glioma/gg (364).jpg,0
/kaggle/input/datasets/sabersakin/brainmri/Datasest Merged 1/Datasest Merged 1/notumor/image(68).jpg,/kaggle/input/datasets/sabersakin/brainmri/Datasest Merged 1/Datasest Merged 1/notumor/Te-no_0029.jpg,0
/kaggle/input/datasets/sabersakin/brainmri/Datasest Merged 1/Datasest Merged 1/notumor/image(68).jpg,/kaggle/input/datasets/sabersakin/brainmri/Datasest Merged 1/Datasest Merged 1/notumor/Te-no_0069.jpg,0
/kaggle/input/datasets/sabersakin/brainmri/Datasest Merged 1/Datasest Merged 1/notumor/image(68).jpg,/kaggle/input/datasets/sabersakin/brainmri/Datasest Merged 1/Datasest Merged 1/notumor/image(31).jpg,0
/kaggle/input/datasets/sabersakin/brainmri/Datasest Merged 1/Datasest Merged 1/notumor/image(68).jpg,/kaggle/input/datasets/sabersakin/brainmri/Datasest Merged 1/Datasest Merged 1/notumor/image(369).jpg,0
/kaggle/input/datasets/sabersakin/brainmri/Datasest Merged 1/Datasest Merged 1/notumor/image(68).jpg,/kaggle/input/datasets/sabersakin/brainmri/Datasest Merged 1/Datasest Merged 1/notumor/Tr-no_0333.jpg,0
/kaggle/input/datasets/sabersakin/brainmri/Datasest Merged 1/Datasest Merged 1/meningioma/m (64).jpg,/kaggle/input/datasets/sabersakin/brainmri/Datasest Merged 1/Datasest Merged 1/meningioma/Tr-me_0137.jpg,4
/kaggle/input/datasets/sabersakin/brainmri/Datasest Merged 1/Datasest Merged 1/meningioma/m (64).jpg,/kaggle/input/datasets/sabersakin/brainmri/Datasest Merged 1/Datasest Merged 1/meningioma/m (65).jpg,4
/kaggle/input/datasets/sabersakin/brainmri/Datasest Merged 1/Datasest Merged 1/notumor/Tr-no_0927.jpg,/kaggle/input/datasets/sabersakin/brainmri/Datasest Merged 1/Datasest Merged 1/notumor/Tr-no_0420.jpg,2
/kaggle/input/datasets/sabersakin/brainmri/Datasest Merged 1/Datasest Merged 1/notumor/Tr-no_0927.jpg,/kaggle/input/datasets/sabersakin/brainmri/Datasest Merged 1/Datasest Merged 1/notumor/Tr-no_1403.jpg,2
/kaggle/input/datasets/sabersakin/brainmri/Datasest Merged 1/Datasest Merged 1/pituitary/Tr-pi_0220.jpg,/kaggle/input/datasets/sabersakin/brainmri/Datasest Merged 1/Datasest Merged 1/pituitary/Tr-pi_0219.jpg,2
/kaggle/input/datasets/sabersakin/brainmri/Datasest Merged 1/Datasest Merged 1/pituitary/Tr-pi_0220.jpg,/kaggle/input/datasets/sabersakin/brainmri/Datasest Merged 1/Datasest Merged 1/pituitary/p (298).jpg,0
/kaggle/input/datasets/sabersakin/brainmri/Datasest Merged 1/Datasest Merged 1/pituitary/Tr-pi_0220.jpg,/kaggle/input/datasets/sabersakin/brainmri/Datasest Merged 1/Datasest Merged 1/pituitary/p (297).jpg,2
/kaggle/input/datasets/sabersakin/brainmri/Datasest Merged 1/Datasest Merged 1/meningioma/370.jpg,/kaggle/input/datasets/sabersakin/brainmri/Datasest Merged 1/Datasest Merged 1/meningioma/371.jpg,4
/kaggle/input/datasets/sabersakin/brainmri/Datasest Merged 1/Datasest Merged 1/notumor/Tr-no_0222.jpg,/kaggle/input/datasets/sabersakin/brainmri/Datasest Merged 1/Datasest Merged 1/notumor/Tr-no_0659.jpg,2
/kaggle/input/datasets/sabersakin/brainmri/Datasest Merged 1/Datasest Merged 1/notumor/Tr-no_0222.jpg,/kaggle/input/datasets/sabersakin/brainmri/Datasest Merged 1/Datasest Merged 1/notumor/Te-no_0227.jpg,2
/kaggle/input/datasets/sabersakin/brainmri/Datasest Merged 1/Datasest Merged 1/notumor/Tr-no_0222.jpg,/kaggle/input/datasets/sabersakin/brainmri/Datasest Merged 1/Datasest Merged 1/notumor/Tr-no_0344.jpg,0
/kaggle/input/datasets/sabersakin/brainmri/Datasest Merged 1/Datasest Merged 1/notumor/Tr-no_0222.jpg,/kaggle/input/datasets/sabersakin/brainmri/Datasest Merged 1/Datasest Merged 1/notumor/image(171).jpg,0
/kaggle/input/datasets/sabersakin/brainmri/Datasest Merged 1/Datasest Merged 1/notumor/Tr-no_0222.jpg,/kaggle/input/datasets/sabersakin/brainmri/Datasest Merged 1/Datasest Merged 1/notumor/Te-no_0165.jpg,2
/kaggle/input/datasets/sabersakin/brainmri/Datasest Merged 1/Datasest Merged 1/notumor/Tr-no_0222.jpg,/kaggle/input/datasets/sabersakin/brainmri/Datasest Merged 1/Datasest Merged 1/notumor/Tr-no_0148.jpg,0
/kaggle/input/datasets/sabersakin/brainmri/Datasest Merged 1/Datasest Merged 1/notumor/Tr-no_0222.jpg,/kaggle/input/datasets/sabersakin/brainmri/Datasest Merged 1/Datasest Merged 1/notumor/Tr-no_0690.jpg,2
/kaggle/input/datasets/sabersakin/brainmri/Datasest Merged 1/Datasest Merged 1/notumor/Tr-no_0222.jpg,/kaggle/input/datasets/sabersakin/brainmri/Datasest Merged 1/Datasest Merged 1/notumor/image(238).jpg,0
/kaggle/input/datasets/sabersakin/brainmri/Datasest Merged 1/Datasest Merged 1/notumor/Tr-no_0222.jpg,/kaggle/input/datasets/sabersakin/brainmri/Datasest Merged 1/Datasest Merged 1/notumor/Tr-no_1104.jpg,0
/kaggle/input/datasets/sabersakin/brainmri/Datasest Merged 1/Datasest Merged 1/notumor/Tr-no_0222.jpg,/kaggle/input/datasets/sabersakin/brainmri/Datasest Merged 1/Datasest Merged 1/notumor/Tr-no_0965.jpg,0
/kaggle/input/datasets/sabersakin/brainmri/Datasest Merged 1/Datasest Merged 1/notumor/Tr-no_0222.jpg,/kaggle/input/datasets/sabersakin/brainmri/Datasest Merged 1/Datasest Merged 1/notumor/Tr-no_1082.jpg,2
/kaggle/input/datasets/sabersakin/brainmri/Datasest Merged 1/Datasest Merged 1/notumor/Tr-no_0222.jpg,/kaggle/input/datasets/sabersakin/brainmri/Datasest Merged 1/Datasest Merged 1/notumor/Te-no_0215.jpg,0
/kaggle/input/datasets/sabersakin/brainmri/Datasest Merged 1/Datasest Merged 1/notumor/Tr-no_0222.jpg,/kaggle/input/datasets/sabersakin/brainmri/Datasest Merged 1/Datasest Merged 1/notumor/Tr-no_0505.jpg,2
/kaggle/input/datasets/sabersakin/brainmri/Datasest Merged 1/Datasest Merged 1/notumor/Tr-no_0222.jpg,/kaggle/input/datasets/sabersakin/brainmri/Datasest Merged 1/Datasest Merged 1/notumor/Tr-no_1048.jpg,0
/kaggle/input/datasets/sabersakin/brainmri/Datasest Merged 1/Datasest Merged 1/notumor/Tr-no_0222.jpg,/kaggle/input/datasets/sabersakin/brainmri/Datasest Merged 1/Datasest Merged 1/notumor/image(292).jpg,0
/kaggle/input/datasets/sabersakin/brainmri/Datasest Merged 1/Datasest Merged 1/notumor/Tr-no_0222.jpg,/kaggle/input/datasets/sabersakin/brainmri/Datasest Merged 1/Datasest Merged 1/notumor/image(201).jpg,0
/kaggle/input/datasets/sabersakin/brainmri/Datasest Merged 1/Datasest Merged 1/notumor/Tr-no_0222.jpg,/kaggle/input/datasets/sabersakin/brainmri/Datasest Merged 1/Datasest Merged 1/notumor/Te-no_0364.jpg,2
/kaggle/input/datasets/sabersakin/brainmri/Datasest Merged 1/Datasest Merged 1/notumor/Tr-no_0222.jpg,/kaggle/input/datasets/sabersakin/brainmri/Datasest Merged 1/Datasest Merged 1/notumor/image (40).jpg,2
/kaggle/input/datasets/sabersakin/brainmri/Datasest Merged 1/Datasest Merged 1/notumor/Tr-no_0222.jpg,/kaggle/input/datasets/sabersakin/brainmri/Datasest Merged 1/Datasest Merged 1/notumor/Tr-no_1013.jpg,0
/kaggle/input/datasets/sabersakin/brainmri/Datasest Merged 1/Datasest Merged 1/notumor/Tr-no_0222.jpg,/kaggle/input/datasets/sabersakin/brainmri/Datasest Merged 1/Datasest Merged 1/notumor/image(78).jpg,0
/kaggle/input/datasets/sabersakin/brainmri/Datasest Merged 1/Datasest Merged 1/notumor/Tr-no_0222.jpg,/kaggle/input/datasets/sabersakin/brainmri/Datasest Merged 1/Datasest Merged 1/notumor/Tr-no_0761.jpg,0
/kaggle/input/datasets/sabersakin/brainmri/Datasest Merged 1/Datasest Merged 1/notumor/Tr-no_0222.jpg,/kaggle/input/datasets/sabersakin/brainmri/Datasest Merged 1/Datasest Merged 1/notumor/Tr-no_0145.jpg,0
/kaggle/input/datasets/sabersakin/brainmri/Datasest Merged 1/Datasest Merged 1/notumor/Tr-no_0222.jpg,/kaggle/input/datasets/sabersakin/brainmri/Datasest Merged 1/Datasest Merged 1/notumor/Te-no_0080.jpg,0
/kaggle/input/datasets/sabersakin/brainmri/Datasest Merged 1/Datasest Merged 1/notumor/Tr-no_0222.jpg,/kaggle/input/datasets/sabersakin/brainmri/Datasest Merged 1/Datasest Merged 1/notumor/Tr-no_1201.jpg,2
/kaggle/input/datasets/sabersakin/brainmri/Datasest Merged 1/Datasest Merged 1/notumor/Tr-no_0222.jpg,/kaggle/input/datasets/sabersakin/brainmri/Datasest Merged 1/Datasest Merged 1/notumor/Tr-no_1102.jpg,0
/kaggle/input/datasets/sabersakin/brainmri/Datasest Merged 1/Datasest Merged 1/notumor/Tr-no_0222.jpg,/kaggle/input/datasets/sabersakin/brainmri/Datasest Merged 1/Datasest Merged 1/notumor/image(169).jpg,0
/kaggle/input/datasets/sabersakin/brainmri/Datasest Merged 1/Datasest Merged 1/notumor/Tr-no_0222.jpg,/kaggle/input/datasets/sabersakin/brainmri/Datasest Merged 1/Datasest Merged 1/notumor/Tr-no_1264.jpg,2
/kaggle/input/datasets/sabersakin/brainmri/Datasest Merged 1/Datasest Merged 1/notumor/Tr-no_0222.jpg,/kaggle/input/datasets/sabersakin/brainmri/Datasest Merged 1/Datasest Merged 1/notumor/Tr-no_0809.jpg,2
/kaggle/input/datasets/sabersakin/brainmri/Datasest Merged 1/Datasest Merged 1/notumor/Te-no_0071.jpg,/kaggle/input/datasets/sabersakin/brainmri/Datasest Merged 1/Datasest Merged 1/notumor/image (48).jpg,0
/kaggle/input/datasets/sabersakin/brainmri/Datasest Merged 1/Datasest Merged 1/notumor/Te-no_0071.jpg,/kaggle/input/datasets/sabersakin/brainmri/Datasest Merged 1/Datasest Merged 1/notumor/image(7).jpg,0
/kaggle/input/datasets/sabersakin/brainmri/Datasest Merged 1/Datasest Merged 1/notumor/Te-no_0071.jpg,/kaggle/input/datasets/sabersakin/brainmri/Datasest Merged 1/Datasest Merged 1/notumor/Tr-no_0047.jpg,0
/kaggle/input/datasets/sabersakin/brainmri/Datasest Merged 1/Datasest Merged 1/glioma/2092.jpg,/kaggle/input/datasets/sabersakin/brainmri/Datasest Merged 1/Datasest Merged 1/glioma/2091.jpg,4
/kaggle/input/datasets/sabersakin/brainmri/Datasest Merged 1/Datasest Merged 1/pituitary/Tr-pi_0695.jpg,/kaggle/input/datasets/sabersakin/brainmri/Datasest Merged 1/Datasest Merged 1/pituitary/p (774).jpg,0
/kaggle/input/datasets/sabersakin/brainmri/Datasest Merged 1/Datasest Merged 1/notumor/Te-no_0175.jpg,/kaggle/input/datasets/sabersakin/brainmri/Datasest Merged 1/Datasest Merged 1/notumor/Tr-no_0758.jpg,0
/kaggle/input/datasets/sabersakin/brainmri/Datasest Merged 1/Datasest Merged 1/notumor/Te-no_0175.jpg,/kaggle/input/datasets/sabersakin/brainmri/Datasest Merged 1/Datasest Merged 1/notumor/Tr-no_1262.jpg,0
/kaggle/input/datasets/sabersakin/brainmri/Datasest Merged 1/Datasest Merged 1/notumor/Te-no_0175.jpg,/kaggle/input/datasets/sabersakin/brainmri/Datasest Merged 1/Datasest Merged 1/notumor/Tr-no_1199.jpg,0
/kaggle/input/datasets/sabersakin/brainmri/Datasest Merged 1/Datasest Merged 1/notumor/Te-no_0175.jpg,/kaggle/input/datasets/sabersakin/brainmri/Datasest Merged 1/Datasest Merged 1/notumor/Tr-no_0807.jpg,0
/kaggle/input/datasets/sabersakin/brainmri/Datasest Merged 1/Datasest Merged 1/notumor/Te-no_0175.jpg,/kaggle/input/datasets/sabersakin/brainmri/Datasest Merged 1/Datasest Merged 1/notumor/Tr-no_1020.jpg,0
/kaggle/input/datasets/sabersakin/brainmri/Datasest Merged 1/Datasest Merged 1/meningioma/Tr-me_0717.jpg,/kaggle/input/datasets/sabersakin/brainmri/Datasest Merged 1/Datasest Merged 1/meningioma/m3 (32).jpg,0
/kaggle/input/datasets/sabersakin/brainmri/Datasest Merged 1/Datasest Merged 1/meningioma/Tr-me_0500.jpg,/kaggle/input/datasets/sabersakin/brainmri/Datasest Merged 1/Datasest Merged 1/meningioma/m2 (59).jpg,0
/kaggle/input/datasets/sabersakin/brainmri/Datasest Merged 1/Datasest Merged 1/pituitary/Tr-pi_0618.jpg,/kaggle/input/datasets/sabersakin/brainmri/Datasest Merged 1/Datasest Merged 1/pituitary/p (684).jpg,0
/kaggle/input/datasets/sabersakin/brainmri/Datasest Merged 1/Datasest Merged 1/glioma/780.jpg,/kaggle/input/datasets/sabersakin/brainmri/Datasest Merged 1/Datasest Merged 1/glioma/779.jpg,4
/kaggle/input/datasets/sabersakin/brainmri/Datasest Merged 1/Datasest Merged 1/pituitary/Tr-pi_0638.jpg,/kaggle/input/datasets/sabersakin/brainmri/Datasest Merged 1/Datasest Merged 1/pituitary/p (706).jpg,4
/kaggle/input/datasets/sabersakin/brainmri/Datasest Merged 1/Datasest Merged 1/pituitary/Tr-pi_0638.jpg,/kaggle/input/datasets/sabersakin/brainmri/Datasest Merged 1/Datasest Merged 1/pituitary/p (708).jpg,4
/kaggle/input/datasets/sabersakin/brainmri/Datasest Merged 1/Datasest Merged 1/pituitary/Tr-pi_0638.jpg,/kaggle/input/datasets/sabersakin/brainmri/Datasest Merged 1/Datasest Merged 1/pituitary/Tr-pi_0639.jpg,4
/kaggle/input/datasets/sabersakin/brainmri/Datasest Merged 1/Datasest Merged 1/pituitary/Tr-pi_0638.jpg,/kaggle/input/datasets/sabersakin/brainmri/Datasest Merged 1/Datasest Merged 1/pituitary/p (707).jpg,0
/kaggle/input/datasets/sabersakin/brainmri/Datasest Merged 1/Datasest Merged 1/pituitary/Tr-pi_0638.jpg,/kaggle/input/datasets/sabersakin/brainmri/Datasest Merged 1/Datasest Merged 1/pituitary/Tr-pi_0637.jpg,4
/kaggle/input/datasets/sabersakin/brainmri/Datasest Merged 1/Datasest Merged 1/notumor/Tr-no_0226.jpg,/kaggle/input/datasets/sabersakin/brainmri/Datasest Merged 1/Datasest Merged 1/notumor/image(241).jpg,0
/kaggle/input/datasets/sabersakin/brainmri/Datasest Merged 1/Datasest Merged 1/pituitary/Tr-pi_0148.jpg,/kaggle/input/datasets/sabersakin/brainmri/Datasest Merged 1/Datasest Merged 1/pituitary/Tr-pi_0150.jpg,4
/kaggle/input/datasets/sabersakin/brainmri/Datasest Merged 1/Datasest Merged 1/pituitary/Tr-pi_0148.jpg,/kaggle/input/datasets/sabersakin/brainmri/Datasest Merged 1/Datasest Merged 1/pituitary/p (234).jpg,4
/kaggle/input/datasets/sabersakin/brainmri/Datasest Merged 1/Datasest Merged 1/pituitary/Tr-pi_0148.jpg,/kaggle/input/datasets/sabersakin/brainmri/Datasest Merged 1/Datasest Merged 1/pituitary/p (231).jpg,4
/kaggle/input/datasets/sabersakin/brainmri/Datasest Merged 1/Datasest Merged 1/pituitary/Tr-pi_0148.jpg,/kaggle/input/datasets/sabersakin/brainmri/Datasest Merged 1/Datasest Merged 1/pituitary/Tr-pi_0147.jpg,4
/kaggle/input/datasets/sabersakin/brainmri/Datasest Merged 1/Datasest Merged 1/notumor/image(416).jpg,/kaggle/input/datasets/sabersakin/brainmri/Datasest Merged 1/Datasest Merged 1/notumor/Tr-no_0385.jpg,0
/kaggle/input/datasets/sabersakin/brainmri/Datasest Merged 1/Datasest Merged 1/meningioma/Tr-me_0773.jpg,/kaggle/input/datasets/sabersakin/brainmri/Datasest Merged 1/Datasest Merged 1/meningioma/m3 (83).jpg,0
/kaggle/input/datasets/sabersakin/brainmri/Datasest Merged 1/Datasest Merged 1/notumor/Tr-no_0159.jpg,/kaggle/input/datasets/sabersakin/brainmri/Datasest Merged 1/Datasest Merged 1/notumor/Tr-no_1114.jpg,0
/kaggle/input/datasets/sabersakin/brainmri/Datasest Merged 1/Datasest Merged 1/notumor/Tr-no_0159.jpg,/kaggle/input/datasets/sabersakin/brainmri/Datasest Merged 1/Datasest Merged 1/notumor/Tr-no_0111.jpg,0
/kaggle/input/datasets/sabersakin/brainmri/Datasest Merged 1/Datasest Merged 1/notumor/Tr-no_0159.jpg,/kaggle/input/datasets/sabersakin/brainmri/Datasest Merged 1/Datasest Merged 1/notumor/image(181).jpg,0
/kaggle/input/datasets/sabersakin/brainmri/Datasest Merged 1/Datasest Merged 1/meningioma/Tr-me_0225.jpg,/kaggle/input/datasets/sabersakin/brainmri/Datasest Merged 1/Datasest Merged 1/meningioma/image(38).jpg,0
/kaggle/input/datasets/sabersakin/brainmri/Datasest Merged 1/Datasest Merged 1/meningioma/Tr-me_0225.jpg,/kaggle/input/datasets/sabersakin/brainmri/Datasest Merged 1/Datasest Merged 1/meningioma/m1(148).jpg,0
/kaggle/input/datasets/sabersakin/brainmri/Datasest Merged 1/Datasest Merged 1/meningioma/Tr-me_0225.jpg,/kaggle/input/datasets/sabersakin/brainmri/Datasest Merged 1/Datasest Merged 1/meningioma/Te-me_0046.jpg,0
/kaggle/input/datasets/sabersakin/brainmri/Datasest Merged 1/Datasest Merged 1/notumor/Tr-no_0119.jpg,/kaggle/input/datasets/sabersakin/brainmri/Datasest Merged 1/Datasest Merged 1/notumor/image(145).jpg,0
/kaggle/input/datasets/sabersakin/brainmri/Datasest Merged 1/Datasest Merged 1/notumor/Tr-no_0119.jpg,/kaggle/input/datasets/sabersakin/brainmri/Datasest Merged 1/Datasest Merged 1/notumor/Tr-no_0122.jpg,0
/kaggle/input/datasets/sabersakin/brainmri/Datasest Merged 1/Datasest Merged 1/notumor/Tr-no_0119.jpg,/kaggle/input/datasets/sabersakin/brainmri/Datasest Merged 1/Datasest Merged 1/notumor/image(148).jpg,0
/kaggle/input/datasets/sabersakin/brainmri/Datasest Merged 1/Datasest Merged 1/glioma/734.jpg,/kaggle/input/datasets/sabersakin/brainmri/Datasest Merged 1/Datasest Merged 1/glioma/733.jpg,4
/kaggle/input/datasets/sabersakin/brainmri/Datasest Merged 1/Datasest Merged 1/glioma/1601.jpg,/kaggle/input/datasets/sabersakin/brainmri/Datasest Merged 1/Datasest Merged 1/glioma/1602.jpg,2
/kaggle/input/datasets/sabersakin/brainmri/Datasest Merged 1/Datasest Merged 1/glioma/1601.jpg,/kaggle/input/datasets/sabersakin/brainmri/Datasest Merged 1/Datasest Merged 1/glioma/1603.jpg,4
/kaggle/input/datasets/sabersakin/brainmri/Datasest Merged 1/Datasest Merged 1/glioma/Te-glTr_0004.jpg,/kaggle/input/datasets/sabersakin/brainmri/Datasest Merged 1/Datasest Merged 1/glioma/gg (549).jpg,0
/kaggle/input/datasets/sabersakin/brainmri/Datasest Merged 1/Datasest Merged 1/pituitary/Tr-pi_0669.jpg,/kaggle/input/datasets/sabersakin/brainmri/Datasest Merged 1/Datasest Merged 1/pituitary/p (743).jpg,0
/kaggle/input/datasets/sabersakin/brainmri/Datasest Merged 1/Datasest Merged 1/pituitary/Te-pi_0172.jpg,/kaggle/input/datasets/sabersakin/brainmri/Datasest Merged 1/Datasest Merged 1/pituitary/Tr-pi_1070.jpg,4
/kaggle/input/datasets/sabersakin/brainmri/Datasest Merged 1/Datasest Merged 1/notumor/image(23).jpg,/kaggle/input/datasets/sabersakin/brainmri/Datasest Merged 1/Datasest Merged 1/notumor/image (64).jpg,0
/kaggle/input/datasets/sabersakin/brainmri/Datasest Merged 1/Datasest Merged 1/notumor/image(23).jpg,/kaggle/input/datasets/sabersakin/brainmri/Datasest Merged 1/Datasest Merged 1/notumor/Te-no_0020.jpg,0
/kaggle/input/datasets/sabersakin/brainmri/Datasest Merged 1/Datasest Merged 1/notumor/image(23).jpg,/kaggle/input/datasets/sabersakin/brainmri/Datasest Merged 1/Datasest Merged 1/notumor/Tr-no_0065.jpg,0
/kaggle/input/datasets/sabersakin/brainmri/Datasest Merged 1/Datasest Merged 1/meningioma/m (136).jpg,/kaggle/input/datasets/sabersakin/brainmri/Datasest Merged 1/Datasest Merged 1/meningioma/Tr-me_0031.jpg,0
/kaggle/input/datasets/sabersakin/brainmri/Datasest Merged 1/Datasest Merged 1/notumor/image(33).jpg,/kaggle/input/datasets/sabersakin/brainmri/Datasest Merged 1/Datasest Merged 1/notumor/image(382).jpg,0
/kaggle/input/datasets/sabersakin/brainmri/Datasest Merged 1/Datasest Merged 1/notumor/image(33).jpg,/kaggle/input/datasets/sabersakin/brainmri/Datasest Merged 1/Datasest Merged 1/notumor/Tr-no_0347.jpg,0
/kaggle/input/datasets/sabersakin/brainmri/Datasest Merged 1/Datasest Merged 1/notumor/image(33).jpg,/kaggle/input/datasets/sabersakin/brainmri/Datasest Merged 1/Datasest Merged 1/notumor/Te-no_0031.jpg,0
/kaggle/input/datasets/sabersakin/brainmri/Datasest Merged 1/Datasest Merged 1/notumor/image(33).jpg,/kaggle/input/datasets/sabersakin/brainmri/Datasest Merged 1/Datasest Merged 1/notumor/Tr-no_0331.jpg,0
/kaggle/input/datasets/sabersakin/brainmri/Datasest Merged 1/Datasest Merged 1/notumor/image(33).jpg,/kaggle/input/datasets/sabersakin/brainmri/Datasest Merged 1/Datasest Merged 1/notumor/image(367).jpg,0
/kaggle/input/datasets/sabersakin/brainmri/Datasest Merged 1/Datasest Merged 1/notumor/image(33).jpg,/kaggle/input/datasets/sabersakin/brainmri/Datasest Merged 1/Datasest Merged 1/notumor/Tr-no_0373.jpg,0
/kaggle/input/datasets/sabersakin/brainmri/Datasest Merged 1/Datasest Merged 1/notumor/image(33).jpg,/kaggle/input/datasets/sabersakin/brainmri/Datasest Merged 1/Datasest Merged 1/notumor/image(334).jpg,0
/kaggle/input/datasets/sabersakin/brainmri/Datasest Merged 1/Datasest Merged 1/notumor/image(33).jpg,/kaggle/input/datasets/sabersakin/brainmri/Datasest Merged 1/Datasest Merged 1/notumor/image(10).jpg,0
/kaggle/input/datasets/sabersakin/brainmri/Datasest Merged 1/Datasest Merged 1/notumor/image(33).jpg,/kaggle/input/datasets/sabersakin/brainmri/Datasest Merged 1/Datasest Merged 1/notumor/image(81).jpg,0
/kaggle/input/datasets/sabersakin/brainmri/Datasest Merged 1/Datasest Merged 1/notumor/image(33).jpg,/kaggle/input/datasets/sabersakin/brainmri/Datasest Merged 1/Datasest Merged 1/notumor/Tr-no_1088.jpg,0
/kaggle/input/datasets/sabersakin/brainmri/Datasest Merged 1/Datasest Merged 1/notumor/image(33).jpg,/kaggle/input/datasets/sabersakin/brainmri/Datasest Merged 1/Datasest Merged 1/notumor/image (51).jpg,0
/kaggle/input/datasets/sabersakin/brainmri/Datasest Merged 1/Datasest Merged 1/notumor/image(33).jpg,/kaggle/input/datasets/sabersakin/brainmri/Datasest Merged 1/Datasest Merged 1/notumor/Te-no_0084.jpg,0
/kaggle/input/datasets/sabersakin/brainmri/Datasest Merged 1/Datasest Merged 1/pituitary/p (449).jpg,/kaggle/input/datasets/sabersakin/brainmri/Datasest Merged 1/Datasest Merged 1/pituitary/Tr-pi_0387.jpg,4
/kaggle/input/datasets/sabersakin/brainmri/Datasest Merged 1/Datasest Merged 1/pituitary/Tr-pi_1038.jpg,/kaggle/input/datasets/sabersakin/brainmri/Datasest Merged 1/Datasest Merged 1/pituitary/Tr-pi_1037.jpg,4
/kaggle/input/datasets/sabersakin/brainmri/Datasest Merged 1/Datasest Merged 1/meningioma/Te-me_0054.jpg,/kaggle/input/datasets/sabersakin/brainmri/Datasest Merged 1/Datasest Merged 1/meningioma/image(34).jpg,0
/kaggle/input/datasets/sabersakin/brainmri/Datasest Merged 1/Datasest Merged 1/meningioma/Te-me_0054.jpg,/kaggle/input/datasets/sabersakin/brainmri/Datasest Merged 1/Datasest Merged 1/meningioma/image(45).jpg,0
/kaggle/input/datasets/sabersakin/brainmri/Datasest Merged 1/Datasest Merged 1/meningioma/Te-me_0054.jpg,/kaggle/input/datasets/sabersakin/brainmri/Datasest Merged 1/Datasest Merged 1/meningioma/m1(155).jpg,0
/kaggle/input/datasets/sabersakin/brainmri/Datasest Merged 1/Datasest Merged 1/meningioma/Te-me_0054.jpg,/kaggle/input/datasets/sabersakin/brainmri/Datasest Merged 1/Datasest Merged 1/meningioma/Te-me_0042.jpg,0
/kaggle/input/datasets/sabersakin/brainmri/Datasest Merged 1/Datasest Merged 1/meningioma/Te-me_0054.jpg,/kaggle/input/datasets/sabersakin/brainmri/Datasest Merged 1/Datasest Merged 1/meningioma/m1(144).jpg,0
/kaggle/input/datasets/sabersakin/brainmri/Datasest Merged 1/Datasest Merged 1/meningioma/Te-me_0054.jpg,/kaggle/input/datasets/sabersakin/brainmri/Datasest Merged 1/Datasest Merged 1/meningioma/Tr-me_0233.jpg,0
/kaggle/input/datasets/sabersakin/brainmri/Datasest Merged 1/Datasest Merged 1/glioma/gg (623).jpg,/kaggle/input/datasets/sabersakin/brainmri/Datasest Merged 1/Datasest Merged 1/glioma/Tr-gl_0082.jpg,0
/kaggle/input/datasets/sabersakin/brainmri/Datasest Merged 1/Datasest Merged 1/glioma/1181.jpg,/kaggle/input/datasets/sabersakin/brainmri/Datasest Merged 1/Datasest Merged 1/glioma/1180.jpg,4
/kaggle/input/datasets/sabersakin/brainmri/Datasest Merged 1/Datasest Merged 1/glioma/1391.jpg,/kaggle/input/datasets/sabersakin/brainmri/Datasest Merged 1/Datasest Merged 1/glioma/1390.jpg,2
/kaggle/input/datasets/sabersakin/brainmri/Datasest Merged 1/Datasest Merged 1/notumor/Tr-no_0770.jpg,/kaggle/input/datasets/sabersakin/brainmri/Datasest Merged 1/Datasest Merged 1/notumor/Tr-no_1594.jpg,4
/kaggle/input/datasets/sabersakin/brainmri/Datasest Merged 1/Datasest Merged 1/notumor/Tr-no_0770.jpg,/kaggle/input/datasets/sabersakin/brainmri/Datasest Merged 1/Datasest Merged 1/notumor/Te-no_0179.jpg,4
/kaggle/input/datasets/sabersakin/brainmri/Datasest Merged 1/Datasest Merged 1/notumor/Tr-no_0770.jpg,/kaggle/input/datasets/sabersakin/brainmri/Datasest Merged 1/Datasest Merged 1/notumor/Tr-no_0588.jpg,4
/kaggle/input/datasets/sabersakin/brainmri/Datasest Merged 1/Datasest Merged 1/notumor/Tr-no_0770.jpg,/kaggle/input/datasets/sabersakin/brainmri/Datasest Merged 1/Datasest Merged 1/notumor/Tr-no_1487.jpg,4
/kaggle/input/datasets/sabersakin/brainmri/Datasest Merged 1/Datasest Merged 1/notumor/Tr-no_0770.jpg,/kaggle/input/datasets/sabersakin/brainmri/Datasest Merged 1/Datasest Merged 1/notumor/Tr-no_1461.jpg,4
/kaggle/input/datasets/sabersakin/brainmri/Datasest Merged 1/Datasest Merged 1/notumor/Tr-no_0770.jpg,/kaggle/input/datasets/sabersakin/brainmri/Datasest Merged 1/Datasest Merged 1/notumor/Tr-no_1215.jpg,4
/kaggle/input/datasets/sabersakin/brainmri/Datasest Merged 1/Datasest Merged 1/notumor/Tr-no_0770.jpg,/kaggle/input/datasets/sabersakin/brainmri/Datasest Merged 1/Datasest Merged 1/notumor/Tr-no_0676.jpg,4
/kaggle/input/datasets/sabersakin/brainmri/Datasest Merged 1/Datasest Merged 1/pituitary/Tr-pi_0680.jpg,/kaggle/input/datasets/sabersakin/brainmri/Datasest Merged 1/Datasest Merged 1/pituitary/p (756).jpg,0
/kaggle/input/datasets/sabersakin/brainmri/Datasest Merged 1/Datasest Merged 1/meningioma/m (193).jpg,/kaggle/input/datasets/sabersakin/brainmri/Datasest Merged 1/Datasest Merged 1/meningioma/Tr-me_0080.jpg,0
/kaggle/input/datasets/sabersakin/brainmri/Datasest Merged 1/Datasest Merged 1/pituitary/2581.jpg,/kaggle/input/datasets/sabersakin/brainmri/Datasest Merged 1/Datasest Merged 1/pituitary/2582.jpg,0
/kaggle/input/datasets/sabersakin/brainmri/Datasest Merged 1/Datasest Merged 1/meningioma/Tr-me_0288.jpg,/kaggle/input/datasets/sabersakin/brainmri/Datasest Merged 1/Datasest Merged 1/meningioma/m1(26).jpg,0
/kaggle/input/datasets/sabersakin/brainmri/Datasest Merged 1/Datasest Merged 1/meningioma/223.jpg,/kaggle/input/datasets/sabersakin/brainmri/Datasest Merged 1/Datasest Merged 1/meningioma/224.jpg,4
/kaggle/input/datasets/sabersakin/brainmri/Datasest Merged 1/Datasest Merged 1/meningioma/223.jpg,/kaggle/input/datasets/sabersakin/brainmri/Datasest Merged 1/Datasest Merged 1/meningioma/222.jpg,2
/kaggle/input/datasets/sabersakin/brainmri/Datasest Merged 1/Datasest Merged 1/pituitary/Tr-pi_0301.jpg,/kaggle/input/datasets/sabersakin/brainmri/Datasest Merged 1/Datasest Merged 1/pituitary/p (369).jpg,4
/kaggle/input/datasets/sabersakin/brainmri/Datasest Merged 1/Datasest Merged 1/pituitary/Tr-pi_0301.jpg,/kaggle/input/datasets/sabersakin/brainmri/Datasest Merged 1/Datasest Merged 1/pituitary/p (370).jpg,0
/kaggle/input/datasets/sabersakin/brainmri/Datasest Merged 1/Datasest Merged 1/pituitary/Tr-pi_0301.jpg,/kaggle/input/datasets/sabersakin/brainmri/Datasest Merged 1/Datasest Merged 1/pituitary/Tr-pi_0299.jpg,4
/kaggle/input/datasets/sabersakin/brainmri/Datasest Merged 1/Datasest Merged 1/pituitary/Tr-pi_0152.jpg,/kaggle/input/datasets/sabersakin/brainmri/Datasest Merged 1/Datasest Merged 1/pituitary/p (236).jpg,0
/kaggle/input/datasets/sabersakin/brainmri/Datasest Merged 1/Datasest Merged 1/pituitary/Tr-pi_0152.jpg,/kaggle/input/datasets/sabersakin/brainmri/Datasest Merged 1/Datasest Merged 1/pituitary/Tr-pi_0151.jpg,4
/kaggle/input/datasets/sabersakin/brainmri/Datasest Merged 1/Datasest Merged 1/meningioma/m3 (145).jpg,/kaggle/input/datasets/sabersakin/brainmri/Datasest Merged 1/Datasest Merged 1/meningioma/image(126).jpg,0
/kaggle/input/datasets/sabersakin/brainmri/Datasest Merged 1/Datasest Merged 1/meningioma/m3 (145).jpg,/kaggle/input/datasets/sabersakin/brainmri/Datasest Merged 1/Datasest Merged 1/meningioma/Tr-me_0190.jpg,0
/kaggle/input/datasets/sabersakin/brainmri/Datasest Merged 1/Datasest Merged 1/meningioma/m3 (145).jpg,/kaggle/input/datasets/sabersakin/brainmri/Datasest Merged 1/Datasest Merged 1/meningioma/Te-me_0107.jpg,2
/kaggle/input/datasets/sabersakin/brainmri/Datasest Merged 1/Datasest Merged 1/meningioma/m3 (145).jpg,/kaggle/input/datasets/sabersakin/brainmri/Datasest Merged 1/Datasest Merged 1/meningioma/image(106).jpg,0
/kaggle/input/datasets/sabersakin/brainmri/Datasest Merged 1/Datasest Merged 1/meningioma/m3 (145).jpg,/kaggle/input/datasets/sabersakin/brainmri/Datasest Merged 1/Datasest Merged 1/meningioma/Tr-me_0595.jpg,0
/kaggle/input/datasets/sabersakin/brainmri/Datasest Merged 1/Datasest Merged 1/meningioma/m3 (145).jpg,/kaggle/input/datasets/sabersakin/brainmri/Datasest Merged 1/Datasest Merged 1/meningioma/Te-me_0017.jpg,0
/kaggle/input/datasets/sabersakin/brainmri/Datasest Merged 1/Datasest Merged 1/meningioma/m3 (145).jpg,/kaggle/input/datasets/sabersakin/brainmri/Datasest Merged 1/Datasest Merged 1/meningioma/m1(114).jpg,0
/kaggle/input/datasets/sabersakin/brainmri/Datasest Merged 1/Datasest Merged 1/meningioma/m3 (145).jpg,/kaggle/input/datasets/sabersakin/brainmri/Datasest Merged 1/Datasest Merged 1/meningioma/Tr-me_0292.jpg,2
/kaggle/input/datasets/sabersakin/brainmri/Datasest Merged 1/Datasest Merged 1/meningioma/m3 (145).jpg,/kaggle/input/datasets/sabersakin/brainmri/Datasest Merged 1/Datasest Merged 1/meningioma/Te-meTr_0004.jpg,0
/kaggle/input/datasets/sabersakin/brainmri/Datasest Merged 1/Datasest Merged 1/meningioma/m3 (145).jpg,/kaggle/input/datasets/sabersakin/brainmri/Datasest Merged 1/Datasest Merged 1/meningioma/m1(3).jpg,2
/kaggle/input/datasets/sabersakin/brainmri/Datasest Merged 1/Datasest Merged 1/glioma/1936.jpg,/kaggle/input/datasets/sabersakin/brainmri/Datasest Merged 1/Datasest Merged 1/glioma/1935.jpg,2
/kaggle/input/datasets/sabersakin/brainmri/Datasest Merged 1/Datasest Merged 1/glioma/1936.jpg,/kaggle/input/datasets/sabersakin/brainmri/Datasest Merged 1/Datasest Merged 1/glioma/1923.jpg,4
/kaggle/input/datasets/sabersakin/brainmri/Datasest Merged 1/Datasest Merged 1/pituitary/p (607).jpg,/kaggle/input/datasets/sabersakin/brainmri/Datasest Merged 1/Datasest Merged 1/pituitary/Tr-pi_0552.jpg,0
/kaggle/input/datasets/sabersakin/brainmri/Datasest Merged 1/Datasest Merged 1/meningioma/image(6).jpg,/kaggle/input/datasets/sabersakin/brainmri/Datasest Merged 1/Datasest Merged 1/meningioma/m1(116).jpg,0
/kaggle/input/datasets/sabersakin/brainmri/Datasest Merged 1/Datasest Merged 1/meningioma/image(6).jpg,/kaggle/input/datasets/sabersakin/brainmri/Datasest Merged 1/Datasest Merged 1/meningioma/Tr-me_0191.jpg,0
/kaggle/input/datasets/sabersakin/brainmri/Datasest Merged 1/Datasest Merged 1/meningioma/Tr-me_0585.jpg,/kaggle/input/datasets/sabersakin/brainmri/Datasest Merged 1/Datasest Merged 1/meningioma/m3 (135).jpg,0
/kaggle/input/datasets/sabersakin/brainmri/Datasest Merged 1/Datasest Merged 1/pituitary/p (595).jpg,/kaggle/input/datasets/sabersakin/brainmri/Datasest Merged 1/Datasest Merged 1/pituitary/Tr-pi_0541.jpg,0
/kaggle/input/datasets/sabersakin/brainmri/Datasest Merged 1/Datasest Merged 1/pituitary/p (814).jpg,/kaggle/input/datasets/sabersakin/brainmri/Datasest Merged 1/Datasest Merged 1/pituitary/Tr-pi_0730.jpg,0
/kaggle/input/datasets/sabersakin/brainmri/Datasest Merged 1/Datasest Merged 1/glioma/gg (607).jpg,/kaggle/input/datasets/sabersakin/brainmri/Datasest Merged 1/Datasest Merged 1/glioma/gg (606).jpg,4
/kaggle/input/datasets/sabersakin/brainmri/Datasest Merged 1/Datasest Merged 1/glioma/gg (607).jpg,/kaggle/input/datasets/sabersakin/brainmri/Datasest Merged 1/Datasest Merged 1/glioma/Tr-gl_0079.jpg,0
/kaggle/input/datasets/sabersakin/brainmri/Datasest Merged 1/Datasest Merged 1/notumor/Tr-no_0774.jpg,/kaggle/input/datasets/sabersakin/brainmri/Datasest Merged 1/Datasest Merged 1/notumor/Tr-no_1224.jpg,2
/kaggle/input/datasets/sabersakin/brainmri/Datasest Merged 1/Datasest Merged 1/notumor/Tr-no_0774.jpg,/kaggle/input/datasets/sabersakin/brainmri/Datasest Merged 1/Datasest Merged 1/notumor/Tr-no_0545.jpg,4
/kaggle/input/datasets/sabersakin/brainmri/Datasest Merged 1/Datasest Merged 1/notumor/Tr-no_0774.jpg,/kaggle/input/datasets/sabersakin/brainmri/Datasest Merged 1/Datasest Merged 1/notumor/Tr-no_1320.jpg,4
/kaggle/input/datasets/sabersakin/brainmri/Datasest Merged 1/Datasest Merged 1/notumor/Tr-no_0774.jpg,/kaggle/input/datasets/sabersakin/brainmri/Datasest Merged 1/Datasest Merged 1/notumor/Tr-no_0695.jpg,4
/kaggle/input/datasets/sabersakin/brainmri/Datasest Merged 1/Datasest Merged 1/notumor/Tr-no_0774.jpg,/kaggle/input/datasets/sabersakin/brainmri/Datasest Merged 1/Datasest Merged 1/notumor/image(176).jpg,4
/kaggle/input/datasets/sabersakin/brainmri/Datasest Merged 1/Datasest Merged 1/notumor/Tr-no_0774.jpg,/kaggle/input/datasets/sabersakin/brainmri/Datasest Merged 1/Datasest Merged 1/notumor/Tr-no_1108.jpg,4
/kaggle/input/datasets/sabersakin/brainmri/Datasest Merged 1/Datasest Merged 1/notumor/Tr-no_0774.jpg,/kaggle/input/datasets/sabersakin/brainmri/Datasest Merged 1/Datasest Merged 1/notumor/Tr-no_1532.jpg,4
/kaggle/input/datasets/sabersakin/brainmri/Datasest Merged 1/Datasest Merged 1/notumor/Tr-no_0774.jpg,/kaggle/input/datasets/sabersakin/brainmri/Datasest Merged 1/Datasest Merged 1/notumor/Tr-no_1030.jpg,4
/kaggle/input/datasets/sabersakin/brainmri/Datasest Merged 1/Datasest Merged 1/notumor/Tr-no_0774.jpg,/kaggle/input/datasets/sabersakin/brainmri/Datasest Merged 1/Datasest Merged 1/notumor/Tr-no_0563.jpg,4
/kaggle/input/datasets/sabersakin/brainmri/Datasest Merged 1/Datasest Merged 1/notumor/Tr-no_0774.jpg,/kaggle/input/datasets/sabersakin/brainmri/Datasest Merged 1/Datasest Merged 1/notumor/Tr-no_0153.jpg,4
/kaggle/input/datasets/sabersakin/brainmri/Datasest Merged 1/Datasest Merged 1/meningioma/m3 (161).jpg,/kaggle/input/datasets/sabersakin/brainmri/Datasest Merged 1/Datasest Merged 1/meningioma/Tr-me_0613.jpg,0
/kaggle/input/datasets/sabersakin/brainmri/Datasest Merged 1/Datasest Merged 1/pituitary/p (517).jpg,/kaggle/input/datasets/sabersakin/brainmri/Datasest Merged 1/Datasest Merged 1/pituitary/p (516).jpg,4
/kaggle/input/datasets/sabersakin/brainmri/Datasest Merged 1/Datasest Merged 1/notumor/Tr-no_1001.jpg,/kaggle/input/datasets/sabersakin/brainmri/Datasest Merged 1/Datasest Merged 1/notumor/Tr-no_0659.jpg,2
/kaggle/input/datasets/sabersakin/brainmri/Datasest Merged 1/Datasest Merged 1/notumor/Tr-no_1001.jpg,/kaggle/input/datasets/sabersakin/brainmri/Datasest Merged 1/Datasest Merged 1/notumor/Te-no_0227.jpg,2
/kaggle/input/datasets/sabersakin/brainmri/Datasest Merged 1/Datasest Merged 1/notumor/Tr-no_1001.jpg,/kaggle/input/datasets/sabersakin/brainmri/Datasest Merged 1/Datasest Merged 1/notumor/Tr-no_0344.jpg,0
/kaggle/input/datasets/sabersakin/brainmri/Datasest Merged 1/Datasest Merged 1/notumor/Tr-no_1001.jpg,/kaggle/input/datasets/sabersakin/brainmri/Datasest Merged 1/Datasest Merged 1/notumor/image(171).jpg,0
/kaggle/input/datasets/sabersakin/brainmri/Datasest Merged 1/Datasest Merged 1/notumor/Tr-no_1001.jpg,/kaggle/input/datasets/sabersakin/brainmri/Datasest Merged 1/Datasest Merged 1/notumor/Te-no_0165.jpg,2
/kaggle/input/datasets/sabersakin/brainmri/Datasest Merged 1/Datasest Merged 1/notumor/Tr-no_1001.jpg,/kaggle/input/datasets/sabersakin/brainmri/Datasest Merged 1/Datasest Merged 1/notumor/Tr-no_0148.jpg,0
/kaggle/input/datasets/sabersakin/brainmri/Datasest Merged 1/Datasest Merged 1/notumor/Tr-no_1001.jpg,/kaggle/input/datasets/sabersakin/brainmri/Datasest Merged 1/Datasest Merged 1/notumor/Tr-no_0690.jpg,2
/kaggle/input/datasets/sabersakin/brainmri/Datasest Merged 1/Datasest Merged 1/notumor/Tr-no_1001.jpg,/kaggle/input/datasets/sabersakin/brainmri/Datasest Merged 1/Datasest Merged 1/notumor/image(238).jpg,0
/kaggle/input/datasets/sabersakin/brainmri/Datasest Merged 1/Datasest Merged 1/notumor/Tr-no_1001.jpg,/kaggle/input/datasets/sabersakin/brainmri/Datasest Merged 1/Datasest Merged 1/notumor/Tr-no_1104.jpg,0
/kaggle/input/datasets/sabersakin/brainmri/Datasest Merged 1/Datasest Merged 1/notumor/Tr-no_1001.jpg,/kaggle/input/datasets/sabersakin/brainmri/Datasest Merged 1/Datasest Merged 1/notumor/Tr-no_0965.jpg,0
/kaggle/input/datasets/sabersakin/brainmri/Datasest Merged 1/Datasest Merged 1/notumor/Tr-no_1001.jpg,/kaggle/input/datasets/sabersakin/brainmri/Datasest Merged 1/Datasest Merged 1/notumor/Tr-no_1082.jpg,2
/kaggle/input/datasets/sabersakin/brainmri/Datasest Merged 1/Datasest Merged 1/notumor/Tr-no_1001.jpg,/kaggle/input/datasets/sabersakin/brainmri/Datasest Merged 1/Datasest Merged 1/notumor/Te-no_0215.jpg,0
/kaggle/input/datasets/sabersakin/brainmri/Datasest Merged 1/Datasest Merged 1/notumor/Tr-no_1001.jpg,/kaggle/input/datasets/sabersakin/brainmri/Datasest Merged 1/Datasest Merged 1/notumor/Tr-no_0505.jpg,2
/kaggle/input/datasets/sabersakin/brainmri/Datasest Merged 1/Datasest Merged 1/notumor/Tr-no_1001.jpg,/kaggle/input/datasets/sabersakin/brainmri/Datasest Merged 1/Datasest Merged 1/notumor/Tr-no_1048.jpg,0
/kaggle/input/datasets/sabersakin/brainmri/Datasest Merged 1/Datasest Merged 1/notumor/Tr-no_1001.jpg,/kaggle/input/datasets/sabersakin/brainmri/Datasest Merged 1/Datasest Merged 1/notumor/image(292).jpg,0
/kaggle/input/datasets/sabersakin/brainmri/Datasest Merged 1/Datasest Merged 1/notumor/Tr-no_1001.jpg,/kaggle/input/datasets/sabersakin/brainmri/Datasest Merged 1/Datasest Merged 1/notumor/image(201).jpg,0
/kaggle/input/datasets/sabersakin/brainmri/Datasest Merged 1/Datasest Merged 1/notumor/Tr-no_1001.jpg,/kaggle/input/datasets/sabersakin/brainmri/Datasest Merged 1/Datasest Merged 1/notumor/Te-no_0364.jpg,2
/kaggle/input/datasets/sabersakin/brainmri/Datasest Merged 1/Datasest Merged 1/notumor/Tr-no_1001.jpg,/kaggle/input/datasets/sabersakin/brainmri/Datasest Merged 1/Datasest Merged 1/notumor/image (40).jpg,2
/kaggle/input/datasets/sabersakin/brainmri/Datasest Merged 1/Datasest Merged 1/notumor/Tr-no_1001.jpg,/kaggle/input/datasets/sabersakin/brainmri/Datasest Merged 1/Datasest Merged 1/notumor/Tr-no_1013.jpg,0
/kaggle/input/datasets/sabersakin/brainmri/Datasest Merged 1/Datasest Merged 1/notumor/Tr-no_1001.jpg,/kaggle/input/datasets/sabersakin/brainmri/Datasest Merged 1/Datasest Merged 1/notumor/image(78).jpg,0
/kaggle/input/datasets/sabersakin/brainmri/Datasest Merged 1/Datasest Merged 1/notumor/Tr-no_1001.jpg,/kaggle/input/datasets/sabersakin/brainmri/Datasest Merged 1/Datasest Merged 1/notumor/Tr-no_0761.jpg,0
/kaggle/input/datasets/sabersakin/brainmri/Datasest Merged 1/Datasest Merged 1/notumor/Tr-no_1001.jpg,/kaggle/input/datasets/sabersakin/brainmri/Datasest Merged 1/Datasest Merged 1/notumor/Tr-no_0145.jpg,0
/kaggle/input/datasets/sabersakin/brainmri/Datasest Merged 1/Datasest Merged 1/notumor/Tr-no_1001.jpg,/kaggle/input/datasets/sabersakin/brainmri/Datasest Merged 1/Datasest Merged 1/notumor/Te-no_0080.jpg,0
/kaggle/input/datasets/sabersakin/brainmri/Datasest Merged 1/Datasest Merged 1/notumor/Tr-no_1001.jpg,/kaggle/input/datasets/sabersakin/brainmri/Datasest Merged 1/Datasest Merged 1/notumor/Tr-no_1201.jpg,2
/kaggle/input/datasets/sabersakin/brainmri/Datasest Merged 1/Datasest Merged 1/notumor/Tr-no_1001.jpg,/kaggle/input/datasets/sabersakin/brainmri/Datasest Merged 1/Datasest Merged 1/notumor/Tr-no_1102.jpg,0
/kaggle/input/datasets/sabersakin/brainmri/Datasest Merged 1/Datasest Merged 1/notumor/Tr-no_1001.jpg,/kaggle/input/datasets/sabersakin/brainmri/Datasest Merged 1/Datasest Merged 1/notumor/image(169).jpg,0
/kaggle/input/datasets/sabersakin/brainmri/Datasest Merged 1/Datasest Merged 1/notumor/Tr-no_1001.jpg,/kaggle/input/datasets/sabersakin/brainmri/Datasest Merged 1/Datasest Merged 1/notumor/Tr-no_1264.jpg,2
/kaggle/input/datasets/sabersakin/brainmri/Datasest Merged 1/Datasest Merged 1/notumor/Tr-no_1001.jpg,/kaggle/input/datasets/sabersakin/brainmri/Datasest Merged 1/Datasest Merged 1/notumor/Tr-no_0809.jpg,2
/kaggle/input/datasets/sabersakin/brainmri/Datasest Merged 1/Datasest Merged 1/meningioma/Tr-me_0181.jpg,/kaggle/input/datasets/sabersakin/brainmri/Datasest Merged 1/Datasest Merged 1/meningioma/m1(106).jpg,0
/kaggle/input/datasets/sabersakin/brainmri/Datasest Merged 1/Datasest Merged 1/meningioma/image(13).jpg,/kaggle/input/datasets/sabersakin/brainmri/Datasest Merged 1/Datasest Merged 1/glioma/image(2).jpg,2
/kaggle/input/datasets/sabersakin/brainmri/Datasest Merged 1/Datasest Merged 1/meningioma/image(13).jpg,/kaggle/input/datasets/sabersakin/brainmri/Datasest Merged 1/Datasest Merged 1/meningioma/m1(123).jpg,0
/kaggle/input/datasets/sabersakin/brainmri/Datasest Merged 1/Datasest Merged 1/meningioma/image(13).jpg,/kaggle/input/datasets/sabersakin/brainmri/Datasest Merged 1/Datasest Merged 1/meningioma/Te-me_0019.jpg,0
/kaggle/input/datasets/sabersakin/brainmri/Datasest Merged 1/Datasest Merged 1/meningioma/image(13).jpg,/kaggle/input/datasets/sabersakin/brainmri/Datasest Merged 1/Datasest Merged 1/meningioma/Tr-me_0199.jpg,0
/kaggle/input/datasets/sabersakin/brainmri/Datasest Merged 1/Datasest Merged 1/pituitary/Tr-pi_0513.jpg,/kaggle/input/datasets/sabersakin/brainmri/Datasest Merged 1/Datasest Merged 1/pituitary/p (562).jpg,0
/kaggle/input/datasets/sabersakin/brainmri/Datasest Merged 1/Datasest Merged 1/meningioma/m1(75).jpg,/kaggle/input/datasets/sabersakin/brainmri/Datasest Merged 1/Datasest Merged 1/meningioma/Tr-me_0341.jpg,0
/kaggle/input/datasets/sabersakin/brainmri/Datasest Merged 1/Datasest Merged 1/meningioma/m1(75).jpg,/kaggle/input/datasets/sabersakin/brainmri/Datasest Merged 1/Datasest Merged 1/meningioma/Tr-me_0340.jpg,4
/kaggle/input/datasets/sabersakin/brainmri/Datasest Merged 1/Datasest Merged 1/meningioma/m1(75).jpg,/kaggle/input/datasets/sabersakin/brainmri/Datasest Merged 1/Datasest Merged 1/meningioma/m1(74).jpg,4
/kaggle/input/datasets/sabersakin/brainmri/Datasest Merged 1/Datasest Merged 1/notumor/Tr-no_1327.jpg,/kaggle/input/datasets/sabersakin/brainmri/Datasest Merged 1/Datasest Merged 1/notumor/Tr-no_1324.jpg,4
/kaggle/input/datasets/sabersakin/brainmri/Datasest Merged 1/Datasest Merged 1/notumor/Tr-no_1327.jpg,/kaggle/input/datasets/sabersakin/brainmri/Datasest Merged 1/Datasest Merged 1/notumor/Te-no_0153.jpg,4
/kaggle/input/datasets/sabersakin/brainmri/Datasest Merged 1/Datasest Merged 1/pituitary/p (738).jpg,/kaggle/input/datasets/sabersakin/brainmri/Datasest Merged 1/Datasest Merged 1/pituitary/Te-pi_0044.jpg,0
/kaggle/input/datasets/sabersakin/brainmri/Datasest Merged 1/Datasest Merged 1/pituitary/p (738).jpg,/kaggle/input/datasets/sabersakin/brainmri/Datasest Merged 1/Datasest Merged 1/pituitary/Tr-pi_0664.jpg,0
/kaggle/input/datasets/sabersakin/brainmri/Datasest Merged 1/Datasest Merged 1/pituitary/p (738).jpg,/kaggle/input/datasets/sabersakin/brainmri/Datasest Merged 1/Datasest Merged 1/pituitary/p (737).jpg,0
/kaggle/input/datasets/sabersakin/brainmri/Datasest Merged 1/Datasest Merged 1/glioma/Tr-gl_0391.jpg,/kaggle/input/datasets/sabersakin/brainmri/Datasest Merged 1/Datasest Merged 1/glioma/Tr-gl_0389.jpg,2
/kaggle/input/datasets/sabersakin/brainmri/Datasest Merged 1/Datasest Merged 1/glioma/Tr-gl_0391.jpg,/kaggle/input/datasets/sabersakin/brainmri/Datasest Merged 1/Datasest Merged 1/glioma/Tr-gl_0390.jpg,0
/kaggle/input/datasets/sabersakin/brainmri/Datasest Merged 1/Datasest Merged 1/notumor/Tr-no_1316.jpg,/kaggle/input/datasets/sabersakin/brainmri/Datasest Merged 1/Datasest Merged 1/notumor/Te-no_0152.jpg,0
/kaggle/input/datasets/sabersakin/brainmri/Datasest Merged 1/Datasest Merged 1/notumor/Tr-no_1316.jpg,/kaggle/input/datasets/sabersakin/brainmri/Datasest Merged 1/Datasest Merged 1/notumor/Tr-no_0831.jpg,2
/kaggle/input/datasets/sabersakin/brainmri/Datasest Merged 1/Datasest Merged 1/notumor/Tr-no_1316.jpg,/kaggle/input/datasets/sabersakin/brainmri/Datasest Merged 1/Datasest Merged 1/notumor/Tr-no_0844.jpg,4
/kaggle/input/datasets/sabersakin/brainmri/Datasest Merged 1/Datasest Merged 1/notumor/Tr-no_1316.jpg,/kaggle/input/datasets/sabersakin/brainmri/Datasest Merged 1/Datasest Merged 1/notumor/Tr-no_1537.jpg,0
/kaggle/input/datasets/sabersakin/brainmri/Datasest Merged 1/Datasest Merged 1/glioma/Tr-gl_1163.jpg,/kaggle/input/datasets/sabersakin/brainmri/Datasest Merged 1/Datasest Merged 1/glioma/Tr-gl_1165.jpg,4
/kaggle/input/datasets/sabersakin/brainmri/Datasest Merged 1/Datasest Merged 1/glioma/Tr-gl_1163.jpg,/kaggle/input/datasets/sabersakin/brainmri/Datasest Merged 1/Datasest Merged 1/glioma/Tr-gl_1164.jpg,4
/kaggle/input/datasets/sabersakin/brainmri/Datasest Merged 1/Datasest Merged 1/meningioma/m1(84).jpg,/kaggle/input/datasets/sabersakin/brainmri/Datasest Merged 1/Datasest Merged 1/meningioma/Tr-me_0351.jpg,0
/kaggle/input/datasets/sabersakin/brainmri/Datasest Merged 1/Datasest Merged 1/meningioma/m3 (84).jpg,/kaggle/input/datasets/sabersakin/brainmri/Datasest Merged 1/Datasest Merged 1/meningioma/Tr-me_0774.jpg,0
/kaggle/input/datasets/sabersakin/brainmri/Datasest Merged 1/Datasest Merged 1/meningioma/Tr-me_0887.jpg,/kaggle/input/datasets/sabersakin/brainmri/Datasest Merged 1/Datasest Merged 1/meningioma/Te-me_0170.jpg,2
/kaggle/input/datasets/sabersakin/brainmri/Datasest Merged 1/Datasest Merged 1/meningioma/m1(45).jpg,/kaggle/input/datasets/sabersakin/brainmri/Datasest Merged 1/Datasest Merged 1/meningioma/Tr-me_0309.jpg,0
/kaggle/input/datasets/sabersakin/brainmri/Datasest Merged 1/Datasest Merged 1/notumor/Tr-no_1496.jpg,/kaggle/input/datasets/sabersakin/brainmri/Datasest Merged 1/Datasest Merged 1/notumor/Te-no_0186.jpg,0
/kaggle/input/datasets/sabersakin/brainmri/Datasest Merged 1/Datasest Merged 1/notumor/Tr-no_1090.jpg,/kaggle/input/datasets/sabersakin/brainmri/Datasest Merged 1/Datasest Merged 1/notumor/image (53).jpg,0
/kaggle/input/datasets/sabersakin/brainmri/Datasest Merged 1/Datasest Merged 1/notumor/Tr-no_1090.jpg,/kaggle/input/datasets/sabersakin/brainmri/Datasest Merged 1/Datasest Merged 1/notumor/image(12).jpg,0
/kaggle/input/datasets/sabersakin/brainmri/Datasest Merged 1/Datasest Merged 1/notumor/Tr-no_1090.jpg,/kaggle/input/datasets/sabersakin/brainmri/Datasest Merged 1/Datasest Merged 1/notumor/image(76).jpg,4
/kaggle/input/datasets/sabersakin/brainmri/Datasest Merged 1/Datasest Merged 1/notumor/Tr-no_1090.jpg,/kaggle/input/datasets/sabersakin/brainmri/Datasest Merged 1/Datasest Merged 1/notumor/image(65).jpg,4
/kaggle/input/datasets/sabersakin/brainmri/Datasest Merged 1/Datasest Merged 1/notumor/Tr-no_1090.jpg,/kaggle/input/datasets/sabersakin/brainmri/Datasest Merged 1/Datasest Merged 1/notumor/Tr-no_0053.jpg,0
/kaggle/input/datasets/sabersakin/brainmri/Datasest Merged 1/Datasest Merged 1/notumor/Tr-no_1090.jpg,/kaggle/input/datasets/sabersakin/brainmri/Datasest Merged 1/Datasest Merged 1/notumor/Tr-no_0330.jpg,4
/kaggle/input/datasets/sabersakin/brainmri/Datasest Merged 1/Datasest Merged 1/notumor/Tr-no_1090.jpg,/kaggle/input/datasets/sabersakin/brainmri/Datasest Merged 1/Datasest Merged 1/notumor/Tr-no_0342.jpg,4
/kaggle/input/datasets/sabersakin/brainmri/Datasest Merged 1/Datasest Merged 1/notumor/Tr-no_1090.jpg,/kaggle/input/datasets/sabersakin/brainmri/Datasest Merged 1/Datasest Merged 1/notumor/image(366).jpg,4
/kaggle/input/datasets/sabersakin/brainmri/Datasest Merged 1/Datasest Merged 1/notumor/Tr-no_1090.jpg,/kaggle/input/datasets/sabersakin/brainmri/Datasest Merged 1/Datasest Merged 1/notumor/Te-no_0066.jpg,4
/kaggle/input/datasets/sabersakin/brainmri/Datasest Merged 1/Datasest Merged 1/notumor/Tr-no_1090.jpg,/kaggle/input/datasets/sabersakin/brainmri/Datasest Merged 1/Datasest Merged 1/notumor/image(377).jpg,4
/kaggle/input/datasets/sabersakin/brainmri/Datasest Merged 1/Datasest Merged 1/notumor/Tr-no_1090.jpg,/kaggle/input/datasets/sabersakin/brainmri/Datasest Merged 1/Datasest Merged 1/notumor/Tr-no_0971.jpg,4
/kaggle/input/datasets/sabersakin/brainmri/Datasest Merged 1/Datasest Merged 1/notumor/Tr-no_1090.jpg,/kaggle/input/datasets/sabersakin/brainmri/Datasest Merged 1/Datasest Merged 1/notumor/Te-noTr_0008.jpg,0
/kaggle/input/datasets/sabersakin/brainmri/Datasest Merged 1/Datasest Merged 1/meningioma/478.jpg,/kaggle/input/datasets/sabersakin/brainmri/Datasest Merged 1/Datasest Merged 1/meningioma/479.jpg,4
/kaggle/input/datasets/sabersakin/brainmri/Datasest Merged 1/Datasest Merged 1/notumor/Tr-no_1296.jpg,/kaggle/input/datasets/sabersakin/brainmri/Datasest Merged 1/Datasest Merged 1/notumor/Te-no_0152.jpg,2
/kaggle/input/datasets/sabersakin/brainmri/Datasest Merged 1/Datasest Merged 1/notumor/Tr-no_1296.jpg,/kaggle/input/datasets/sabersakin/brainmri/Datasest Merged 1/Datasest Merged 1/notumor/Tr-no_0831.jpg,0
/kaggle/input/datasets/sabersakin/brainmri/Datasest Merged 1/Datasest Merged 1/notumor/Tr-no_1296.jpg,/kaggle/input/datasets/sabersakin/brainmri/Datasest Merged 1/Datasest Merged 1/notumor/Tr-no_0844.jpg,2
/kaggle/input/datasets/sabersakin/brainmri/Datasest Merged 1/Datasest Merged 1/notumor/Tr-no_1296.jpg,/kaggle/input/datasets/sabersakin/brainmri/Datasest Merged 1/Datasest Merged 1/notumor/Tr-no_1537.jpg,2
/kaggle/input/datasets/sabersakin/brainmri/Datasest Merged 1/Datasest Merged 1/notumor/Te-no_0388.jpg,/kaggle/input/datasets/sabersakin/brainmri/Datasest Merged 1/Datasest Merged 1/notumor/Tr-no_1500.jpg,2
/kaggle/input/datasets/sabersakin/brainmri/Datasest Merged 1/Datasest Merged 1/notumor/Te-no_0388.jpg,/kaggle/input/datasets/sabersakin/brainmri/Datasest Merged 1/Datasest Merged 1/notumor/Te-no_0133.jpg,0
/kaggle/input/datasets/sabersakin/brainmri/Datasest Merged 1/Datasest Merged 1/notumor/Te-no_0388.jpg,/kaggle/input/datasets/sabersakin/brainmri/Datasest Merged 1/Datasest Merged 1/notumor/Tr-no_0833.jpg,0
/kaggle/input/datasets/sabersakin/brainmri/Datasest Merged 1/Datasest Merged 1/notumor/Te-no_0388.jpg,/kaggle/input/datasets/sabersakin/brainmri/Datasest Merged 1/Datasest Merged 1/notumor/Tr-no_1317.jpg,2
/kaggle/input/datasets/sabersakin/brainmri/Datasest Merged 1/Datasest Merged 1/notumor/Te-no_0388.jpg,/kaggle/input/datasets/sabersakin/brainmri/Datasest Merged 1/Datasest Merged 1/notumor/Tr-no_0423.jpg,0
/kaggle/input/datasets/sabersakin/brainmri/Datasest Merged 1/Datasest Merged 1/notumor/Te-no_0388.jpg,/kaggle/input/datasets/sabersakin/brainmri/Datasest Merged 1/Datasest Merged 1/notumor/Tr-no_1405.jpg,0
/kaggle/input/datasets/sabersakin/brainmri/Datasest Merged 1/Datasest Merged 1/notumor/Te-no_0388.jpg,/kaggle/input/datasets/sabersakin/brainmri/Datasest Merged 1/Datasest Merged 1/notumor/Tr-no_0468.jpg,2
/kaggle/input/datasets/sabersakin/brainmri/Datasest Merged 1/Datasest Merged 1/notumor/Te-no_0388.jpg,/kaggle/input/datasets/sabersakin/brainmri/Datasest Merged 1/Datasest Merged 1/notumor/Tr-no_1538.jpg,2
/kaggle/input/datasets/sabersakin/brainmri/Datasest Merged 1/Datasest Merged 1/notumor/Te-no_0388.jpg,/kaggle/input/datasets/sabersakin/brainmri/Datasest Merged 1/Datasest Merged 1/notumor/Te-no_0347.jpg,0
/kaggle/input/datasets/sabersakin/brainmri/Datasest Merged 1/Datasest Merged 1/notumor/Te-no_0388.jpg,/kaggle/input/datasets/sabersakin/brainmri/Datasest Merged 1/Datasest Merged 1/notumor/Tr-no_1299.jpg,2
/kaggle/input/datasets/sabersakin/brainmri/Datasest Merged 1/Datasest Merged 1/notumor/Te-no_0388.jpg,/kaggle/input/datasets/sabersakin/brainmri/Datasest Merged 1/Datasest Merged 1/notumor/Tr-no_0845.jpg,0
/kaggle/input/datasets/sabersakin/brainmri/Datasest Merged 1/Datasest Merged 1/pituitary/Tr-pi_0335.jpg,/kaggle/input/datasets/sabersakin/brainmri/Datasest Merged 1/Datasest Merged 1/pituitary/p (399).jpg,4
/kaggle/input/datasets/sabersakin/brainmri/Datasest Merged 1/Datasest Merged 1/pituitary/Tr-pi_0335.jpg,/kaggle/input/datasets/sabersakin/brainmri/Datasest Merged 1/Datasest Merged 1/pituitary/p (400).jpg,0
/kaggle/input/datasets/sabersakin/brainmri/Datasest Merged 1/Datasest Merged 1/pituitary/Tr-pi_0335.jpg,/kaggle/input/datasets/sabersakin/brainmri/Datasest Merged 1/Datasest Merged 1/pituitary/Tr-pi_0332.jpg,4
/kaggle/input/datasets/sabersakin/brainmri/Datasest Merged 1/Datasest Merged 1/glioma/Tr-gl_1204.jpg,/kaggle/input/datasets/sabersakin/brainmri/Datasest Merged 1/Datasest Merged 1/glioma/Te-gl_0254.jpg,2
/kaggle/input/datasets/sabersakin/brainmri/Datasest Merged 1/Datasest Merged 1/meningioma/Tr-me_0550.jpg,/kaggle/input/datasets/sabersakin/brainmri/Datasest Merged 1/Datasest Merged 1/meningioma/m3 (103).jpg,0
/kaggle/input/datasets/sabersakin/brainmri/Datasest Merged 1/Datasest Merged 1/meningioma/Tr-me_0998.jpg,/kaggle/input/datasets/sabersakin/brainmri/Datasest Merged 1/Datasest Merged 1/meningioma/Tr-me_0997.jpg,4
/kaggle/input/datasets/sabersakin/brainmri/Datasest Merged 1/Datasest Merged 1/pituitary/Tr-pi_1173.jpg,/kaggle/input/datasets/sabersakin/brainmri/Datasest Merged 1/Datasest Merged 1/pituitary/Tr-pi_1172.jpg,2
/kaggle/input/datasets/sabersakin/brainmri/Datasest Merged 1/Datasest Merged 1/pituitary/Tr-pi_1173.jpg,/kaggle/input/datasets/sabersakin/brainmri/Datasest Merged 1/Datasest Merged 1/pituitary/Tr-pi_1171.jpg,4
/kaggle/input/datasets/sabersakin/brainmri/Datasest Merged 1/Datasest Merged 1/meningioma/image(42).jpg,/kaggle/input/datasets/sabersakin/brainmri/Datasest Merged 1/Datasest Merged 1/meningioma/Te-me_0051.jpg,0
/kaggle/input/datasets/sabersakin/brainmri/Datasest Merged 1/Datasest Merged 1/meningioma/image(42).jpg,/kaggle/input/datasets/sabersakin/brainmri/Datasest Merged 1/Datasest Merged 1/meningioma/m1(152).jpg,0
/kaggle/input/datasets/sabersakin/brainmri/Datasest Merged 1/Datasest Merged 1/meningioma/Tr-me_0348.jpg,/kaggle/input/datasets/sabersakin/brainmri/Datasest Merged 1/Datasest Merged 1/meningioma/m1(81).jpg,0
/kaggle/input/datasets/sabersakin/brainmri/Datasest Merged 1/Datasest Merged 1/pituitary/Tr-pi_0351.jpg,/kaggle/input/datasets/sabersakin/brainmri/Datasest Merged 1/Datasest Merged 1/pituitary/p (416).jpg,4
/kaggle/input/datasets/sabersakin/brainmri/Datasest Merged 1/Datasest Merged 1/pituitary/Tr-pi_0351.jpg,/kaggle/input/datasets/sabersakin/brainmri/Datasest Merged 1/Datasest Merged 1/pituitary/Tr-pi_0352.jpg,4
/kaggle/input/datasets/sabersakin/brainmri/Datasest Merged 1/Datasest Merged 1/pituitary/Tr-pi_0351.jpg,/kaggle/input/datasets/sabersakin/brainmri/Datasest Merged 1/Datasest Merged 1/pituitary/p (415).jpg,0
/kaggle/input/datasets/sabersakin/brainmri/Datasest Merged 1/Datasest Merged 1/notumor/Tr-no_1145.jpg,/kaggle/input/datasets/sabersakin/brainmri/Datasest Merged 1/Datasest Merged 1/notumor/Tr-no_0555.jpg,0
/kaggle/input/datasets/sabersakin/brainmri/Datasest Merged 1/Datasest Merged 1/notumor/Tr-no_1145.jpg,/kaggle/input/datasets/sabersakin/brainmri/Datasest Merged 1/Datasest Merged 1/notumor/Tr-no_0656.jpg,2
/kaggle/input/datasets/sabersakin/brainmri/Datasest Merged 1/Datasest Merged 1/notumor/Tr-no_1145.jpg,/kaggle/input/datasets/sabersakin/brainmri/Datasest Merged 1/Datasest Merged 1/notumor/Tr-no_1229.jpg,2
/kaggle/input/datasets/sabersakin/brainmri/Datasest Merged 1/Datasest Merged 1/notumor/Tr-no_1145.jpg,/kaggle/input/datasets/sabersakin/brainmri/Datasest Merged 1/Datasest Merged 1/notumor/Tr-no_0840.jpg,0
/kaggle/input/datasets/sabersakin/brainmri/Datasest Merged 1/Datasest Merged 1/notumor/Tr-no_1145.jpg,/kaggle/input/datasets/sabersakin/brainmri/Datasest Merged 1/Datasest Merged 1/notumor/Tr-no_1385.jpg,2
/kaggle/input/datasets/sabersakin/brainmri/Datasest Merged 1/Datasest Merged 1/notumor/Tr-no_1145.jpg,/kaggle/input/datasets/sabersakin/brainmri/Datasest Merged 1/Datasest Merged 1/notumor/Tr-no_0703.jpg,0
/kaggle/input/datasets/sabersakin/brainmri/Datasest Merged 1/Datasest Merged 1/glioma/Tr-gl_0069.jpg,/kaggle/input/datasets/sabersakin/brainmri/Datasest Merged 1/Datasest Merged 1/glioma/gg (554).jpg,0
/kaggle/input/datasets/sabersakin/brainmri/Datasest Merged 1/Datasest Merged 1/pituitary/Tr-pi_0270.jpg,/kaggle/input/datasets/sabersakin/brainmri/Datasest Merged 1/Datasest Merged 1/pituitary/p (342).jpg,0
/kaggle/input/datasets/sabersakin/brainmri/Datasest Merged 1/Datasest Merged 1/meningioma/Tr-me_0070.jpg,/kaggle/input/datasets/sabersakin/brainmri/Datasest Merged 1/Datasest Merged 1/meningioma/m (181).jpg,0
/kaggle/input/datasets/sabersakin/brainmri/Datasest Merged 1/Datasest Merged 1/meningioma/Tr-me_0070.jpg,/kaggle/input/datasets/sabersakin/brainmri/Datasest Merged 1/Datasest Merged 1/meningioma/m (183).jpg,2
/kaggle/input/datasets/sabersakin/brainmri/Datasest Merged 1/Datasest Merged 1/meningioma/Tr-me_0070.jpg,/kaggle/input/datasets/sabersakin/brainmri/Datasest Merged 1/Datasest Merged 1/meningioma/Te-me_0135.jpg,2
/kaggle/input/datasets/sabersakin/brainmri/Datasest Merged 1/Datasest Merged 1/meningioma/Tr-me_0070.jpg,/kaggle/input/datasets/sabersakin/brainmri/Datasest Merged 1/Datasest Merged 1/meningioma/m (182).jpg,2
/kaggle/input/datasets/sabersakin/brainmri/Datasest Merged 1/Datasest Merged 1/meningioma/Tr-me_1036.jpg,/kaggle/input/datasets/sabersakin/brainmri/Datasest Merged 1/Datasest Merged 1/meningioma/Te-me_0222.jpg,4
/kaggle/input/datasets/sabersakin/brainmri/Datasest Merged 1/Datasest Merged 1/meningioma/Tr-me_1036.jpg,/kaggle/input/datasets/sabersakin/brainmri/Datasest Merged 1/Datasest Merged 1/meningioma/Tr-me_1037.jpg,2
/kaggle/input/datasets/sabersakin/brainmri/Datasest Merged 1/Datasest Merged 1/meningioma/Tr-me_1036.jpg,/kaggle/input/datasets/sabersakin/brainmri/Datasest Merged 1/Datasest Merged 1/meningioma/Tr-me_1038.jpg,2
/kaggle/input/datasets/sabersakin/brainmri/Datasest Merged 1/Datasest Merged 1/notumor/Tr-no_0755.jpg,/kaggle/input/datasets/sabersakin/brainmri/Datasest Merged 1/Datasest Merged 1/notumor/Tr-no_1193.jpg,4
/kaggle/input/datasets/sabersakin/brainmri/Datasest Merged 1/Datasest Merged 1/notumor/Tr-no_0755.jpg,/kaggle/input/datasets/sabersakin/brainmri/Datasest Merged 1/Datasest Merged 1/notumor/Tr-no_0750.jpg,2
/kaggle/input/datasets/sabersakin/brainmri/Datasest Merged 1/Datasest Merged 1/notumor/Tr-no_0755.jpg,/kaggle/input/datasets/sabersakin/brainmri/Datasest Merged 1/Datasest Merged 1/notumor/Tr-no_1070.jpg,2
/kaggle/input/datasets/sabersakin/brainmri/Datasest Merged 1/Datasest Merged 1/notumor/Tr-no_0755.jpg,/kaggle/input/datasets/sabersakin/brainmri/Datasest Merged 1/Datasest Merged 1/notumor/Tr-no_0575.jpg,4
/kaggle/input/datasets/sabersakin/brainmri/Datasest Merged 1/Datasest Merged 1/notumor/Tr-no_0755.jpg,/kaggle/input/datasets/sabersakin/brainmri/Datasest Merged 1/Datasest Merged 1/notumor/image (29).jpg,4
/kaggle/input/datasets/sabersakin/brainmri/Datasest Merged 1/Datasest Merged 1/notumor/Tr-no_0755.jpg,/kaggle/input/datasets/sabersakin/brainmri/Datasest Merged 1/Datasest Merged 1/notumor/Tr-no_1069.jpg,4
/kaggle/input/datasets/sabersakin/brainmri/Datasest Merged 1/Datasest Merged 1/notumor/Tr-no_0755.jpg,/kaggle/input/datasets/sabersakin/brainmri/Datasest Merged 1/Datasest Merged 1/notumor/image (30).jpg,2
/kaggle/input/datasets/sabersakin/brainmri/Datasest Merged 1/Datasest Merged 1/meningioma/m (71).jpg,/kaggle/input/datasets/sabersakin/brainmri/Datasest Merged 1/Datasest Merged 1/meningioma/Tr-me_0144.jpg,0
/kaggle/input/datasets/sabersakin/brainmri/Datasest Merged 1/Datasest Merged 1/notumor/image(393).jpg,/kaggle/input/datasets/sabersakin/brainmri/Datasest Merged 1/Datasest Merged 1/notumor/Te-no_0096.jpg,0
/kaggle/input/datasets/sabersakin/brainmri/Datasest Merged 1/Datasest Merged 1/notumor/image(393).jpg,/kaggle/input/datasets/sabersakin/brainmri/Datasest Merged 1/Datasest Merged 1/glioma/gg (753).jpg,4
/kaggle/input/datasets/sabersakin/brainmri/Datasest Merged 1/Datasest Merged 1/notumor/image(393).jpg,/kaggle/input/datasets/sabersakin/brainmri/Datasest Merged 1/Datasest Merged 1/meningioma/Tr-me_1305.jpg,4
/kaggle/input/datasets/sabersakin/brainmri/Datasest Merged 1/Datasest Merged 1/notumor/image(393).jpg,/kaggle/input/datasets/sabersakin/brainmri/Datasest Merged 1/Datasest Merged 1/notumor/Tr-no_0359.jpg,0
/kaggle/input/datasets/sabersakin/brainmri/Datasest Merged 1/Datasest Merged 1/pituitary/Tr-pi_0475.jpg,/kaggle/input/datasets/sabersakin/brainmri/Datasest Merged 1/Datasest Merged 1/pituitary/p (527).jpg,0
/kaggle/input/datasets/sabersakin/brainmri/Datasest Merged 1/Datasest Merged 1/notumor/Tr-no_1439.jpg,/kaggle/input/datasets/sabersakin/brainmri/Datasest Merged 1/Datasest Merged 1/notumor/Tr-no_1335.jpg,0
/kaggle/input/datasets/sabersakin/brainmri/Datasest Merged 1/Datasest Merged 1/notumor/Tr-no_1439.jpg,/kaggle/input/datasets/sabersakin/brainmri/Datasest Merged 1/Datasest Merged 1/notumor/Te-no_0238.jpg,0
/kaggle/input/datasets/sabersakin/brainmri/Datasest Merged 1/Datasest Merged 1/pituitary/Tr-pi_0215.jpg,/kaggle/input/datasets/sabersakin/brainmri/Datasest Merged 1/Datasest Merged 1/pituitary/p (293).jpg,0
/kaggle/input/datasets/sabersakin/brainmri/Datasest Merged 1/Datasest Merged 1/notumor/Tr-no_0292.jpg,/kaggle/input/datasets/sabersakin/brainmri/Datasest Merged 1/Datasest Merged 1/notumor/Tr-no_1253.jpg,2
/kaggle/input/datasets/sabersakin/brainmri/Datasest Merged 1/Datasest Merged 1/notumor/Tr-no_0292.jpg,/kaggle/input/datasets/sabersakin/brainmri/Datasest Merged 1/Datasest Merged 1/notumor/Tr-no_1032.jpg,2
/kaggle/input/datasets/sabersakin/brainmri/Datasest Merged 1/Datasest Merged 1/notumor/Tr-no_0292.jpg,/kaggle/input/datasets/sabersakin/brainmri/Datasest Merged 1/Datasest Merged 1/notumor/Tr-no_0796.jpg,2
/kaggle/input/datasets/sabersakin/brainmri/Datasest Merged 1/Datasest Merged 1/notumor/Tr-no_0292.jpg,/kaggle/input/datasets/sabersakin/brainmri/Datasest Merged 1/Datasest Merged 1/notumor/Tr-no_0747.jpg,2
/kaggle/input/datasets/sabersakin/brainmri/Datasest Merged 1/Datasest Merged 1/notumor/Tr-no_0292.jpg,/kaggle/input/datasets/sabersakin/brainmri/Datasest Merged 1/Datasest Merged 1/notumor/Te-no_0297.jpg,2
/kaggle/input/datasets/sabersakin/brainmri/Datasest Merged 1/Datasest Merged 1/notumor/Tr-no_0292.jpg,/kaggle/input/datasets/sabersakin/brainmri/Datasest Merged 1/Datasest Merged 1/notumor/Tr-no_0496.jpg,2
/kaggle/input/datasets/sabersakin/brainmri/Datasest Merged 1/Datasest Merged 1/notumor/Tr-no_0292.jpg,/kaggle/input/datasets/sabersakin/brainmri/Datasest Merged 1/Datasest Merged 1/notumor/image(300).jpg,0
/kaggle/input/datasets/sabersakin/brainmri/Datasest Merged 1/Datasest Merged 1/meningioma/Tr-me_0253.jpg,/kaggle/input/datasets/sabersakin/brainmri/Datasest Merged 1/Datasest Merged 1/meningioma/m1(174).jpg,0
/kaggle/input/datasets/sabersakin/brainmri/Datasest Merged 1/Datasest Merged 1/meningioma/Tr-me_0253.jpg,/kaggle/input/datasets/sabersakin/brainmri/Datasest Merged 1/Datasest Merged 1/meningioma/Te-me_0075.jpg,0
/kaggle/input/datasets/sabersakin/brainmri/Datasest Merged 1/Datasest Merged 1/notumor/image(232).jpg,/kaggle/input/datasets/sabersakin/brainmri/Datasest Merged 1/Datasest Merged 1/notumor/Tr-no_1060.jpg,0
/kaggle/input/datasets/sabersakin/brainmri/Datasest Merged 1/Datasest Merged 1/notumor/image(232).jpg,/kaggle/input/datasets/sabersakin/brainmri/Datasest Merged 1/Datasest Merged 1/notumor/Tr-no_0216.jpg,0
/kaggle/input/datasets/sabersakin/brainmri/Datasest Merged 1/Datasest Merged 1/pituitary/Te-pi_0036.jpg,/kaggle/input/datasets/sabersakin/brainmri/Datasest Merged 1/Datasest Merged 1/pituitary/p (706).jpg,4
/kaggle/input/datasets/sabersakin/brainmri/Datasest Merged 1/Datasest Merged 1/pituitary/Te-pi_0036.jpg,/kaggle/input/datasets/sabersakin/brainmri/Datasest Merged 1/Datasest Merged 1/pituitary/p (705).jpg,0
/kaggle/input/datasets/sabersakin/brainmri/Datasest Merged 1/Datasest Merged 1/pituitary/Te-pi_0036.jpg,/kaggle/input/datasets/sabersakin/brainmri/Datasest Merged 1/Datasest Merged 1/pituitary/Tr-pi_0637.jpg,4
/kaggle/input/datasets/sabersakin/brainmri/Datasest Merged 1/Datasest Merged 1/notumor/Tr-no_0175.jpg,/kaggle/input/datasets/sabersakin/brainmri/Datasest Merged 1/Datasest Merged 1/notumor/Tr-no_0864.jpg,0
/kaggle/input/datasets/sabersakin/brainmri/Datasest Merged 1/Datasest Merged 1/notumor/Tr-no_0175.jpg,/kaggle/input/datasets/sabersakin/brainmri/Datasest Merged 1/Datasest Merged 1/notumor/Tr-no_0671.jpg,2
/kaggle/input/datasets/sabersakin/brainmri/Datasest Merged 1/Datasest Merged 1/notumor/Tr-no_0175.jpg,/kaggle/input/datasets/sabersakin/brainmri/Datasest Merged 1/Datasest Merged 1/notumor/image(196).jpg,0
/kaggle/input/datasets/sabersakin/brainmri/Datasest Merged 1/Datasest Merged 1/notumor/Tr-no_0175.jpg,/kaggle/input/datasets/sabersakin/brainmri/Datasest Merged 1/Datasest Merged 1/notumor/Tr-no_0782.jpg,4
/kaggle/input/datasets/sabersakin/brainmri/Datasest Merged 1/Datasest Merged 1/notumor/Tr-no_0175.jpg,/kaggle/input/datasets/sabersakin/brainmri/Datasest Merged 1/Datasest Merged 1/notumor/Te-no_0210.jpg,0
/kaggle/input/datasets/sabersakin/brainmri/Datasest Merged 1/Datasest Merged 1/notumor/Tr-no_0175.jpg,/kaggle/input/datasets/sabersakin/brainmri/Datasest Merged 1/Datasest Merged 1/notumor/Tr-no_1233.jpg,2
/kaggle/input/datasets/sabersakin/brainmri/Datasest Merged 1/Datasest Merged 1/notumor/Tr-no_0175.jpg,/kaggle/input/datasets/sabersakin/brainmri/Datasest Merged 1/Datasest Merged 1/notumor/Tr-no_0652.jpg,2
/kaggle/input/datasets/sabersakin/brainmri/Datasest Merged 1/Datasest Merged 1/notumor/Tr-no_0175.jpg,/kaggle/input/datasets/sabersakin/brainmri/Datasest Merged 1/Datasest Merged 1/notumor/Tr-no_1167.jpg,0
/kaggle/input/datasets/sabersakin/brainmri/Datasest Merged 1/Datasest Merged 1/glioma/Tr-gl_0099.jpg,/kaggle/input/datasets/sabersakin/brainmri/Datasest Merged 1/Datasest Merged 1/glioma/gg (714).jpg,0
/kaggle/input/datasets/sabersakin/brainmri/Datasest Merged 1/Datasest Merged 1/pituitary/p (442).jpg,/kaggle/input/datasets/sabersakin/brainmri/Datasest Merged 1/Datasest Merged 1/pituitary/p (443).jpg,4
/kaggle/input/datasets/sabersakin/brainmri/Datasest Merged 1/Datasest Merged 1/pituitary/p (442).jpg,/kaggle/input/datasets/sabersakin/brainmri/Datasest Merged 1/Datasest Merged 1/pituitary/Tr-pi_0381.jpg,0
/kaggle/input/datasets/sabersakin/brainmri/Datasest Merged 1/Datasest Merged 1/pituitary/p (442).jpg,/kaggle/input/datasets/sabersakin/brainmri/Datasest Merged 1/Datasest Merged 1/pituitary/Tr-pi_0382.jpg,4
/kaggle/input/datasets/sabersakin/brainmri/Datasest Merged 1/Datasest Merged 1/meningioma/m1(141).jpg,/kaggle/input/datasets/sabersakin/brainmri/Datasest Merged 1/Datasest Merged 1/meningioma/Te-me_0039.jpg,0
/kaggle/input/datasets/sabersakin/brainmri/Datasest Merged 1/Datasest Merged 1/meningioma/m1(141).jpg,/kaggle/input/datasets/sabersakin/brainmri/Datasest Merged 1/Datasest Merged 1/meningioma/Tr-me_0218.jpg,0
/kaggle/input/datasets/sabersakin/brainmri/Datasest Merged 1/Datasest Merged 1/meningioma/m1(87).jpg,/kaggle/input/datasets/sabersakin/brainmri/Datasest Merged 1/Datasest Merged 1/meningioma/Tr-me_0354.jpg,0
/kaggle/input/datasets/sabersakin/brainmri/Datasest Merged 1/Datasest Merged 1/notumor/Tr-no_0843.jpg,/kaggle/input/datasets/sabersakin/brainmri/Datasest Merged 1/Datasest Merged 1/notumor/Tr-no_1222.jpg,4
/kaggle/input/datasets/sabersakin/brainmri/Datasest Merged 1/Datasest Merged 1/notumor/Tr-no_0843.jpg,/kaggle/input/datasets/sabersakin/brainmri/Datasest Merged 1/Datasest Merged 1/notumor/Tr-no_0673.jpg,4
/kaggle/input/datasets/sabersakin/brainmri/Datasest Merged 1/Datasest Merged 1/notumor/Tr-no_0843.jpg,/kaggle/input/datasets/sabersakin/brainmri/Datasest Merged 1/Datasest Merged 1/notumor/Te-no_0200.jpg,2
/kaggle/input/datasets/sabersakin/brainmri/Datasest Merged 1/Datasest Merged 1/notumor/Tr-no_0843.jpg,/kaggle/input/datasets/sabersakin/brainmri/Datasest Merged 1/Datasest Merged 1/notumor/Tr-no_0815.jpg,4
/kaggle/input/datasets/sabersakin/brainmri/Datasest Merged 1/Datasest Merged 1/notumor/Tr-no_0843.jpg,/kaggle/input/datasets/sabersakin/brainmri/Datasest Merged 1/Datasest Merged 1/notumor/Tr-no_0730.jpg,2
/kaggle/input/datasets/sabersakin/brainmri/Datasest Merged 1/Datasest Merged 1/notumor/Tr-no_0843.jpg,/kaggle/input/datasets/sabersakin/brainmri/Datasest Merged 1/Datasest Merged 1/notumor/Te-no_0367.jpg,2
/kaggle/input/datasets/sabersakin/brainmri/Datasest Merged 1/Datasest Merged 1/notumor/Tr-no_0843.jpg,/kaggle/input/datasets/sabersakin/brainmri/Datasest Merged 1/Datasest Merged 1/notumor/Tr-no_0523.jpg,0
/kaggle/input/datasets/sabersakin/brainmri/Datasest Merged 1/Datasest Merged 1/notumor/Tr-no_0843.jpg,/kaggle/input/datasets/sabersakin/brainmri/Datasest Merged 1/Datasest Merged 1/notumor/Te-no_0160.jpg,4
/kaggle/input/datasets/sabersakin/brainmri/Datasest Merged 1/Datasest Merged 1/notumor/Tr-no_0843.jpg,/kaggle/input/datasets/sabersakin/brainmri/Datasest Merged 1/Datasest Merged 1/notumor/Tr-no_1478.jpg,2
/kaggle/input/datasets/sabersakin/brainmri/Datasest Merged 1/Datasest Merged 1/pituitary/p (605).jpg,/kaggle/input/datasets/sabersakin/brainmri/Datasest Merged 1/Datasest Merged 1/pituitary/Te-pi_0011.jpg,0
/kaggle/input/datasets/sabersakin/brainmri/Datasest Merged 1/Datasest Merged 1/notumor/Tr-no_0432.jpg,/kaggle/input/datasets/sabersakin/brainmri/Datasest Merged 1/Datasest Merged 1/notumor/Tr-no_1418.jpg,0
/kaggle/input/datasets/sabersakin/brainmri/Datasest Merged 1/Datasest Merged 1/glioma/Tr-gl_0724.jpg,/kaggle/input/datasets/sabersakin/brainmri/Datasest Merged 1/Datasest Merged 1/glioma/Tr-gl_0723.jpg,2
/kaggle/input/datasets/sabersakin/brainmri/Datasest Merged 1/Datasest Merged 1/pituitary/Tr-pi_0410.jpg,/kaggle/input/datasets/sabersakin/brainmri/Datasest Merged 1/Datasest Merged 1/pituitary/p (469).jpg,0
/kaggle/input/datasets/sabersakin/brainmri/Datasest Merged 1/Datasest Merged 1/pituitary/Tr-pi_0410.jpg,/kaggle/input/datasets/sabersakin/brainmri/Datasest Merged 1/Datasest Merged 1/pituitary/p (43).jpg,4
/kaggle/input/datasets/sabersakin/brainmri/Datasest Merged 1/Datasest Merged 1/pituitary/Tr-pi_0410.jpg,/kaggle/input/datasets/sabersakin/brainmri/Datasest Merged 1/Datasest Merged 1/pituitary/Tr-pi_0367.jpg,4
/kaggle/input/datasets/sabersakin/brainmri/Datasest Merged 1/Datasest Merged 1/notumor/Tr-no_0215.jpg,/kaggle/input/datasets/sabersakin/brainmri/Datasest Merged 1/Datasest Merged 1/notumor/image(231).jpg,0
/kaggle/input/datasets/sabersakin/brainmri/Datasest Merged 1/Datasest Merged 1/notumor/Tr-no_0215.jpg,/kaggle/input/datasets/sabersakin/brainmri/Datasest Merged 1/Datasest Merged 1/notumor/Tr-no_1050.jpg,0
/kaggle/input/datasets/sabersakin/brainmri/Datasest Merged 1/Datasest Merged 1/meningioma/m3 (2).jpg,/kaggle/input/datasets/sabersakin/brainmri/Datasest Merged 1/Datasest Merged 1/glioma/Tr-gl_0389.jpg,4
/kaggle/input/datasets/sabersakin/brainmri/Datasest Merged 1/Datasest Merged 1/meningioma/m3 (2).jpg,/kaggle/input/datasets/sabersakin/brainmri/Datasest Merged 1/Datasest Merged 1/meningioma/Tr-me_0655.jpg,0
/kaggle/input/datasets/sabersakin/brainmri/Datasest Merged 1/Datasest Merged 1/meningioma/Tr-me_0366.jpg,/kaggle/input/datasets/sabersakin/brainmri/Datasest Merged 1/Datasest Merged 1/meningioma/m1(101).jpg,0
/kaggle/input/datasets/sabersakin/brainmri/Datasest Merged 1/Datasest Merged 1/meningioma/Tr-me_0366.jpg,/kaggle/input/datasets/sabersakin/brainmri/Datasest Merged 1/Datasest Merged 1/meningioma/m1(98).jpg,0
/kaggle/input/datasets/sabersakin/brainmri/Datasest Merged 1/Datasest Merged 1/meningioma/Tr-me_0366.jpg,/kaggle/input/datasets/sabersakin/brainmri/Datasest Merged 1/Datasest Merged 1/meningioma/Tr-me_0176.jpg,0
/kaggle/input/datasets/sabersakin/brainmri/Datasest Merged 1/Datasest Merged 1/meningioma/Tr-me_0366.jpg,/kaggle/input/datasets/sabersakin/brainmri/Datasest Merged 1/Datasest Merged 1/meningioma/image(24).jpg,0
/kaggle/input/datasets/sabersakin/brainmri/Datasest Merged 1/Datasest Merged 1/meningioma/Tr-me_0366.jpg,/kaggle/input/datasets/sabersakin/brainmri/Datasest Merged 1/Datasest Merged 1/meningioma/m1(134).jpg,0
/kaggle/input/datasets/sabersakin/brainmri/Datasest Merged 1/Datasest Merged 1/meningioma/Tr-me_0366.jpg,/kaggle/input/datasets/sabersakin/brainmri/Datasest Merged 1/Datasest Merged 1/meningioma/image(118).jpg,0
/kaggle/input/datasets/sabersakin/brainmri/Datasest Merged 1/Datasest Merged 1/meningioma/Tr-me_0366.jpg,/kaggle/input/datasets/sabersakin/brainmri/Datasest Merged 1/Datasest Merged 1/meningioma/Te-me_0010.jpg,0
/kaggle/input/datasets/sabersakin/brainmri/Datasest Merged 1/Datasest Merged 1/meningioma/Tr-me_0366.jpg,/kaggle/input/datasets/sabersakin/brainmri/Datasest Merged 1/Datasest Merged 1/meningioma/Te-me_0031.jpg,0
/kaggle/input/datasets/sabersakin/brainmri/Datasest Merged 1/Datasest Merged 1/meningioma/Tr-me_0366.jpg,/kaggle/input/datasets/sabersakin/brainmri/Datasest Merged 1/Datasest Merged 1/meningioma/Tr-me_0211.jpg,0
/kaggle/input/datasets/sabersakin/brainmri/Datasest Merged 1/Datasest Merged 1/notumor/image(108).jpg,/kaggle/input/datasets/sabersakin/brainmri/Datasest Merged 1/Datasest Merged 1/notumor/Tr-no_0079.jpg,0
/kaggle/input/datasets/sabersakin/brainmri/Datasest Merged 1/Datasest Merged 1/notumor/image(108).jpg,/kaggle/input/datasets/sabersakin/brainmri/Datasest Merged 1/Datasest Merged 1/notumor/image(428).jpg,0
/kaggle/input/datasets/sabersakin/brainmri/Datasest Merged 1/Datasest Merged 1/notumor/image(108).jpg,/kaggle/input/datasets/sabersakin/brainmri/Datasest Merged 1/Datasest Merged 1/notumor/image(3).jpg,0
/kaggle/input/datasets/sabersakin/brainmri/Datasest Merged 1/Datasest Merged 1/notumor/image(108).jpg,/kaggle/input/datasets/sabersakin/brainmri/Datasest Merged 1/Datasest Merged 1/notumor/Tr-no_0043.jpg,0
/kaggle/input/datasets/sabersakin/brainmri/Datasest Merged 1/Datasest Merged 1/notumor/image(108).jpg,/kaggle/input/datasets/sabersakin/brainmri/Datasest Merged 1/Datasest Merged 1/notumor/image (44).jpg,0
/kaggle/input/datasets/sabersakin/brainmri/Datasest Merged 1/Datasest Merged 1/notumor/image(108).jpg,/kaggle/input/datasets/sabersakin/brainmri/Datasest Merged 1/Datasest Merged 1/notumor/Tr-no_0074.jpg,0
/kaggle/input/datasets/sabersakin/brainmri/Datasest Merged 1/Datasest Merged 1/notumor/image(108).jpg,/kaggle/input/datasets/sabersakin/brainmri/Datasest Merged 1/Datasest Merged 1/notumor/Tr-no_1162.jpg,0
/kaggle/input/datasets/sabersakin/brainmri/Datasest Merged 1/Datasest Merged 1/notumor/image(108).jpg,/kaggle/input/datasets/sabersakin/brainmri/Datasest Merged 1/Datasest Merged 1/notumor/Te-no_0027.jpg,0
/kaggle/input/datasets/sabersakin/brainmri/Datasest Merged 1/Datasest Merged 1/glioma/Tr-gl_0244.jpg,/kaggle/input/datasets/sabersakin/brainmri/Datasest Merged 1/Datasest Merged 1/glioma/Tr-gl_0245.jpg,2
/kaggle/input/datasets/sabersakin/brainmri/Datasest Merged 1/Datasest Merged 1/meningioma/Tr-me_0214.jpg,/kaggle/input/datasets/sabersakin/brainmri/Datasest Merged 1/Datasest Merged 1/meningioma/image(27).jpg,0
/kaggle/input/datasets/sabersakin/brainmri/Datasest Merged 1/Datasest Merged 1/meningioma/Tr-me_0214.jpg,/kaggle/input/datasets/sabersakin/brainmri/Datasest Merged 1/Datasest Merged 1/meningioma/m1(137).jpg,0
/kaggle/input/datasets/sabersakin/brainmri/Datasest Merged 1/Datasest Merged 1/meningioma/Tr-me_0214.jpg,/kaggle/input/datasets/sabersakin/brainmri/Datasest Merged 1/Datasest Merged 1/meningioma/Te-me_0034.jpg,0
/kaggle/input/datasets/sabersakin/brainmri/Datasest Merged 1/Datasest Merged 1/meningioma/m2 (63).jpg,/kaggle/input/datasets/sabersakin/brainmri/Datasest Merged 1/Datasest Merged 1/meningioma/m2 (61).jpg,4
/kaggle/input/datasets/sabersakin/brainmri/Datasest Merged 1/Datasest Merged 1/meningioma/m2 (63).jpg,/kaggle/input/datasets/sabersakin/brainmri/Datasest Merged 1/Datasest Merged 1/meningioma/Tr-me_0503.jpg,4
/kaggle/input/datasets/sabersakin/brainmri/Datasest Merged 1/Datasest Merged 1/meningioma/m2 (63).jpg,/kaggle/input/datasets/sabersakin/brainmri/Datasest Merged 1/Datasest Merged 1/meningioma/Tr-me_0505.jpg,0
/kaggle/input/datasets/sabersakin/brainmri/Datasest Merged 1/Datasest Merged 1/meningioma/m2 (63).jpg,/kaggle/input/datasets/sabersakin/brainmri/Datasest Merged 1/Datasest Merged 1/meningioma/m2 (62).jpg,4
/kaggle/input/datasets/sabersakin/brainmri/Datasest Merged 1/Datasest Merged 1/meningioma/m2 (63).jpg,/kaggle/input/datasets/sabersakin/brainmri/Datasest Merged 1/Datasest Merged 1/meningioma/Tr-me_0504.jpg,4
/kaggle/input/datasets/sabersakin/brainmri/Datasest Merged 1/Datasest Merged 1/meningioma/81.jpg,/kaggle/input/datasets/sabersakin/brainmri/Datasest Merged 1/Datasest Merged 1/meningioma/84.jpg,2
/kaggle/input/datasets/sabersakin/brainmri/Datasest Merged 1/Datasest Merged 1/meningioma/81.jpg,/kaggle/input/datasets/sabersakin/brainmri/Datasest Merged 1/Datasest Merged 1/meningioma/83.jpg,2
/kaggle/input/datasets/sabersakin/brainmri/Datasest Merged 1/Datasest Merged 1/meningioma/81.jpg,/kaggle/input/datasets/sabersakin/brainmri/Datasest Merged 1/Datasest Merged 1/meningioma/82.jpg,2
/kaggle/input/datasets/sabersakin/brainmri/Datasest Merged 1/Datasest Merged 1/meningioma/m (153).jpg,/kaggle/input/datasets/sabersakin/brainmri/Datasest Merged 1/Datasest Merged 1/meningioma/Tr-me_0046.jpg,0
/kaggle/input/datasets/sabersakin/brainmri/Datasest Merged 1/Datasest Merged 1/meningioma/Tr-me_0562.jpg,/kaggle/input/datasets/sabersakin/brainmri/Datasest Merged 1/Datasest Merged 1/meningioma/m3 (114).jpg,0
/kaggle/input/datasets/sabersakin/brainmri/Datasest Merged 1/Datasest Merged 1/meningioma/Tr-me_0562.jpg,/kaggle/input/datasets/sabersakin/brainmri/Datasest Merged 1/Datasest Merged 1/meningioma/Tr-me_0561.jpg,4
/kaggle/input/datasets/sabersakin/brainmri/Datasest Merged 1/Datasest Merged 1/meningioma/Tr-me_0562.jpg,/kaggle/input/datasets/sabersakin/brainmri/Datasest Merged 1/Datasest Merged 1/meningioma/m3 (113).jpg,4
/kaggle/input/datasets/sabersakin/brainmri/Datasest Merged 1/Datasest Merged 1/pituitary/p (363).jpg,/kaggle/input/datasets/sabersakin/brainmri/Datasest Merged 1/Datasest Merged 1/pituitary/p (362).jpg,2
/kaggle/input/datasets/sabersakin/brainmri/Datasest Merged 1/Datasest Merged 1/pituitary/p (363).jpg,/kaggle/input/datasets/sabersakin/brainmri/Datasest Merged 1/Datasest Merged 1/pituitary/Tr-pi_0292.jpg,2
/kaggle/input/datasets/sabersakin/brainmri/Datasest Merged 1/Datasest Merged 1/pituitary/p (363).jpg,/kaggle/input/datasets/sabersakin/brainmri/Datasest Merged 1/Datasest Merged 1/pituitary/Tr-pi_0293.jpg,0
/kaggle/input/datasets/sabersakin/brainmri/Datasest Merged 1/Datasest Merged 1/glioma/770.jpg,/kaggle/input/datasets/sabersakin/brainmri/Datasest Merged 1/Datasest Merged 1/glioma/771.jpg,4
/kaggle/input/datasets/sabersakin/brainmri/Datasest Merged 1/Datasest Merged 1/glioma/Tr-gl_0015.jpg,/kaggle/input/datasets/sabersakin/brainmri/Datasest Merged 1/Datasest Merged 1/glioma/gg (332).jpg,0
/kaggle/input/datasets/sabersakin/brainmri/Datasest Merged 1/Datasest Merged 1/glioma/gg (483).jpg,/kaggle/input/datasets/sabersakin/brainmri/Datasest Merged 1/Datasest Merged 1/glioma/Tr-gl_0053.jpg,4
/kaggle/input/datasets/sabersakin/brainmri/Datasest Merged 1/Datasest Merged 1/pituitary/p (54).jpg,/kaggle/input/datasets/sabersakin/brainmri/Datasest Merged 1/Datasest Merged 1/pituitary/Tr-pi_0478.jpg,2
/kaggle/input/datasets/sabersakin/brainmri/Datasest Merged 1/Datasest Merged 1/pituitary/p (54).jpg,/kaggle/input/datasets/sabersakin/brainmri/Datasest Merged 1/Datasest Merged 1/pituitary/Tr-pi_0500.jpg,4
/kaggle/input/datasets/sabersakin/brainmri/Datasest Merged 1/Datasest Merged 1/pituitary/p (54).jpg,/kaggle/input/datasets/sabersakin/brainmri/Datasest Merged 1/Datasest Merged 1/pituitary/Tr-pi_0489.jpg,0
/kaggle/input/datasets/sabersakin/brainmri/Datasest Merged 1/Datasest Merged 1/pituitary/p (54).jpg,/kaggle/input/datasets/sabersakin/brainmri/Datasest Merged 1/Datasest Merged 1/pituitary/p (53).jpg,2
/kaggle/input/datasets/sabersakin/brainmri/Datasest Merged 1/Datasest Merged 1/notumor/Te-no_0217.jpg,/kaggle/input/datasets/sabersakin/brainmri/Datasest Merged 1/Datasest Merged 1/notumor/Tr-no_1037.jpg,0
/kaggle/input/datasets/sabersakin/brainmri/Datasest Merged 1/Datasest Merged 1/notumor/Te-no_0217.jpg,/kaggle/input/datasets/sabersakin/brainmri/Datasest Merged 1/Datasest Merged 1/notumor/Tr-no_0963.jpg,4
/kaggle/input/datasets/sabersakin/brainmri/Datasest Merged 1/Datasest Merged 1/notumor/Te-no_0217.jpg,/kaggle/input/datasets/sabersakin/brainmri/Datasest Merged 1/Datasest Merged 1/notumor/Tr-no_0775.jpg,4
/kaggle/input/datasets/sabersakin/brainmri/Datasest Merged 1/Datasest Merged 1/notumor/Te-no_0217.jpg,/kaggle/input/datasets/sabersakin/brainmri/Datasest Merged 1/Datasest Merged 1/notumor/Tr-no_0582.jpg,0
/kaggle/input/datasets/sabersakin/brainmri/Datasest Merged 1/Datasest Merged 1/notumor/Te-no_0217.jpg,/kaggle/input/datasets/sabersakin/brainmri/Datasest Merged 1/Datasest Merged 1/notumor/Tr-no_1246.jpg,0
/kaggle/input/datasets/sabersakin/brainmri/Datasest Merged 1/Datasest Merged 1/notumor/Te-no_0217.jpg,/kaggle/input/datasets/sabersakin/brainmri/Datasest Merged 1/Datasest Merged 1/notumor/Tr-no_1236.jpg,4
/kaggle/input/datasets/sabersakin/brainmri/Datasest Merged 1/Datasest Merged 1/notumor/Te-no_0217.jpg,/kaggle/input/datasets/sabersakin/brainmri/Datasest Merged 1/Datasest Merged 1/notumor/Tr-no_0395.jpg,0
/kaggle/input/datasets/sabersakin/brainmri/Datasest Merged 1/Datasest Merged 1/meningioma/m2 (153).jpg,/kaggle/input/datasets/sabersakin/brainmri/Datasest Merged 1/Datasest Merged 1/meningioma/Tr-me_0428.jpg,0
/kaggle/input/datasets/sabersakin/brainmri/Datasest Merged 1/Datasest Merged 1/notumor/Te-no_0094.jpg,/kaggle/input/datasets/sabersakin/brainmri/Datasest Merged 1/Datasest Merged 1/notumor/image(90).jpg,0
/kaggle/input/datasets/sabersakin/brainmri/Datasest Merged 1/Datasest Merged 1/notumor/Te-no_0094.jpg,/kaggle/input/datasets/sabersakin/brainmri/Datasest Merged 1/Datasest Merged 1/notumor/Tr-no_0357.jpg,0
/kaggle/input/datasets/sabersakin/brainmri/Datasest Merged 1/Datasest Merged 1/notumor/Te-no_0094.jpg,/kaggle/input/datasets/sabersakin/brainmri/Datasest Merged 1/Datasest Merged 1/notumor/image(391).jpg,0
/kaggle/input/datasets/sabersakin/brainmri/Datasest Merged 1/Datasest Merged 1/notumor/Tr-no_0546.jpg,/kaggle/input/datasets/sabersakin/brainmri/Datasest Merged 1/Datasest Merged 1/notumor/Te-no_0300.jpg,2
/kaggle/input/datasets/sabersakin/brainmri/Datasest Merged 1/Datasest Merged 1/notumor/Tr-no_0546.jpg,/kaggle/input/datasets/sabersakin/brainmri/Datasest Merged 1/Datasest Merged 1/notumor/Tr-no_0495.jpg,2
/kaggle/input/datasets/sabersakin/brainmri/Datasest Merged 1/Datasest Merged 1/pituitary/Tr-pi_0571.jpg,/kaggle/input/datasets/sabersakin/brainmri/Datasest Merged 1/Datasest Merged 1/pituitary/Tr-pi_0563.jpg,4
/kaggle/input/datasets/sabersakin/brainmri/Datasest Merged 1/Datasest Merged 1/pituitary/Tr-pi_0571.jpg,/kaggle/input/datasets/sabersakin/brainmri/Datasest Merged 1/Datasest Merged 1/pituitary/p (62).jpg,4
/kaggle/input/datasets/sabersakin/brainmri/Datasest Merged 1/Datasest Merged 1/pituitary/Tr-pi_0571.jpg,/kaggle/input/datasets/sabersakin/brainmri/Datasest Merged 1/Datasest Merged 1/pituitary/p (63).jpg,0
/kaggle/input/datasets/sabersakin/brainmri/Datasest Merged 1/Datasest Merged 1/pituitary/Tr-pi_0571.jpg,/kaggle/input/datasets/sabersakin/brainmri/Datasest Merged 1/Datasest Merged 1/pituitary/Tr-pi_0588.jpg,4
/kaggle/input/datasets/sabersakin/brainmri/Datasest Merged 1/Datasest Merged 1/pituitary/Tr-pi_1239.jpg,/kaggle/input/datasets/sabersakin/brainmri/Datasest Merged 1/Datasest Merged 1/pituitary/Tr-pi_1240.jpg,4
/kaggle/input/datasets/sabersakin/brainmri/Datasest Merged 1/Datasest Merged 1/glioma/1700.jpg,/kaggle/input/datasets/sabersakin/brainmri/Datasest Merged 1/Datasest Merged 1/glioma/1701.jpg,4
/kaggle/input/datasets/sabersakin/brainmri/Datasest Merged 1/Datasest Merged 1/pituitary/Tr-pi_0102.jpg,/kaggle/input/datasets/sabersakin/brainmri/Datasest Merged 1/Datasest Merged 1/pituitary/p (231).jpg,4
/kaggle/input/datasets/sabersakin/brainmri/Datasest Merged 1/Datasest Merged 1/pituitary/Tr-pi_0102.jpg,/kaggle/input/datasets/sabersakin/brainmri/Datasest Merged 1/Datasest Merged 1/pituitary/Tr-pi_0147.jpg,4
/kaggle/input/datasets/sabersakin/brainmri/Datasest Merged 1/Datasest Merged 1/glioma/Tr-gl_0262.jpg,/kaggle/input/datasets/sabersakin/brainmri/Datasest Merged 1/Datasest Merged 1/glioma/Tr-gl_0722.jpg,4
/kaggle/input/datasets/sabersakin/brainmri/Datasest Merged 1/Datasest Merged 1/meningioma/m (196).jpg,/kaggle/input/datasets/sabersakin/brainmri/Datasest Merged 1/Datasest Merged 1/meningioma/m (197).jpg,4
/kaggle/input/datasets/sabersakin/brainmri/Datasest Merged 1/Datasest Merged 1/meningioma/m (196).jpg,/kaggle/input/datasets/sabersakin/brainmri/Datasest Merged 1/Datasest Merged 1/meningioma/Tr-me_0082.jpg,0
/kaggle/input/datasets/sabersakin/brainmri/Datasest Merged 1/Datasest Merged 1/meningioma/m (196).jpg,/kaggle/input/datasets/sabersakin/brainmri/Datasest Merged 1/Datasest Merged 1/meningioma/Tr-me_0083.jpg,4
/kaggle/input/datasets/sabersakin/brainmri/Datasest Merged 1/Datasest Merged 1/pituitary/p (629).jpg,/kaggle/input/datasets/sabersakin/brainmri/Datasest Merged 1/Datasest Merged 1/pituitary/Te-pi_0017.jpg,0
/kaggle/input/datasets/sabersakin/brainmri/Datasest Merged 1/Datasest Merged 1/notumor/Te-no_0241.jpg,/kaggle/input/datasets/sabersakin/brainmri/Datasest Merged 1/Datasest Merged 1/notumor/Tr-no_0590.jpg,0
/kaggle/input/datasets/sabersakin/brainmri/Datasest Merged 1/Datasest Merged 1/notumor/Te-no_0241.jpg,/kaggle/input/datasets/sabersakin/brainmri/Datasest Merged 1/Datasest Merged 1/notumor/Te-no_0164.jpg,4
/kaggle/input/datasets/sabersakin/brainmri/Datasest Merged 1/Datasest Merged 1/notumor/Te-no_0241.jpg,/kaggle/input/datasets/sabersakin/brainmri/Datasest Merged 1/Datasest Merged 1/notumor/Te-no_0129.jpg,2
/kaggle/input/datasets/sabersakin/brainmri/Datasest Merged 1/Datasest Merged 1/notumor/Te-no_0241.jpg,/kaggle/input/datasets/sabersakin/brainmri/Datasest Merged 1/Datasest Merged 1/notumor/Tr-no_1238.jpg,4
/kaggle/input/datasets/sabersakin/brainmri/Datasest Merged 1/Datasest Merged 1/notumor/Te-no_0241.jpg,/kaggle/input/datasets/sabersakin/brainmri/Datasest Merged 1/Datasest Merged 1/notumor/Te-no_0276.jpg,4
/kaggle/input/datasets/sabersakin/brainmri/Datasest Merged 1/Datasest Merged 1/notumor/Te-no_0241.jpg,/kaggle/input/datasets/sabersakin/brainmri/Datasest Merged 1/Datasest Merged 1/notumor/Tr-no_1458.jpg,0
/kaggle/input/datasets/sabersakin/brainmri/Datasest Merged 1/Datasest Merged 1/notumor/Te-no_0241.jpg,/kaggle/input/datasets/sabersakin/brainmri/Datasest Merged 1/Datasest Merged 1/notumor/Tr-no_1239.jpg,4
/kaggle/input/datasets/sabersakin/brainmri/Datasest Merged 1/Datasest Merged 1/notumor/Te-no_0241.jpg,/kaggle/input/datasets/sabersakin/brainmri/Datasest Merged 1/Datasest Merged 1/notumor/Tr-no_1483.jpg,4
/kaggle/input/datasets/sabersakin/brainmri/Datasest Merged 1/Datasest Merged 1/notumor/Te-no_0241.jpg,/kaggle/input/datasets/sabersakin/brainmri/Datasest Merged 1/Datasest Merged 1/notumor/Te-no_0274.jpg,4
/kaggle/input/datasets/sabersakin/brainmri/Datasest Merged 1/Datasest Merged 1/meningioma/m2 (77).jpg,/kaggle/input/datasets/sabersakin/brainmri/Datasest Merged 1/Datasest Merged 1/meningioma/Tr-me_0520.jpg,0
/kaggle/input/datasets/sabersakin/brainmri/Datasest Merged 1/Datasest Merged 1/meningioma/m2 (77).jpg,/kaggle/input/datasets/sabersakin/brainmri/Datasest Merged 1/Datasest Merged 1/meningioma/m (86).jpg,2
/kaggle/input/datasets/sabersakin/brainmri/Datasest Merged 1/Datasest Merged 1/pituitary/Te-pi_0026.jpg,/kaggle/input/datasets/sabersakin/brainmri/Datasest Merged 1/Datasest Merged 1/pituitary/p (665).jpg,0
/kaggle/input/datasets/sabersakin/brainmri/Datasest Merged 1/Datasest Merged 1/glioma/Tr-gl_0258.jpg,/kaggle/input/datasets/sabersakin/brainmri/Datasest Merged 1/Datasest Merged 1/glioma/Tr-gl_0260.jpg,4
/kaggle/input/datasets/sabersakin/brainmri/Datasest Merged 1/Datasest Merged 1/glioma/Tr-gl_0258.jpg,/kaggle/input/datasets/sabersakin/brainmri/Datasest Merged 1/Datasest Merged 1/glioma/Tr-gl_0259.jpg,2
/kaggle/input/datasets/sabersakin/brainmri/Datasest Merged 1/Datasest Merged 1/meningioma/m (140).jpg,/kaggle/input/datasets/sabersakin/brainmri/Datasest Merged 1/Datasest Merged 1/meningioma/Tr-me_0035.jpg,0
/kaggle/input/datasets/sabersakin/brainmri/Datasest Merged 1/Datasest Merged 1/meningioma/m (140).jpg,/kaggle/input/datasets/sabersakin/brainmri/Datasest Merged 1/Datasest Merged 1/meningioma/Tr-me_0033.jpg,4
/kaggle/input/datasets/sabersakin/brainmri/Datasest Merged 1/Datasest Merged 1/meningioma/m (140).jpg,/kaggle/input/datasets/sabersakin/brainmri/Datasest Merged 1/Datasest Merged 1/meningioma/m (139).jpg,4
/kaggle/input/datasets/sabersakin/brainmri/Datasest Merged 1/Datasest Merged 1/notumor/image(46).jpg,/kaggle/input/datasets/sabersakin/brainmri/Datasest Merged 1/Datasest Merged 1/notumor/image(54).jpg,0
/kaggle/input/datasets/sabersakin/brainmri/Datasest Merged 1/Datasest Merged 1/notumor/image(46).jpg,/kaggle/input/datasets/sabersakin/brainmri/Datasest Merged 1/Datasest Merged 1/notumor/Te-no_0045.jpg,0
/kaggle/input/datasets/sabersakin/brainmri/Datasest Merged 1/Datasest Merged 1/notumor/image(46).jpg,/kaggle/input/datasets/sabersakin/brainmri/Datasest Merged 1/Datasest Merged 1/notumor/Te-no_0050.jpg,0
/kaggle/input/datasets/sabersakin/brainmri/Datasest Merged 1/Datasest Merged 1/notumor/image(46).jpg,/kaggle/input/datasets/sabersakin/brainmri/Datasest Merged 1/Datasest Merged 1/notumor/image(351).jpg,0
/kaggle/input/datasets/sabersakin/brainmri/Datasest Merged 1/Datasest Merged 1/notumor/image(46).jpg,/kaggle/input/datasets/sabersakin/brainmri/Datasest Merged 1/Datasest Merged 1/notumor/Te-no_0054.jpg,0
/kaggle/input/datasets/sabersakin/brainmri/Datasest Merged 1/Datasest Merged 1/notumor/image(46).jpg,/kaggle/input/datasets/sabersakin/brainmri/Datasest Merged 1/Datasest Merged 1/notumor/Tr-no_0191.jpg,0
/kaggle/input/datasets/sabersakin/brainmri/Datasest Merged 1/Datasest Merged 1/notumor/image(46).jpg,/kaggle/input/datasets/sabersakin/brainmri/Datasest Merged 1/Datasest Merged 1/notumor/image(50).jpg,0
/kaggle/input/datasets/sabersakin/brainmri/Datasest Merged 1/Datasest Merged 1/notumor/image(46).jpg,/kaggle/input/datasets/sabersakin/brainmri/Datasest Merged 1/Datasest Merged 1/notumor/image(347).jpg,0
/kaggle/input/datasets/sabersakin/brainmri/Datasest Merged 1/Datasest Merged 1/notumor/image(46).jpg,/kaggle/input/datasets/sabersakin/brainmri/Datasest Merged 1/Datasest Merged 1/notumor/Tr-no_0235.jpg,0
/kaggle/input/datasets/sabersakin/brainmri/Datasest Merged 1/Datasest Merged 1/notumor/image(138).jpg,/kaggle/input/datasets/sabersakin/brainmri/Datasest Merged 1/Datasest Merged 1/notumor/Tr-no_1114.jpg,0
/kaggle/input/datasets/sabersakin/brainmri/Datasest Merged 1/Datasest Merged 1/notumor/image(138).jpg,/kaggle/input/datasets/sabersakin/brainmri/Datasest Merged 1/Datasest Merged 1/notumor/Tr-no_0111.jpg,0
/kaggle/input/datasets/sabersakin/brainmri/Datasest Merged 1/Datasest Merged 1/notumor/image(138).jpg,/kaggle/input/datasets/sabersakin/brainmri/Datasest Merged 1/Datasest Merged 1/notumor/image(181).jpg,0
/kaggle/input/datasets/sabersakin/brainmri/Datasest Merged 1/Datasest Merged 1/notumor/image(11).jpg,/kaggle/input/datasets/sabersakin/brainmri/Datasest Merged 1/Datasest Merged 1/notumor/Te-noTr_0007.jpg,0
/kaggle/input/datasets/sabersakin/brainmri/Datasest Merged 1/Datasest Merged 1/notumor/image(11).jpg,/kaggle/input/datasets/sabersakin/brainmri/Datasest Merged 1/Datasest Merged 1/notumor/Tr-no_0352.jpg,0
/kaggle/input/datasets/sabersakin/brainmri/Datasest Merged 1/Datasest Merged 1/notumor/image(11).jpg,/kaggle/input/datasets/sabersakin/brainmri/Datasest Merged 1/Datasest Merged 1/notumor/image (52).jpg,0
/kaggle/input/datasets/sabersakin/brainmri/Datasest Merged 1/Datasest Merged 1/notumor/image(11).jpg,/kaggle/input/datasets/sabersakin/brainmri/Datasest Merged 1/Datasest Merged 1/notumor/image(386).jpg,0
/kaggle/input/datasets/sabersakin/brainmri/Datasest Merged 1/Datasest Merged 1/notumor/image(11).jpg,/kaggle/input/datasets/sabersakin/brainmri/Datasest Merged 1/Datasest Merged 1/glioma/Tr-gl_0242.jpg,4
/kaggle/input/datasets/sabersakin/brainmri/Datasest Merged 1/Datasest Merged 1/notumor/image(11).jpg,/kaggle/input/datasets/sabersakin/brainmri/Datasest Merged 1/Datasest Merged 1/notumor/image(85).jpg,0
/kaggle/input/datasets/sabersakin/brainmri/Datasest Merged 1/Datasest Merged 1/notumor/image(11).jpg,/kaggle/input/datasets/sabersakin/brainmri/Datasest Merged 1/Datasest Merged 1/notumor/Te-no_0088.jpg,0
/kaggle/input/datasets/sabersakin/brainmri/Datasest Merged 1/Datasest Merged 1/notumor/Te-no_0365.jpg,/kaggle/input/datasets/sabersakin/brainmri/Datasest Merged 1/Datasest Merged 1/notumor/Te-no_0313.jpg,0
/kaggle/input/datasets/sabersakin/brainmri/Datasest Merged 1/Datasest Merged 1/notumor/Te-no_0365.jpg,/kaggle/input/datasets/sabersakin/brainmri/Datasest Merged 1/Datasest Merged 1/notumor/Tr-no_0485.jpg,2
/kaggle/input/datasets/sabersakin/brainmri/Datasest Merged 1/Datasest Merged 1/notumor/Te-no_0365.jpg,/kaggle/input/datasets/sabersakin/brainmri/Datasest Merged 1/Datasest Merged 1/notumor/Tr-no_1557.jpg,4
/kaggle/input/datasets/sabersakin/brainmri/Datasest Merged 1/Datasest Merged 1/notumor/Te-no_0365.jpg,/kaggle/input/datasets/sabersakin/brainmri/Datasest Merged 1/Datasest Merged 1/notumor/Tr-no_0519.jpg,2
/kaggle/input/datasets/sabersakin/brainmri/Datasest Merged 1/Datasest Merged 1/notumor/Tr-noTr_0003.jpg,/kaggle/input/datasets/sabersakin/brainmri/Datasest Merged 1/Datasest Merged 1/notumor/4.jpg,0
/kaggle/input/datasets/sabersakin/brainmri/Datasest Merged 1/Datasest Merged 1/notumor/Tr-noTr_0003.jpg,/kaggle/input/datasets/sabersakin/brainmri/Datasest Merged 1/Datasest Merged 1/notumor/Tr-no_0994.jpg,0
/kaggle/input/datasets/sabersakin/brainmri/Datasest Merged 1/Datasest Merged 1/pituitary/p (60).jpg,/kaggle/input/datasets/sabersakin/brainmri/Datasest Merged 1/Datasest Merged 1/pituitary/Tr-pi_0546.jpg,0
/kaggle/input/datasets/sabersakin/brainmri/Datasest Merged 1/Datasest Merged 1/glioma/Te-gl_0193.jpg,/kaggle/input/datasets/sabersakin/brainmri/Datasest Merged 1/Datasest Merged 1/glioma/Tr-gl_1019.jpg,2
/kaggle/input/datasets/sabersakin/brainmri/Datasest Merged 1/Datasest Merged 1/notumor/Te-no_0148.jpg,/kaggle/input/datasets/sabersakin/brainmri/Datasest Merged 1/Datasest Merged 1/notumor/Tr-no_0429.jpg,2
/kaggle/input/datasets/sabersakin/brainmri/Datasest Merged 1/Datasest Merged 1/notumor/Te-no_0148.jpg,/kaggle/input/datasets/sabersakin/brainmri/Datasest Merged 1/Datasest Merged 1/notumor/Te-no_0255.jpg,4
/kaggle/input/datasets/sabersakin/brainmri/Datasest Merged 1/Datasest Merged 1/notumor/Te-no_0148.jpg,/kaggle/input/datasets/sabersakin/brainmri/Datasest Merged 1/Datasest Merged 1/notumor/Tr-no_1507.jpg,0
/kaggle/input/datasets/sabersakin/brainmri/Datasest Merged 1/Datasest Merged 1/notumor/Te-no_0148.jpg,/kaggle/input/datasets/sabersakin/brainmri/Datasest Merged 1/Datasest Merged 1/notumor/Tr-no_1305.jpg,0
/kaggle/input/datasets/sabersakin/brainmri/Datasest Merged 1/Datasest Merged 1/notumor/Te-no_0148.jpg,/kaggle/input/datasets/sabersakin/brainmri/Datasest Merged 1/Datasest Merged 1/notumor/Tr-no_1414.jpg,2
/kaggle/input/datasets/sabersakin/brainmri/Datasest Merged 1/Datasest Merged 1/notumor/Te-no_0148.jpg,/kaggle/input/datasets/sabersakin/brainmri/Datasest Merged 1/Datasest Merged 1/notumor/Tr-no_1572.jpg,0
/kaggle/input/datasets/sabersakin/brainmri/Datasest Merged 1/Datasest Merged 1/notumor/image(379).jpg,/kaggle/input/datasets/sabersakin/brainmri/Datasest Merged 1/Datasest Merged 1/notumor/Tr-no_0659.jpg,2
/kaggle/input/datasets/sabersakin/brainmri/Datasest Merged 1/Datasest Merged 1/notumor/image(379).jpg,/kaggle/input/datasets/sabersakin/brainmri/Datasest Merged 1/Datasest Merged 1/notumor/Te-no_0227.jpg,2
/kaggle/input/datasets/sabersakin/brainmri/Datasest Merged 1/Datasest Merged 1/notumor/image(379).jpg,/kaggle/input/datasets/sabersakin/brainmri/Datasest Merged 1/Datasest Merged 1/notumor/Tr-no_0344.jpg,0
/kaggle/input/datasets/sabersakin/brainmri/Datasest Merged 1/Datasest Merged 1/notumor/image(379).jpg,/kaggle/input/datasets/sabersakin/brainmri/Datasest Merged 1/Datasest Merged 1/notumor/image(171).jpg,0
/kaggle/input/datasets/sabersakin/brainmri/Datasest Merged 1/Datasest Merged 1/notumor/image(379).jpg,/kaggle/input/datasets/sabersakin/brainmri/Datasest Merged 1/Datasest Merged 1/notumor/Te-no_0165.jpg,2
/kaggle/input/datasets/sabersakin/brainmri/Datasest Merged 1/Datasest Merged 1/notumor/image(379).jpg,/kaggle/input/datasets/sabersakin/brainmri/Datasest Merged 1/Datasest Merged 1/notumor/Tr-no_0148.jpg,0
/kaggle/input/datasets/sabersakin/brainmri/Datasest Merged 1/Datasest Merged 1/notumor/image(379).jpg,/kaggle/input/datasets/sabersakin/brainmri/Datasest Merged 1/Datasest Merged 1/notumor/Tr-no_0690.jpg,2
/kaggle/input/datasets/sabersakin/brainmri/Datasest Merged 1/Datasest Merged 1/notumor/image(379).jpg,/kaggle/input/datasets/sabersakin/brainmri/Datasest Merged 1/Datasest Merged 1/notumor/image(238).jpg,0
/kaggle/input/datasets/sabersakin/brainmri/Datasest Merged 1/Datasest Merged 1/notumor/image(379).jpg,/kaggle/input/datasets/sabersakin/brainmri/Datasest Merged 1/Datasest Merged 1/notumor/Tr-no_1104.jpg,0
/kaggle/input/datasets/sabersakin/brainmri/Datasest Merged 1/Datasest Merged 1/notumor/image(379).jpg,/kaggle/input/datasets/sabersakin/brainmri/Datasest Merged 1/Datasest Merged 1/notumor/Tr-no_0965.jpg,0
/kaggle/input/datasets/sabersakin/brainmri/Datasest Merged 1/Datasest Merged 1/notumor/image(379).jpg,/kaggle/input/datasets/sabersakin/brainmri/Datasest Merged 1/Datasest Merged 1/notumor/Tr-no_1082.jpg,2
/kaggle/input/datasets/sabersakin/brainmri/Datasest Merged 1/Datasest Merged 1/notumor/image(379).jpg,/kaggle/input/datasets/sabersakin/brainmri/Datasest Merged 1/Datasest Merged 1/notumor/Te-no_0215.jpg,0
/kaggle/input/datasets/sabersakin/brainmri/Datasest Merged 1/Datasest Merged 1/notumor/image(379).jpg,/kaggle/input/datasets/sabersakin/brainmri/Datasest Merged 1/Datasest Merged 1/notumor/Tr-no_0505.jpg,2
/kaggle/input/datasets/sabersakin/brainmri/Datasest Merged 1/Datasest Merged 1/notumor/image(379).jpg,/kaggle/input/datasets/sabersakin/brainmri/Datasest Merged 1/Datasest Merged 1/notumor/Tr-no_1048.jpg,0
/kaggle/input/datasets/sabersakin/brainmri/Datasest Merged 1/Datasest Merged 1/notumor/image(379).jpg,/kaggle/input/datasets/sabersakin/brainmri/Datasest Merged 1/Datasest Merged 1/notumor/image(292).jpg,0
/kaggle/input/datasets/sabersakin/brainmri/Datasest Merged 1/Datasest Merged 1/notumor/image(379).jpg,/kaggle/input/datasets/sabersakin/brainmri/Datasest Merged 1/Datasest Merged 1/notumor/image(201).jpg,0
/kaggle/input/datasets/sabersakin/brainmri/Datasest Merged 1/Datasest Merged 1/notumor/image(379).jpg,/kaggle/input/datasets/sabersakin/brainmri/Datasest Merged 1/Datasest Merged 1/notumor/Te-no_0364.jpg,2
/kaggle/input/datasets/sabersakin/brainmri/Datasest Merged 1/Datasest Merged 1/notumor/image(379).jpg,/kaggle/input/datasets/sabersakin/brainmri/Datasest Merged 1/Datasest Merged 1/notumor/image (40).jpg,2
/kaggle/input/datasets/sabersakin/brainmri/Datasest Merged 1/Datasest Merged 1/notumor/image(379).jpg,/kaggle/input/datasets/sabersakin/brainmri/Datasest Merged 1/Datasest Merged 1/notumor/Tr-no_1013.jpg,0
/kaggle/input/datasets/sabersakin/brainmri/Datasest Merged 1/Datasest Merged 1/notumor/image(379).jpg,/kaggle/input/datasets/sabersakin/brainmri/Datasest Merged 1/Datasest Merged 1/notumor/image(78).jpg,0
/kaggle/input/datasets/sabersakin/brainmri/Datasest Merged 1/Datasest Merged 1/notumor/image(379).jpg,/kaggle/input/datasets/sabersakin/brainmri/Datasest Merged 1/Datasest Merged 1/notumor/Tr-no_0761.jpg,0
/kaggle/input/datasets/sabersakin/brainmri/Datasest Merged 1/Datasest Merged 1/notumor/image(379).jpg,/kaggle/input/datasets/sabersakin/brainmri/Datasest Merged 1/Datasest Merged 1/notumor/Tr-no_0145.jpg,0
/kaggle/input/datasets/sabersakin/brainmri/Datasest Merged 1/Datasest Merged 1/notumor/image(379).jpg,/kaggle/input/datasets/sabersakin/brainmri/Datasest Merged 1/Datasest Merged 1/notumor/Te-no_0080.jpg,0
/kaggle/input/datasets/sabersakin/brainmri/Datasest Merged 1/Datasest Merged 1/notumor/image(379).jpg,/kaggle/input/datasets/sabersakin/brainmri/Datasest Merged 1/Datasest Merged 1/notumor/Tr-no_1201.jpg,2
/kaggle/input/datasets/sabersakin/brainmri/Datasest Merged 1/Datasest Merged 1/notumor/image(379).jpg,/kaggle/input/datasets/sabersakin/brainmri/Datasest Merged 1/Datasest Merged 1/notumor/Tr-no_1102.jpg,0
/kaggle/input/datasets/sabersakin/brainmri/Datasest Merged 1/Datasest Merged 1/notumor/image(379).jpg,/kaggle/input/datasets/sabersakin/brainmri/Datasest Merged 1/Datasest Merged 1/notumor/image(169).jpg,0
/kaggle/input/datasets/sabersakin/brainmri/Datasest Merged 1/Datasest Merged 1/notumor/image(379).jpg,/kaggle/input/datasets/sabersakin/brainmri/Datasest Merged 1/Datasest Merged 1/notumor/Tr-no_1264.jpg,2
/kaggle/input/datasets/sabersakin/brainmri/Datasest Merged 1/Datasest Merged 1/notumor/image(379).jpg,/kaggle/input/datasets/sabersakin/brainmri/Datasest Merged 1/Datasest Merged 1/notumor/Tr-no_0809.jpg,2
/kaggle/input/datasets/sabersakin/brainmri/Datasest Merged 1/Datasest Merged 1/meningioma/Tr-me_0502.jpg,/kaggle/input/datasets/sabersakin/brainmri/Datasest Merged 1/Datasest Merged 1/meningioma/Tr-me_0597.jpg,2
/kaggle/input/datasets/sabersakin/brainmri/Datasest Merged 1/Datasest Merged 1/meningioma/Tr-me_0502.jpg,/kaggle/input/datasets/sabersakin/brainmri/Datasest Merged 1/Datasest Merged 1/meningioma/m2 (60).jpg,0
/kaggle/input/datasets/sabersakin/brainmri/Datasest Merged 1/Datasest Merged 1/meningioma/Tr-me_0502.jpg,/kaggle/input/datasets/sabersakin/brainmri/Datasest Merged 1/Datasest Merged 1/meningioma/m3 (147).jpg,2
/kaggle/input/datasets/sabersakin/brainmri/Datasest Merged 1/Datasest Merged 1/glioma/gg (742).jpg,/kaggle/input/datasets/sabersakin/brainmri/Datasest Merged 1/Datasest Merged 1/glioma/gg (741).jpg,4
/kaggle/input/datasets/sabersakin/brainmri/Datasest Merged 1/Datasest Merged 1/glioma/gg (742).jpg,/kaggle/input/datasets/sabersakin/brainmri/Datasest Merged 1/Datasest Merged 1/glioma/Te-gl_0052.jpg,4
/kaggle/input/datasets/sabersakin/brainmri/Datasest Merged 1/Datasest Merged 1/notumor/Te-no_0268.jpg,/kaggle/input/datasets/sabersakin/brainmri/Datasest Merged 1/Datasest Merged 1/notumor/Te-no_0247.jpg,2
/kaggle/input/datasets/sabersakin/brainmri/Datasest Merged 1/Datasest Merged 1/notumor/image(302).jpg,/kaggle/input/datasets/sabersakin/brainmri/Datasest Merged 1/Datasest Merged 1/notumor/Tr-no_1024.jpg,2
/kaggle/input/datasets/sabersakin/brainmri/Datasest Merged 1/Datasest Merged 1/notumor/image(302).jpg,/kaggle/input/datasets/sabersakin/brainmri/Datasest Merged 1/Datasest Merged 1/notumor/Tr-no_0144.jpg,0
/kaggle/input/datasets/sabersakin/brainmri/Datasest Merged 1/Datasest Merged 1/notumor/image(302).jpg,/kaggle/input/datasets/sabersakin/brainmri/Datasest Merged 1/Datasest Merged 1/notumor/Te-no_0221.jpg,0
/kaggle/input/datasets/sabersakin/brainmri/Datasest Merged 1/Datasest Merged 1/notumor/image(302).jpg,/kaggle/input/datasets/sabersakin/brainmri/Datasest Merged 1/Datasest Merged 1/notumor/Tr-no_1043.jpg,0
/kaggle/input/datasets/sabersakin/brainmri/Datasest Merged 1/Datasest Merged 1/notumor/image(302).jpg,/kaggle/input/datasets/sabersakin/brainmri/Datasest Merged 1/Datasest Merged 1/notumor/Tr-no_0497.jpg,4
/kaggle/input/datasets/sabersakin/brainmri/Datasest Merged 1/Datasest Merged 1/notumor/image(302).jpg,/kaggle/input/datasets/sabersakin/brainmri/Datasest Merged 1/Datasest Merged 1/notumor/Tr-no_1255.jpg,4
/kaggle/input/datasets/sabersakin/brainmri/Datasest Merged 1/Datasest Merged 1/notumor/image(302).jpg,/kaggle/input/datasets/sabersakin/brainmri/Datasest Merged 1/Datasest Merged 1/notumor/Tr-no_0294.jpg,0
/kaggle/input/datasets/sabersakin/brainmri/Datasest Merged 1/Datasest Merged 1/notumor/image(302).jpg,/kaggle/input/datasets/sabersakin/brainmri/Datasest Merged 1/Datasest Merged 1/notumor/Tr-no_1220.jpg,2
/kaggle/input/datasets/sabersakin/brainmri/Datasest Merged 1/Datasest Merged 1/glioma/gg (573).jpg,/kaggle/input/datasets/sabersakin/brainmri/Datasest Merged 1/Datasest Merged 1/glioma/Te-gl_0010.jpg,0
/kaggle/input/datasets/sabersakin/brainmri/Datasest Merged 1/Datasest Merged 1/notumor/Tr-no_0646.jpg,/kaggle/input/datasets/sabersakin/brainmri/Datasest Merged 1/Datasest Merged 1/notumor/Tr-no_0615.jpg,2
/kaggle/input/datasets/sabersakin/brainmri/Datasest Merged 1/Datasest Merged 1/notumor/Tr-no_0646.jpg,/kaggle/input/datasets/sabersakin/brainmri/Datasest Merged 1/Datasest Merged 1/notumor/Tr-no_1526.jpg,0
/kaggle/input/datasets/sabersakin/brainmri/Datasest Merged 1/Datasest Merged 1/pituitary/Tr-pi_0209.jpg,/kaggle/input/datasets/sabersakin/brainmri/Datasest Merged 1/Datasest Merged 1/pituitary/Tr-pi_0210.jpg,2
/kaggle/input/datasets/sabersakin/brainmri/Datasest Merged 1/Datasest Merged 1/pituitary/Tr-pi_0209.jpg,/kaggle/input/datasets/sabersakin/brainmri/Datasest Merged 1/Datasest Merged 1/pituitary/p (289).jpg,2
/kaggle/input/datasets/sabersakin/brainmri/Datasest Merged 1/Datasest Merged 1/pituitary/Tr-pi_0209.jpg,/kaggle/input/datasets/sabersakin/brainmri/Datasest Merged 1/Datasest Merged 1/pituitary/p (286).jpg,2
/kaggle/input/datasets/sabersakin/brainmri/Datasest Merged 1/Datasest Merged 1/pituitary/Tr-pi_0209.jpg,/kaggle/input/datasets/sabersakin/brainmri/Datasest Merged 1/Datasest Merged 1/pituitary/Tr-pi_0207.jpg,2
/kaggle/input/datasets/sabersakin/brainmri/Datasest Merged 1/Datasest Merged 1/pituitary/Tr-pi_0209.jpg,/kaggle/input/datasets/sabersakin/brainmri/Datasest Merged 1/Datasest Merged 1/pituitary/p (591).jpg,4
/kaggle/input/datasets/sabersakin/brainmri/Datasest Merged 1/Datasest Merged 1/pituitary/Tr-pi_0209.jpg,/kaggle/input/datasets/sabersakin/brainmri/Datasest Merged 1/Datasest Merged 1/pituitary/Tr-pi_0538.jpg,4
/kaggle/input/datasets/sabersakin/brainmri/Datasest Merged 1/Datasest Merged 1/notumor/Te-no_0396.jpg,/kaggle/input/datasets/sabersakin/brainmri/Datasest Merged 1/Datasest Merged 1/notumor/Tr-no_1353.jpg,2
/kaggle/input/datasets/sabersakin/brainmri/Datasest Merged 1/Datasest Merged 1/notumor/Te-no_0396.jpg,/kaggle/input/datasets/sabersakin/brainmri/Datasest Merged 1/Datasest Merged 1/notumor/Tr-no_0874.jpg,2
/kaggle/input/datasets/sabersakin/brainmri/Datasest Merged 1/Datasest Merged 1/notumor/Te-no_0139.jpg,/kaggle/input/datasets/sabersakin/brainmri/Datasest Merged 1/Datasest Merged 1/notumor/Tr-no_0476.jpg,2
/kaggle/input/datasets/sabersakin/brainmri/Datasest Merged 1/Datasest Merged 1/notumor/Te-no_0139.jpg,/kaggle/input/datasets/sabersakin/brainmri/Datasest Merged 1/Datasest Merged 1/notumor/Tr-no_0534.jpg,0
/kaggle/input/datasets/sabersakin/brainmri/Datasest Merged 1/Datasest Merged 1/notumor/Tr-no_0287.jpg,/kaggle/input/datasets/sabersakin/brainmri/Datasest Merged 1/Datasest Merged 1/notumor/image(297).jpg,0
/kaggle/input/datasets/sabersakin/brainmri/Datasest Merged 1/Datasest Merged 1/meningioma/Tr-me_0714.jpg,/kaggle/input/datasets/sabersakin/brainmri/Datasest Merged 1/Datasest Merged 1/meningioma/m3 (3).jpg,0
/kaggle/input/datasets/sabersakin/brainmri/Datasest Merged 1/Datasest Merged 1/pituitary/p (467).jpg,/kaggle/input/datasets/sabersakin/brainmri/Datasest Merged 1/Datasest Merged 1/pituitary/Tr-pi_0408.jpg,0
/kaggle/input/datasets/sabersakin/brainmri/Datasest Merged 1/Datasest Merged 1/pituitary/p (467).jpg,/kaggle/input/datasets/sabersakin/brainmri/Datasest Merged 1/Datasest Merged 1/pituitary/Tr-pi_0407.jpg,4
/kaggle/input/datasets/sabersakin/brainmri/Datasest Merged 1/Datasest Merged 1/pituitary/p (467).jpg,/kaggle/input/datasets/sabersakin/brainmri/Datasest Merged 1/Datasest Merged 1/pituitary/p (466).jpg,4
/kaggle/input/datasets/sabersakin/brainmri/Datasest Merged 1/Datasest Merged 1/pituitary/image(60).jpg,/kaggle/input/datasets/sabersakin/brainmri/Datasest Merged 1/Datasest Merged 1/pituitary/image(69).jpg,2
/kaggle/input/datasets/sabersakin/brainmri/Datasest Merged 1/Datasest Merged 1/pituitary/image(60).jpg,/kaggle/input/datasets/sabersakin/brainmri/Datasest Merged 1/Datasest Merged 1/pituitary/image(43).jpg,0
/kaggle/input/datasets/sabersakin/brainmri/Datasest Merged 1/Datasest Merged 1/pituitary/image(60).jpg,/kaggle/input/datasets/sabersakin/brainmri/Datasest Merged 1/Datasest Merged 1/pituitary/image(42).jpg,0
/kaggle/input/datasets/sabersakin/brainmri/Datasest Merged 1/Datasest Merged 1/pituitary/image(60).jpg,/kaggle/input/datasets/sabersakin/brainmri/Datasest Merged 1/Datasest Merged 1/pituitary/image(70).jpg,2
/kaggle/input/datasets/sabersakin/brainmri/Datasest Merged 1/Datasest Merged 1/pituitary/image(60).jpg,/kaggle/input/datasets/sabersakin/brainmri/Datasest Merged 1/Datasest Merged 1/pituitary/image(41).jpg,0
/kaggle/input/datasets/sabersakin/brainmri/Datasest Merged 1/Datasest Merged 1/pituitary/image(60).jpg,/kaggle/input/datasets/sabersakin/brainmri/Datasest Merged 1/Datasest Merged 1/pituitary/image(61).jpg,0
/kaggle/input/datasets/sabersakin/brainmri/Datasest Merged 1/Datasest Merged 1/glioma/721.jpg,/kaggle/input/datasets/sabersakin/brainmri/Datasest Merged 1/Datasest Merged 1/glioma/720.jpg,4
/kaggle/input/datasets/sabersakin/brainmri/Datasest Merged 1/Datasest Merged 1/meningioma/Tr-me_0247.jpg,/kaggle/input/datasets/sabersakin/brainmri/Datasest Merged 1/Datasest Merged 1/meningioma/Te-me_0069.jpg,0
/kaggle/input/datasets/sabersakin/brainmri/Datasest Merged 1/Datasest Merged 1/meningioma/Tr-me_0247.jpg,/kaggle/input/datasets/sabersakin/brainmri/Datasest Merged 1/Datasest Merged 1/meningioma/image(59).jpg,0
/kaggle/input/datasets/sabersakin/brainmri/Datasest Merged 1/Datasest Merged 1/meningioma/Tr-me_0247.jpg,/kaggle/input/datasets/sabersakin/brainmri/Datasest Merged 1/Datasest Merged 1/meningioma/m1(169).jpg,0
/kaggle/input/datasets/sabersakin/brainmri/Datasest Merged 1/Datasest Merged 1/pituitary/Tr-pi_1446.jpg,/kaggle/input/datasets/sabersakin/brainmri/Datasest Merged 1/Datasest Merged 1/pituitary/Te-pi_0298.jpg,4
/kaggle/input/datasets/sabersakin/brainmri/Datasest Merged 1/Datasest Merged 1/glioma/Tr-gl_0117.jpg,/kaggle/input/datasets/sabersakin/brainmri/Datasest Merged 1/Datasest Merged 1/glioma/gg (810).jpg,0
/kaggle/input/datasets/sabersakin/brainmri/Datasest Merged 1/Datasest Merged 1/pituitary/p (121).jpg,/kaggle/input/datasets/sabersakin/brainmri/Datasest Merged 1/Datasest Merged 1/pituitary/Tr-pi_0025.jpg,0
/kaggle/input/datasets/sabersakin/brainmri/Datasest Merged 1/Datasest Merged 1/pituitary/p (121).jpg,/kaggle/input/datasets/sabersakin/brainmri/Datasest Merged 1/Datasest Merged 1/pituitary/Tr-pi_0024.jpg,4
/kaggle/input/datasets/sabersakin/brainmri/Datasest Merged 1/Datasest Merged 1/notumor/image(371).jpg,/kaggle/input/datasets/sabersakin/brainmri/Datasest Merged 1/Datasest Merged 1/notumor/image (2).jpg,0
/kaggle/input/datasets/sabersakin/brainmri/Datasest Merged 1/Datasest Merged 1/notumor/image(371).jpg,/kaggle/input/datasets/sabersakin/brainmri/Datasest Merged 1/Datasest Merged 1/notumor/image(24).jpg,0
/kaggle/input/datasets/sabersakin/brainmri/Datasest Merged 1/Datasest Merged 1/notumor/image(371).jpg,/kaggle/input/datasets/sabersakin/brainmri/Datasest Merged 1/Datasest Merged 1/notumor/image(70).jpg,0
/kaggle/input/datasets/sabersakin/brainmri/Datasest Merged 1/Datasest Merged 1/notumor/image(371).jpg,/kaggle/input/datasets/sabersakin/brainmri/Datasest Merged 1/Datasest Merged 1/notumor/Tr-no_0978.jpg,0
/kaggle/input/datasets/sabersakin/brainmri/Datasest Merged 1/Datasest Merged 1/notumor/image(371).jpg,/kaggle/input/datasets/sabersakin/brainmri/Datasest Merged 1/Datasest Merged 1/notumor/Tr-no_0335.jpg,0
/kaggle/input/datasets/sabersakin/brainmri/Datasest Merged 1/Datasest Merged 1/notumor/image(371).jpg,/kaggle/input/datasets/sabersakin/brainmri/Datasest Merged 1/Datasest Merged 1/notumor/Te-no_0072.jpg,0
/kaggle/input/datasets/sabersakin/brainmri/Datasest Merged 1/Datasest Merged 1/notumor/Tr-no_0446.jpg,/kaggle/input/datasets/sabersakin/brainmri/Datasest Merged 1/Datasest Merged 1/notumor/Te-no_0155.jpg,4
/kaggle/input/datasets/sabersakin/brainmri/Datasest Merged 1/Datasest Merged 1/notumor/Tr-no_0446.jpg,/kaggle/input/datasets/sabersakin/brainmri/Datasest Merged 1/Datasest Merged 1/notumor/Tr-no_0957.jpg,0
/kaggle/input/datasets/sabersakin/brainmri/Datasest Merged 1/Datasest Merged 1/pituitary/Tr-pi_0388.jpg,/kaggle/input/datasets/sabersakin/brainmri/Datasest Merged 1/Datasest Merged 1/pituitary/Tr-pi_0387.jpg,4
/kaggle/input/datasets/sabersakin/brainmri/Datasest Merged 1/Datasest Merged 1/pituitary/Tr-pi_0302.jpg,/kaggle/input/datasets/sabersakin/brainmri/Datasest Merged 1/Datasest Merged 1/pituitary/p (371).jpg,0
/kaggle/input/datasets/sabersakin/brainmri/Datasest Merged 1/Datasest Merged 1/notumor/Tr-no_0715.jpg,/kaggle/input/datasets/sabersakin/brainmri/Datasest Merged 1/Datasest Merged 1/notumor/Te-no_0186.jpg,2
/kaggle/input/datasets/sabersakin/brainmri/Datasest Merged 1/Datasest Merged 1/glioma/Tr-gl_0476.jpg,/kaggle/input/datasets/sabersakin/brainmri/Datasest Merged 1/Datasest Merged 1/glioma/Tr-gl_0477.jpg,4
/kaggle/input/datasets/sabersakin/brainmri/Datasest Merged 1/Datasest Merged 1/glioma/Tr-gl_0476.jpg,/kaggle/input/datasets/sabersakin/brainmri/Datasest Merged 1/Datasest Merged 1/glioma/Tr-gl_0475.jpg,4
/kaggle/input/datasets/sabersakin/brainmri/Datasest Merged 1/Datasest Merged 1/notumor/Te-no_0014.jpg,/kaggle/input/datasets/sabersakin/brainmri/Datasest Merged 1/Datasest Merged 1/notumor/image(18).jpg,0
/kaggle/input/datasets/sabersakin/brainmri/Datasest Merged 1/Datasest Merged 1/notumor/Te-no_0014.jpg,/kaggle/input/datasets/sabersakin/brainmri/Datasest Merged 1/Datasest Merged 1/notumor/Tr-no_0059.jpg,0
/kaggle/input/datasets/sabersakin/brainmri/Datasest Merged 1/Datasest Merged 1/notumor/Te-no_0014.jpg,/kaggle/input/datasets/sabersakin/brainmri/Datasest Merged 1/Datasest Merged 1/notumor/Tr-no_1173.jpg,0
/kaggle/input/datasets/sabersakin/brainmri/Datasest Merged 1/Datasest Merged 1/meningioma/Te-me_0204.jpg,/kaggle/input/datasets/sabersakin/brainmri/Datasest Merged 1/Datasest Merged 1/meningioma/Tr-me_0896.jpg,2
/kaggle/input/datasets/sabersakin/brainmri/Datasest Merged 1/Datasest Merged 1/pituitary/p (176).jpg,/kaggle/input/datasets/sabersakin/brainmri/Datasest Merged 1/Datasest Merged 1/pituitary/Tr-pi_0085.jpg,0
/kaggle/input/datasets/sabersakin/brainmri/Datasest Merged 1/Datasest Merged 1/glioma/Te-gl_0107.jpg,/kaggle/input/datasets/sabersakin/brainmri/Datasest Merged 1/Datasest Merged 1/glioma/Tr-gl_0360.jpg,4
/kaggle/input/datasets/sabersakin/brainmri/Datasest Merged 1/Datasest Merged 1/notumor/Tr-no_1137.jpg,/kaggle/input/datasets/sabersakin/brainmri/Datasest Merged 1/Datasest Merged 1/notumor/image(255).jpg,0
/kaggle/input/datasets/sabersakin/brainmri/Datasest Merged 1/Datasest Merged 1/notumor/Tr-no_1137.jpg,/kaggle/input/datasets/sabersakin/brainmri/Datasest Merged 1/Datasest Merged 1/notumor/Tr-no_0241.jpg,0
/kaggle/input/datasets/sabersakin/brainmri/Datasest Merged 1/Datasest Merged 1/glioma/1116.jpg,/kaggle/input/datasets/sabersakin/brainmri/Datasest Merged 1/Datasest Merged 1/glioma/1115.jpg,4
/kaggle/input/datasets/sabersakin/brainmri/Datasest Merged 1/Datasest Merged 1/pituitary/Tr-pi_0707.jpg,/kaggle/input/datasets/sabersakin/brainmri/Datasest Merged 1/Datasest Merged 1/pituitary/p (788).jpg,0
/kaggle/input/datasets/sabersakin/brainmri/Datasest Merged 1/Datasest Merged 1/pituitary/Tr-pi_0707.jpg,/kaggle/input/datasets/sabersakin/brainmri/Datasest Merged 1/Datasest Merged 1/pituitary/Tr-pi_0706.jpg,4
/kaggle/input/datasets/sabersakin/brainmri/Datasest Merged 1/Datasest Merged 1/meningioma/Tr-me_0411.jpg,/kaggle/input/datasets/sabersakin/brainmri/Datasest Merged 1/Datasest Merged 1/meningioma/m2 (138).jpg,0
/kaggle/input/datasets/sabersakin/brainmri/Datasest Merged 1/Datasest Merged 1/meningioma/45.jpg,/kaggle/input/datasets/sabersakin/brainmri/Datasest Merged 1/Datasest Merged 1/meningioma/46.jpg,2
/kaggle/input/datasets/sabersakin/brainmri/Datasest Merged 1/Datasest Merged 1/meningioma/m (189).jpg,/kaggle/input/datasets/sabersakin/brainmri/Datasest Merged 1/Datasest Merged 1/meningioma/Tr-me_0076.jpg,0
/kaggle/input/datasets/sabersakin/brainmri/Datasest Merged 1/Datasest Merged 1/notumor/Tr-no_0400.jpg,/kaggle/input/datasets/sabersakin/brainmri/Datasest Merged 1/Datasest Merged 1/notumor/Tr-no_0633.jpg,2
/kaggle/input/datasets/sabersakin/brainmri/Datasest Merged 1/Datasest Merged 1/notumor/Tr-no_0400.jpg,/kaggle/input/datasets/sabersakin/brainmri/Datasest Merged 1/Datasest Merged 1/notumor/Tr-no_1512.jpg,2
/kaggle/input/datasets/sabersakin/brainmri/Datasest Merged 1/Datasest Merged 1/notumor/Tr-no_0400.jpg,/kaggle/input/datasets/sabersakin/brainmri/Datasest Merged 1/Datasest Merged 1/notumor/Te-no_0373.jpg,2
/kaggle/input/datasets/sabersakin/brainmri/Datasest Merged 1/Datasest Merged 1/notumor/Tr-no_0400.jpg,/kaggle/input/datasets/sabersakin/brainmri/Datasest Merged 1/Datasest Merged 1/notumor/Te-no_0333.jpg,2
/kaggle/input/datasets/sabersakin/brainmri/Datasest Merged 1/Datasest Merged 1/notumor/Tr-no_0400.jpg,/kaggle/input/datasets/sabersakin/brainmri/Datasest Merged 1/Datasest Merged 1/notumor/Tr-no_0897.jpg,2
/kaggle/input/datasets/sabersakin/brainmri/Datasest Merged 1/Datasest Merged 1/notumor/Tr-no_0400.jpg,/kaggle/input/datasets/sabersakin/brainmri/Datasest Merged 1/Datasest Merged 1/notumor/Tr-no_0401.jpg,2
/kaggle/input/datasets/sabersakin/brainmri/Datasest Merged 1/Datasest Merged 1/notumor/Tr-no_0400.jpg,/kaggle/input/datasets/sabersakin/brainmri/Datasest Merged 1/Datasest Merged 1/notumor/Tr-no_0896.jpg,4
/kaggle/input/datasets/sabersakin/brainmri/Datasest Merged 1/Datasest Merged 1/notumor/Tr-no_0400.jpg,/kaggle/input/datasets/sabersakin/brainmri/Datasest Merged 1/Datasest Merged 1/notumor/Te-no_0259.jpg,2
/kaggle/input/datasets/sabersakin/brainmri/Datasest Merged 1/Datasest Merged 1/notumor/Tr-no_0400.jpg,/kaggle/input/datasets/sabersakin/brainmri/Datasest Merged 1/Datasest Merged 1/notumor/Tr-no_0453.jpg,2
/kaggle/input/datasets/sabersakin/brainmri/Datasest Merged 1/Datasest Merged 1/notumor/Tr-no_0400.jpg,/kaggle/input/datasets/sabersakin/brainmri/Datasest Merged 1/Datasest Merged 1/notumor/Te-no_0142.jpg,2
/kaggle/input/datasets/sabersakin/brainmri/Datasest Merged 1/Datasest Merged 1/notumor/Tr-no_0400.jpg,/kaggle/input/datasets/sabersakin/brainmri/Datasest Merged 1/Datasest Merged 1/notumor/Tr-no_1279.jpg,2
/kaggle/input/datasets/sabersakin/brainmri/Datasest Merged 1/Datasest Merged 1/meningioma/Tr-me_0029.jpg,/kaggle/input/datasets/sabersakin/brainmri/Datasest Merged 1/Datasest Merged 1/meningioma/m (133).jpg,0
/kaggle/input/datasets/sabersakin/brainmri/Datasest Merged 1/Datasest Merged 1/glioma/gg (569).jpg,/kaggle/input/datasets/sabersakin/brainmri/Datasest Merged 1/Datasest Merged 1/glioma/gg (570).jpg,2
/kaggle/input/datasets/sabersakin/brainmri/Datasest Merged 1/Datasest Merged 1/glioma/gg (569).jpg,/kaggle/input/datasets/sabersakin/brainmri/Datasest Merged 1/Datasest Merged 1/glioma/gg (568).jpg,4
/kaggle/input/datasets/sabersakin/brainmri/Datasest Merged 1/Datasest Merged 1/glioma/gg (569).jpg,/kaggle/input/datasets/sabersakin/brainmri/Datasest Merged 1/Datasest Merged 1/glioma/gg (572).jpg,4
/kaggle/input/datasets/sabersakin/brainmri/Datasest Merged 1/Datasest Merged 1/glioma/gg (569).jpg,/kaggle/input/datasets/sabersakin/brainmri/Datasest Merged 1/Datasest Merged 1/glioma/Te-glTr_0009.jpg,0
/kaggle/input/datasets/sabersakin/brainmri/Datasest Merged 1/Datasest Merged 1/glioma/gg (569).jpg,/kaggle/input/datasets/sabersakin/brainmri/Datasest Merged 1/Datasest Merged 1/glioma/Tr-gl_0072.jpg,2
/kaggle/input/datasets/sabersakin/brainmri/Datasest Merged 1/Datasest Merged 1/meningioma/image(74).jpg,/kaggle/input/datasets/sabersakin/brainmri/Datasest Merged 1/Datasest Merged 1/meningioma/Tr-me_0263.jpg,0
/kaggle/input/datasets/sabersakin/brainmri/Datasest Merged 1/Datasest Merged 1/meningioma/image(74).jpg,/kaggle/input/datasets/sabersakin/brainmri/Datasest Merged 1/Datasest Merged 1/meningioma/m1(184).jpg,0
/kaggle/input/datasets/sabersakin/brainmri/Datasest Merged 1/Datasest Merged 1/meningioma/image(74).jpg,/kaggle/input/datasets/sabersakin/brainmri/Datasest Merged 1/Datasest Merged 1/meningioma/Te-me_0086.jpg,0
/kaggle/input/datasets/sabersakin/brainmri/Datasest Merged 1/Datasest Merged 1/glioma/image(72).jpg,/kaggle/input/datasets/sabersakin/brainmri/Datasest Merged 1/Datasest Merged 1/glioma/gg (797).jpg,0
/kaggle/input/datasets/sabersakin/brainmri/Datasest Merged 1/Datasest Merged 1/meningioma/Tr-me_0740.jpg,/kaggle/input/datasets/sabersakin/brainmri/Datasest Merged 1/Datasest Merged 1/meningioma/m3 (53).jpg,0
/kaggle/input/datasets/sabersakin/brainmri/Datasest Merged 1/Datasest Merged 1/meningioma/m3 (4).jpg,/kaggle/input/datasets/sabersakin/brainmri/Datasest Merged 1/Datasest Merged 1/meningioma/Tr-me_0725.jpg,0
/kaggle/input/datasets/sabersakin/brainmri/Datasest Merged 1/Datasest Merged 1/meningioma/454.jpg,/kaggle/input/datasets/sabersakin/brainmri/Datasest Merged 1/Datasest Merged 1/meningioma/471.jpg,2
/kaggle/input/datasets/sabersakin/brainmri/Datasest Merged 1/Datasest Merged 1/glioma/1763.jpg,/kaggle/input/datasets/sabersakin/brainmri/Datasest Merged 1/Datasest Merged 1/glioma/1764.jpg,4
/kaggle/input/datasets/sabersakin/brainmri/Datasest Merged 1/Datasest Merged 1/pituitary/p (232).jpg,/kaggle/input/datasets/sabersakin/brainmri/Datasest Merged 1/Datasest Merged 1/pituitary/Tr-pi_0150.jpg,4
/kaggle/input/datasets/sabersakin/brainmri/Datasest Merged 1/Datasest Merged 1/pituitary/p (232).jpg,/kaggle/input/datasets/sabersakin/brainmri/Datasest Merged 1/Datasest Merged 1/pituitary/p (234).jpg,4
/kaggle/input/datasets/sabersakin/brainmri/Datasest Merged 1/Datasest Merged 1/pituitary/p (232).jpg,/kaggle/input/datasets/sabersakin/brainmri/Datasest Merged 1/Datasest Merged 1/pituitary/p (231).jpg,4
/kaggle/input/datasets/sabersakin/brainmri/Datasest Merged 1/Datasest Merged 1/pituitary/p (232).jpg,/kaggle/input/datasets/sabersakin/brainmri/Datasest Merged 1/Datasest Merged 1/pituitary/Tr-pi_0147.jpg,4
/kaggle/input/datasets/sabersakin/brainmri/Datasest Merged 1/Datasest Merged 1/pituitary/Tr-pi_0954.jpg,/kaggle/input/datasets/sabersakin/brainmri/Datasest Merged 1/Datasest Merged 1/pituitary/Tr-pi_0953.jpg,4
/kaggle/input/datasets/sabersakin/brainmri/Datasest Merged 1/Datasest Merged 1/meningioma/Te-me_0030.jpg,/kaggle/input/datasets/sabersakin/brainmri/Datasest Merged 1/Datasest Merged 1/meningioma/image(23).jpg,0
/kaggle/input/datasets/sabersakin/brainmri/Datasest Merged 1/Datasest Merged 1/meningioma/Te-me_0030.jpg,/kaggle/input/datasets/sabersakin/brainmri/Datasest Merged 1/Datasest Merged 1/meningioma/Tr-me_0210.jpg,0
/kaggle/input/datasets/sabersakin/brainmri/Datasest Merged 1/Datasest Merged 1/meningioma/Te-me_0030.jpg,/kaggle/input/datasets/sabersakin/brainmri/Datasest Merged 1/Datasest Merged 1/meningioma/m1(133).jpg,0
/kaggle/input/datasets/sabersakin/brainmri/Datasest Merged 1/Datasest Merged 1/meningioma/m3 (236).jpg,/kaggle/input/datasets/sabersakin/brainmri/Datasest Merged 1/Datasest Merged 1/meningioma/Tr-me_0696.jpg,0
/kaggle/input/datasets/sabersakin/brainmri/Datasest Merged 1/Datasest Merged 1/glioma/image(73).jpg,/kaggle/input/datasets/sabersakin/brainmri/Datasest Merged 1/Datasest Merged 1/glioma/gg (805).jpg,0
/kaggle/input/datasets/sabersakin/brainmri/Datasest Merged 1/Datasest Merged 1/glioma/image(73).jpg,/kaggle/input/datasets/sabersakin/brainmri/Datasest Merged 1/Datasest Merged 1/glioma/Tr-gl_0116.jpg,4
/kaggle/input/datasets/sabersakin/brainmri/Datasest Merged 1/Datasest Merged 1/glioma/image(73).jpg,/kaggle/input/datasets/sabersakin/brainmri/Datasest Merged 1/Datasest Merged 1/meningioma/m (39).jpg,4
/kaggle/input/datasets/sabersakin/brainmri/Datasest Merged 1/Datasest Merged 1/glioma/image(73).jpg,/kaggle/input/datasets/sabersakin/brainmri/Datasest Merged 1/Datasest Merged 1/meningioma/Tr-me_0108.jpg,4
/kaggle/input/datasets/sabersakin/brainmri/Datasest Merged 1/Datasest Merged 1/glioma/image(73).jpg,/kaggle/input/datasets/sabersakin/brainmri/Datasest Merged 1/Datasest Merged 1/glioma/gg (804).jpg,4
/kaggle/input/datasets/sabersakin/brainmri/Datasest Merged 1/Datasest Merged 1/glioma/image(73).jpg,/kaggle/input/datasets/sabersakin/brainmri/Datasest Merged 1/Datasest Merged 1/glioma/Te-gl_0068.jpg,0
/kaggle/input/datasets/sabersakin/brainmri/Datasest Merged 1/Datasest Merged 1/notumor/Tr-no_0051.jpg,/kaggle/input/datasets/sabersakin/brainmri/Datasest Merged 1/Datasest Merged 1/notumor/image(382).jpg,0
/kaggle/input/datasets/sabersakin/brainmri/Datasest Merged 1/Datasest Merged 1/notumor/Tr-no_0051.jpg,/kaggle/input/datasets/sabersakin/brainmri/Datasest Merged 1/Datasest Merged 1/notumor/Tr-no_0347.jpg,0
/kaggle/input/datasets/sabersakin/brainmri/Datasest Merged 1/Datasest Merged 1/notumor/Tr-no_0051.jpg,/kaggle/input/datasets/sabersakin/brainmri/Datasest Merged 1/Datasest Merged 1/notumor/Te-no_0031.jpg,0
/kaggle/input/datasets/sabersakin/brainmri/Datasest Merged 1/Datasest Merged 1/notumor/Tr-no_0051.jpg,/kaggle/input/datasets/sabersakin/brainmri/Datasest Merged 1/Datasest Merged 1/notumor/Tr-no_0331.jpg,0
/kaggle/input/datasets/sabersakin/brainmri/Datasest Merged 1/Datasest Merged 1/notumor/Tr-no_0051.jpg,/kaggle/input/datasets/sabersakin/brainmri/Datasest Merged 1/Datasest Merged 1/notumor/image(367).jpg,0
/kaggle/input/datasets/sabersakin/brainmri/Datasest Merged 1/Datasest Merged 1/notumor/Tr-no_0051.jpg,/kaggle/input/datasets/sabersakin/brainmri/Datasest Merged 1/Datasest Merged 1/notumor/Tr-no_0373.jpg,0
/kaggle/input/datasets/sabersakin/brainmri/Datasest Merged 1/Datasest Merged 1/notumor/Tr-no_0051.jpg,/kaggle/input/datasets/sabersakin/brainmri/Datasest Merged 1/Datasest Merged 1/notumor/image(334).jpg,0
/kaggle/input/datasets/sabersakin/brainmri/Datasest Merged 1/Datasest Merged 1/notumor/Tr-no_0051.jpg,/kaggle/input/datasets/sabersakin/brainmri/Datasest Merged 1/Datasest Merged 1/notumor/image(10).jpg,0
/kaggle/input/datasets/sabersakin/brainmri/Datasest Merged 1/Datasest Merged 1/notumor/Tr-no_0051.jpg,/kaggle/input/datasets/sabersakin/brainmri/Datasest Merged 1/Datasest Merged 1/notumor/image(81).jpg,0
/kaggle/input/datasets/sabersakin/brainmri/Datasest Merged 1/Datasest Merged 1/notumor/Tr-no_0051.jpg,/kaggle/input/datasets/sabersakin/brainmri/Datasest Merged 1/Datasest Merged 1/notumor/Tr-no_1088.jpg,0
/kaggle/input/datasets/sabersakin/brainmri/Datasest Merged 1/Datasest Merged 1/notumor/Tr-no_0051.jpg,/kaggle/input/datasets/sabersakin/brainmri/Datasest Merged 1/Datasest Merged 1/notumor/image (51).jpg,0
/kaggle/input/datasets/sabersakin/brainmri/Datasest Merged 1/Datasest Merged 1/notumor/Tr-no_0051.jpg,/kaggle/input/datasets/sabersakin/brainmri/Datasest Merged 1/Datasest Merged 1/notumor/Te-no_0084.jpg,0
/kaggle/input/datasets/sabersakin/brainmri/Datasest Merged 1/Datasest Merged 1/pituitary/Tr-pi_1243.jpg,/kaggle/input/datasets/sabersakin/brainmri/Datasest Merged 1/Datasest Merged 1/pituitary/Te-pi_0230.jpg,4
/kaggle/input/datasets/sabersakin/brainmri/Datasest Merged 1/Datasest Merged 1/pituitary/Tr-pi_1243.jpg,/kaggle/input/datasets/sabersakin/brainmri/Datasest Merged 1/Datasest Merged 1/pituitary/Tr-pi_1242.jpg,4
/kaggle/input/datasets/sabersakin/brainmri/Datasest Merged 1/Datasest Merged 1/meningioma/Te-me_0129.jpg,/kaggle/input/datasets/sabersakin/brainmri/Datasest Merged 1/Datasest Merged 1/meningioma/m (159).jpg,4
/kaggle/input/datasets/sabersakin/brainmri/Datasest Merged 1/Datasest Merged 1/meningioma/Te-me_0129.jpg,/kaggle/input/datasets/sabersakin/brainmri/Datasest Merged 1/Datasest Merged 1/meningioma/Tr-me_0050.jpg,4
/kaggle/input/datasets/sabersakin/brainmri/Datasest Merged 1/Datasest Merged 1/meningioma/Te-me_0129.jpg,/kaggle/input/datasets/sabersakin/brainmri/Datasest Merged 1/Datasest Merged 1/meningioma/m (158).jpg,0
/kaggle/input/datasets/sabersakin/brainmri/Datasest Merged 1/Datasest Merged 1/meningioma/Tr-me_0436.jpg,/kaggle/input/datasets/sabersakin/brainmri/Datasest Merged 1/Datasest Merged 1/meningioma/m2 (160).jpg,0
/kaggle/input/datasets/sabersakin/brainmri/Datasest Merged 1/Datasest Merged 1/notumor/image(284).jpg,/kaggle/input/datasets/sabersakin/brainmri/Datasest Merged 1/Datasest Merged 1/notumor/Tr-no_0273.jpg,0
/kaggle/input/datasets/sabersakin/brainmri/Datasest Merged 1/Datasest Merged 1/meningioma/Tr-me_1256.jpg,/kaggle/input/datasets/sabersakin/brainmri/Datasest Merged 1/Datasest Merged 1/meningioma/Tr-me_1255.jpg,2
/kaggle/input/datasets/sabersakin/brainmri/Datasest Merged 1/Datasest Merged 1/meningioma/Tr-me_1256.jpg,/kaggle/input/datasets/sabersakin/brainmri/Datasest Merged 1/Datasest Merged 1/meningioma/Te-me_0293.jpg,2
/kaggle/input/datasets/sabersakin/brainmri/Datasest Merged 1/Datasest Merged 1/pituitary/Tr-pi_0668.jpg,/kaggle/input/datasets/sabersakin/brainmri/Datasest Merged 1/Datasest Merged 1/pituitary/p (742).jpg,0
/kaggle/input/datasets/sabersakin/brainmri/Datasest Merged 1/Datasest Merged 1/pituitary/Tr-pi_0668.jpg,/kaggle/input/datasets/sabersakin/brainmri/Datasest Merged 1/Datasest Merged 1/pituitary/p (741).jpg,0
/kaggle/input/datasets/sabersakin/brainmri/Datasest Merged 1/Datasest Merged 1/meningioma/Tr-me_0339.jpg,/kaggle/input/datasets/sabersakin/brainmri/Datasest Merged 1/Datasest Merged 1/meningioma/m1(73).jpg,0
/kaggle/input/datasets/sabersakin/brainmri/Datasest Merged 1/Datasest Merged 1/meningioma/image(31).jpg,/kaggle/input/datasets/sabersakin/brainmri/Datasest Merged 1/Datasest Merged 1/meningioma/Te-me_0039.jpg,0
/kaggle/input/datasets/sabersakin/brainmri/Datasest Merged 1/Datasest Merged 1/meningioma/image(31).jpg,/kaggle/input/datasets/sabersakin/brainmri/Datasest Merged 1/Datasest Merged 1/meningioma/Tr-me_0218.jpg,0
/kaggle/input/datasets/sabersakin/brainmri/Datasest Merged 1/Datasest Merged 1/pituitary/Tr-pi_0208.jpg,/kaggle/input/datasets/sabersakin/brainmri/Datasest Merged 1/Datasest Merged 1/pituitary/Tr-pi_0210.jpg,4
/kaggle/input/datasets/sabersakin/brainmri/Datasest Merged 1/Datasest Merged 1/pituitary/Tr-pi_0208.jpg,/kaggle/input/datasets/sabersakin/brainmri/Datasest Merged 1/Datasest Merged 1/pituitary/p (289).jpg,4
/kaggle/input/datasets/sabersakin/brainmri/Datasest Merged 1/Datasest Merged 1/pituitary/Tr-pi_0208.jpg,/kaggle/input/datasets/sabersakin/brainmri/Datasest Merged 1/Datasest Merged 1/pituitary/p (286).jpg,2
/kaggle/input/datasets/sabersakin/brainmri/Datasest Merged 1/Datasest Merged 1/pituitary/Tr-pi_0208.jpg,/kaggle/input/datasets/sabersakin/brainmri/Datasest Merged 1/Datasest Merged 1/pituitary/Tr-pi_0207.jpg,2
/kaggle/input/datasets/sabersakin/brainmri/Datasest Merged 1/Datasest Merged 1/pituitary/Tr-pi_0553.jpg,/kaggle/input/datasets/sabersakin/brainmri/Datasest Merged 1/Datasest Merged 1/pituitary/p (608).jpg,0
/kaggle/input/datasets/sabersakin/brainmri/Datasest Merged 1/Datasest Merged 1/meningioma/m2 (128).jpg,/kaggle/input/datasets/sabersakin/brainmri/Datasest Merged 1/Datasest Merged 1/meningioma/Tr-me_0400.jpg,0
/kaggle/input/datasets/sabersakin/brainmri/Datasest Merged 1/Datasest Merged 1/pituitary/p (120).jpg,/kaggle/input/datasets/sabersakin/brainmri/Datasest Merged 1/Datasest Merged 1/pituitary/p (119).jpg,4
/kaggle/input/datasets/sabersakin/brainmri/Datasest Merged 1/Datasest Merged 1/pituitary/p (120).jpg,/kaggle/input/datasets/sabersakin/brainmri/Datasest Merged 1/Datasest Merged 1/pituitary/Tr-pi_0025.jpg,4
/kaggle/input/datasets/sabersakin/brainmri/Datasest Merged 1/Datasest Merged 1/pituitary/p (120).jpg,/kaggle/input/datasets/sabersakin/brainmri/Datasest Merged 1/Datasest Merged 1/pituitary/Tr-pi_0024.jpg,0
/kaggle/input/datasets/sabersakin/brainmri/Datasest Merged 1/Datasest Merged 1/pituitary/p (411).jpg,/kaggle/input/datasets/sabersakin/brainmri/Datasest Merged 1/Datasest Merged 1/pituitary/Tr-pi_0347.jpg,0
/kaggle/input/datasets/sabersakin/brainmri/Datasest Merged 1/Datasest Merged 1/notumor/Te-no_0222.jpg,/kaggle/input/datasets/sabersakin/brainmri/Datasest Merged 1/Datasest Merged 1/notumor/Tr-no_1065.jpg,0
/kaggle/input/datasets/sabersakin/brainmri/Datasest Merged 1/Datasest Merged 1/notumor/Te-no_0222.jpg,/kaggle/input/datasets/sabersakin/brainmri/Datasest Merged 1/Datasest Merged 1/notumor/Tr-no_0798.jpg,2
/kaggle/input/datasets/sabersakin/brainmri/Datasest Merged 1/Datasest Merged 1/notumor/Te-no_0222.jpg,/kaggle/input/datasets/sabersakin/brainmri/Datasest Merged 1/Datasest Merged 1/notumor/Tr-no_1006.jpg,0
/kaggle/input/datasets/sabersakin/brainmri/Datasest Merged 1/Datasest Merged 1/notumor/Te-no_0222.jpg,/kaggle/input/datasets/sabersakin/brainmri/Datasest Merged 1/Datasest Merged 1/notumor/image (22).jpg,2
/kaggle/input/datasets/sabersakin/brainmri/Datasest Merged 1/Datasest Merged 1/notumor/Te-no_0222.jpg,/kaggle/input/datasets/sabersakin/brainmri/Datasest Merged 1/Datasest Merged 1/notumor/Tr-no_1064.jpg,2
/kaggle/input/datasets/sabersakin/brainmri/Datasest Merged 1/Datasest Merged 1/notumor/Te-no_0222.jpg,/kaggle/input/datasets/sabersakin/brainmri/Datasest Merged 1/Datasest Merged 1/notumor/Tr-no_0498.jpg,4
/kaggle/input/datasets/sabersakin/brainmri/Datasest Merged 1/Datasest Merged 1/notumor/Te-no_0222.jpg,/kaggle/input/datasets/sabersakin/brainmri/Datasest Merged 1/Datasest Merged 1/notumor/Tr-no_0020.jpg,2
/kaggle/input/datasets/sabersakin/brainmri/Datasest Merged 1/Datasest Merged 1/notumor/Te-no_0222.jpg,/kaggle/input/datasets/sabersakin/brainmri/Datasest Merged 1/Datasest Merged 1/notumor/Tr-no_0749.jpg,4
/kaggle/input/datasets/sabersakin/brainmri/Datasest Merged 1/Datasest Merged 1/notumor/Te-no_0222.jpg,/kaggle/input/datasets/sabersakin/brainmri/Datasest Merged 1/Datasest Merged 1/notumor/Tr-no_1192.jpg,0
/kaggle/input/datasets/sabersakin/brainmri/Datasest Merged 1/Datasest Merged 1/glioma/gg (533).jpg,/kaggle/input/datasets/sabersakin/brainmri/Datasest Merged 1/Datasest Merged 1/glioma/Te-glTr_0000.jpg,0
/kaggle/input/datasets/sabersakin/brainmri/Datasest Merged 1/Datasest Merged 1/notumor/Tr-no_0914.jpg,/kaggle/input/datasets/sabersakin/brainmri/Datasest Merged 1/Datasest Merged 1/notumor/Tr-no_0187.jpg,0
/kaggle/input/datasets/sabersakin/brainmri/Datasest Merged 1/Datasest Merged 1/notumor/Tr-no_0914.jpg,/kaggle/input/datasets/sabersakin/brainmri/Datasest Merged 1/Datasest Merged 1/notumor/image(204).jpg,0
/kaggle/input/datasets/sabersakin/brainmri/Datasest Merged 1/Datasest Merged 1/notumor/Tr-no_0914.jpg,/kaggle/input/datasets/sabersakin/brainmri/Datasest Merged 1/Datasest Merged 1/notumor/Te-no_0211.jpg,0
/kaggle/input/datasets/sabersakin/brainmri/Datasest Merged 1/Datasest Merged 1/notumor/Tr-no_0914.jpg,/kaggle/input/datasets/sabersakin/brainmri/Datasest Merged 1/Datasest Merged 1/notumor/Tr-no_0185.jpg,0
/kaggle/input/datasets/sabersakin/brainmri/Datasest Merged 1/Datasest Merged 1/notumor/Tr-no_0914.jpg,/kaggle/input/datasets/sabersakin/brainmri/Datasest Merged 1/Datasest Merged 1/notumor/image(206).jpg,0
/kaggle/input/datasets/sabersakin/brainmri/Datasest Merged 1/Datasest Merged 1/notumor/Tr-no_0914.jpg,/kaggle/input/datasets/sabersakin/brainmri/Datasest Merged 1/Datasest Merged 1/notumor/image(136).jpg,0
/kaggle/input/datasets/sabersakin/brainmri/Datasest Merged 1/Datasest Merged 1/notumor/Tr-no_0914.jpg,/kaggle/input/datasets/sabersakin/brainmri/Datasest Merged 1/Datasest Merged 1/notumor/Te-no_0307.jpg,0
/kaggle/input/datasets/sabersakin/brainmri/Datasest Merged 1/Datasest Merged 1/notumor/Tr-no_0914.jpg,/kaggle/input/datasets/sabersakin/brainmri/Datasest Merged 1/Datasest Merged 1/notumor/Tr-no_1015.jpg,0
/kaggle/input/datasets/sabersakin/brainmri/Datasest Merged 1/Datasest Merged 1/pituitary/p (583).jpg,/kaggle/input/datasets/sabersakin/brainmri/Datasest Merged 1/Datasest Merged 1/pituitary/Tr-pi_0531.jpg,0
/kaggle/input/datasets/sabersakin/brainmri/Datasest Merged 1/Datasest Merged 1/notumor/Te-no_0097.jpg,/kaggle/input/datasets/sabersakin/brainmri/Datasest Merged 1/Datasest Merged 1/notumor/image(93).jpg,0
/kaggle/input/datasets/sabersakin/brainmri/Datasest Merged 1/Datasest Merged 1/notumor/Te-no_0097.jpg,/kaggle/input/datasets/sabersakin/brainmri/Datasest Merged 1/Datasest Merged 1/notumor/image(394).jpg,0
/kaggle/input/datasets/sabersakin/brainmri/Datasest Merged 1/Datasest Merged 1/notumor/Te-no_0097.jpg,/kaggle/input/datasets/sabersakin/brainmri/Datasest Merged 1/Datasest Merged 1/notumor/Tr-no_0360.jpg,0
/kaggle/input/datasets/sabersakin/brainmri/Datasest Merged 1/Datasest Merged 1/notumor/Tr-no_0911.jpg,/kaggle/input/datasets/sabersakin/brainmri/Datasest Merged 1/Datasest Merged 1/notumor/Te-no_0115.jpg,0
/kaggle/input/datasets/sabersakin/brainmri/Datasest Merged 1/Datasest Merged 1/notumor/Tr-no_0911.jpg,/kaggle/input/datasets/sabersakin/brainmri/Datasest Merged 1/Datasest Merged 1/notumor/Tr-no_1551.jpg,0
/kaggle/input/datasets/sabersakin/brainmri/Datasest Merged 1/Datasest Merged 1/meningioma/Tr-me_0446.jpg,/kaggle/input/datasets/sabersakin/brainmri/Datasest Merged 1/Datasest Merged 1/meningioma/m2 (17).jpg,0
/kaggle/input/datasets/sabersakin/brainmri/Datasest Merged 1/Datasest Merged 1/meningioma/Tr-me_0446.jpg,/kaggle/input/datasets/sabersakin/brainmri/Datasest Merged 1/Datasest Merged 1/meningioma/m2 (18).jpg,4
/kaggle/input/datasets/sabersakin/brainmri/Datasest Merged 1/Datasest Merged 1/meningioma/Tr-me_0446.jpg,/kaggle/input/datasets/sabersakin/brainmri/Datasest Merged 1/Datasest Merged 1/meningioma/Tr-me_0455.jpg,4
/kaggle/input/datasets/sabersakin/brainmri/Datasest Merged 1/Datasest Merged 1/pituitary/Tr-pi_0173.jpg,/kaggle/input/datasets/sabersakin/brainmri/Datasest Merged 1/Datasest Merged 1/pituitary/Tr-pi_0180.jpg,4
/kaggle/input/datasets/sabersakin/brainmri/Datasest Merged 1/Datasest Merged 1/pituitary/Tr-pi_0173.jpg,/kaggle/input/datasets/sabersakin/brainmri/Datasest Merged 1/Datasest Merged 1/pituitary/Tr-pi_0175.jpg,4
/kaggle/input/datasets/sabersakin/brainmri/Datasest Merged 1/Datasest Merged 1/pituitary/Tr-pi_0173.jpg,/kaggle/input/datasets/sabersakin/brainmri/Datasest Merged 1/Datasest Merged 1/pituitary/p (257).jpg,4
/kaggle/input/datasets/sabersakin/brainmri/Datasest Merged 1/Datasest Merged 1/pituitary/Tr-pi_0173.jpg,/kaggle/input/datasets/sabersakin/brainmri/Datasest Merged 1/Datasest Merged 1/pituitary/p (261).jpg,4
/kaggle/input/datasets/sabersakin/brainmri/Datasest Merged 1/Datasest Merged 1/pituitary/Tr-pi_0802.jpg,/kaggle/input/datasets/sabersakin/brainmri/Datasest Merged 1/Datasest Merged 1/pituitary/Tr-pi_0795.jpg,4
/kaggle/input/datasets/sabersakin/brainmri/Datasest Merged 1/Datasest Merged 1/meningioma/Tr-me_0580.jpg,/kaggle/input/datasets/sabersakin/brainmri/Datasest Merged 1/Datasest Merged 1/meningioma/m3 (130).jpg,0
/kaggle/input/datasets/sabersakin/brainmri/Datasest Merged 1/Datasest Merged 1/notumor/Tr-no_0466.jpg,/kaggle/input/datasets/sabersakin/brainmri/Datasest Merged 1/Datasest Merged 1/notumor/Tr-no_0431.jpg,2
/kaggle/input/datasets/sabersakin/brainmri/Datasest Merged 1/Datasest Merged 1/notumor/Tr-no_0466.jpg,/kaggle/input/datasets/sabersakin/brainmri/Datasest Merged 1/Datasest Merged 1/notumor/Tr-no_1310.jpg,0
/kaggle/input/datasets/sabersakin/brainmri/Datasest Merged 1/Datasest Merged 1/notumor/Tr-no_0466.jpg,/kaggle/input/datasets/sabersakin/brainmri/Datasest Merged 1/Datasest Merged 1/notumor/Te-no_0345.jpg,0
/kaggle/input/datasets/sabersakin/brainmri/Datasest Merged 1/Datasest Merged 1/glioma/1553.jpg,/kaggle/input/datasets/sabersakin/brainmri/Datasest Merged 1/Datasest Merged 1/glioma/1552.jpg,4
/kaggle/input/datasets/sabersakin/brainmri/Datasest Merged 1/Datasest Merged 1/pituitary/p (673).jpg,/kaggle/input/datasets/sabersakin/brainmri/Datasest Merged 1/Datasest Merged 1/pituitary/Te-pi_0028.jpg,0
/kaggle/input/datasets/sabersakin/brainmri/Datasest Merged 1/Datasest Merged 1/meningioma/m3 (209).jpg,/kaggle/input/datasets/sabersakin/brainmri/Datasest Merged 1/Datasest Merged 1/meningioma/Tr-me_0666.jpg,0
/kaggle/input/datasets/sabersakin/brainmri/Datasest Merged 1/Datasest Merged 1/meningioma/m3 (209).jpg,/kaggle/input/datasets/sabersakin/brainmri/Datasest Merged 1/Datasest Merged 1/meningioma/Tr-me_0669.jpg,4
/kaggle/input/datasets/sabersakin/brainmri/Datasest Merged 1/Datasest Merged 1/meningioma/m3 (209).jpg,/kaggle/input/datasets/sabersakin/brainmri/Datasest Merged 1/Datasest Merged 1/meningioma/m3 (211).jpg,4
/kaggle/input/datasets/sabersakin/brainmri/Datasest Merged 1/Datasest Merged 1/pituitary/Te-pi_0217.jpg,/kaggle/input/datasets/sabersakin/brainmri/Datasest Merged 1/Datasest Merged 1/pituitary/Tr-pi_1206.jpg,4
/kaggle/input/datasets/sabersakin/brainmri/Datasest Merged 1/Datasest Merged 1/glioma/Tr-gl_1023.jpg,/kaggle/input/datasets/sabersakin/brainmri/Datasest Merged 1/Datasest Merged 1/glioma/Tr-gl_1022.jpg,4
/kaggle/input/datasets/sabersakin/brainmri/Datasest Merged 1/Datasest Merged 1/meningioma/m3 (50).jpg,/kaggle/input/datasets/sabersakin/brainmri/Datasest Merged 1/Datasest Merged 1/meningioma/Tr-me_0737.jpg,0
/kaggle/input/datasets/sabersakin/brainmri/Datasest Merged 1/Datasest Merged 1/meningioma/m3 (50).jpg,/kaggle/input/datasets/sabersakin/brainmri/Datasest Merged 1/Datasest Merged 1/meningioma/Tr-me_0735.jpg,4
/kaggle/input/datasets/sabersakin/brainmri/Datasest Merged 1/Datasest Merged 1/notumor/Tr-no_0848.jpg,/kaggle/input/datasets/sabersakin/brainmri/Datasest Merged 1/Datasest Merged 1/notumor/Tr-no_0950.jpg,4
/kaggle/input/datasets/sabersakin/brainmri/Datasest Merged 1/Datasest Merged 1/notumor/Tr-no_0848.jpg,/kaggle/input/datasets/sabersakin/brainmri/Datasest Merged 1/Datasest Merged 1/notumor/Tr-no_0471.jpg,2
/kaggle/input/datasets/sabersakin/brainmri/Datasest Merged 1/Datasest Merged 1/notumor/Tr-no_0848.jpg,/kaggle/input/datasets/sabersakin/brainmri/Datasest Merged 1/Datasest Merged 1/notumor/Tr-no_1325.jpg,2
/kaggle/input/datasets/sabersakin/brainmri/Datasest Merged 1/Datasest Merged 1/notumor/Tr-no_0137.jpg,/kaggle/input/datasets/sabersakin/brainmri/Datasest Merged 1/Datasest Merged 1/notumor/image(153).jpg,0
/kaggle/input/datasets/sabersakin/brainmri/Datasest Merged 1/Datasest Merged 1/notumor/Tr-no_0137.jpg,/kaggle/input/datasets/sabersakin/brainmri/Datasest Merged 1/Datasest Merged 1/notumor/Tr-no_0128.jpg,0
/kaggle/input/datasets/sabersakin/brainmri/Datasest Merged 1/Datasest Merged 1/notumor/Tr-no_0137.jpg,/kaggle/input/datasets/sabersakin/brainmri/Datasest Merged 1/Datasest Merged 1/notumor/image(161).jpg,0
/kaggle/input/datasets/sabersakin/brainmri/Datasest Merged 1/Datasest Merged 1/meningioma/Tr-me_1094.jpg,/kaggle/input/datasets/sabersakin/brainmri/Datasest Merged 1/Datasest Merged 1/meningioma/Tr-me_1093.jpg,2
/kaggle/input/datasets/sabersakin/brainmri/Datasest Merged 1/Datasest Merged 1/meningioma/m3 (166).jpg,/kaggle/input/datasets/sabersakin/brainmri/Datasest Merged 1/Datasest Merged 1/meningioma/Tr-me_0618.jpg,0
/kaggle/input/datasets/sabersakin/brainmri/Datasest Merged 1/Datasest Merged 1/meningioma/Tr-me_0563.jpg,/kaggle/input/datasets/sabersakin/brainmri/Datasest Merged 1/Datasest Merged 1/meningioma/m3 (115).jpg,0
/kaggle/input/datasets/sabersakin/brainmri/Datasest Merged 1/Datasest Merged 1/pituitary/p (726).jpg,/kaggle/input/datasets/sabersakin/brainmri/Datasest Merged 1/Datasest Merged 1/pituitary/Tr-pi_0654.jpg,0
/kaggle/input/datasets/sabersakin/brainmri/Datasest Merged 1/Datasest Merged 1/pituitary/p (810).jpg,/kaggle/input/datasets/sabersakin/brainmri/Datasest Merged 1/Datasest Merged 1/pituitary/Tr-pi_0727.jpg,0
/kaggle/input/datasets/sabersakin/brainmri/Datasest Merged 1/Datasest Merged 1/pituitary/2762.jpg,/kaggle/input/datasets/sabersakin/brainmri/Datasest Merged 1/Datasest Merged 1/pituitary/2761.jpg,4
/kaggle/input/datasets/sabersakin/brainmri/Datasest Merged 1/Datasest Merged 1/glioma/Tr-gl_0205.jpg,/kaggle/input/datasets/sabersakin/brainmri/Datasest Merged 1/Datasest Merged 1/glioma/Tr-gl_0199.jpg,4
/kaggle/input/datasets/sabersakin/brainmri/Datasest Merged 1/Datasest Merged 1/glioma/Tr-gl_0205.jpg,/kaggle/input/datasets/sabersakin/brainmri/Datasest Merged 1/Datasest Merged 1/glioma/Tr-gl_0204.jpg,4
/kaggle/input/datasets/sabersakin/brainmri/Datasest Merged 1/Datasest Merged 1/notumor/Tr-no_0532.jpg,/kaggle/input/datasets/sabersakin/brainmri/Datasest Merged 1/Datasest Merged 1/notumor/Tr-no_1207.jpg,4
/kaggle/input/datasets/sabersakin/brainmri/Datasest Merged 1/Datasest Merged 1/notumor/Tr-no_0532.jpg,/kaggle/input/datasets/sabersakin/brainmri/Datasest Merged 1/Datasest Merged 1/notumor/Tr-no_1485.jpg,4
/kaggle/input/datasets/sabersakin/brainmri/Datasest Merged 1/Datasest Merged 1/notumor/Tr-no_0532.jpg,/kaggle/input/datasets/sabersakin/brainmri/Datasest Merged 1/Datasest Merged 1/notumor/Tr-no_0722.jpg,0
/kaggle/input/datasets/sabersakin/brainmri/Datasest Merged 1/Datasest Merged 1/notumor/Tr-no_0532.jpg,/kaggle/input/datasets/sabersakin/brainmri/Datasest Merged 1/Datasest Merged 1/notumor/Te-no_0281.jpg,2
/kaggle/input/datasets/sabersakin/brainmri/Datasest Merged 1/Datasest Merged 1/notumor/Tr-no_0532.jpg,/kaggle/input/datasets/sabersakin/brainmri/Datasest Merged 1/Datasest Merged 1/notumor/Tr-no_0425.jpg,0
/kaggle/input/datasets/sabersakin/brainmri/Datasest Merged 1/Datasest Merged 1/notumor/Tr-no_0532.jpg,/kaggle/input/datasets/sabersakin/brainmri/Datasest Merged 1/Datasest Merged 1/notumor/Tr-no_0507.jpg,4
/kaggle/input/datasets/sabersakin/brainmri/Datasest Merged 1/Datasest Merged 1/meningioma/Te-me_0091.jpg,/kaggle/input/datasets/sabersakin/brainmri/Datasest Merged 1/Datasest Merged 1/meningioma/Tr-me_0268.jpg,0
/kaggle/input/datasets/sabersakin/brainmri/Datasest Merged 1/Datasest Merged 1/meningioma/Te-me_0091.jpg,/kaggle/input/datasets/sabersakin/brainmri/Datasest Merged 1/Datasest Merged 1/meningioma/m1(189).jpg,0
/kaggle/input/datasets/sabersakin/brainmri/Datasest Merged 1/Datasest Merged 1/meningioma/Te-me_0091.jpg,/kaggle/input/datasets/sabersakin/brainmri/Datasest Merged 1/Datasest Merged 1/meningioma/image(79).jpg,0
/kaggle/input/datasets/sabersakin/brainmri/Datasest Merged 1/Datasest Merged 1/pituitary/Tr-pi_1365.jpg,/kaggle/input/datasets/sabersakin/brainmri/Datasest Merged 1/Datasest Merged 1/pituitary/Te-pi_0270.jpg,4
/kaggle/input/datasets/sabersakin/brainmri/Datasest Merged 1/Datasest Merged 1/pituitary/Tr-pi_0333.jpg,/kaggle/input/datasets/sabersakin/brainmri/Datasest Merged 1/Datasest Merged 1/pituitary/Tr-pi_0222.jpg,4
/kaggle/input/datasets/sabersakin/brainmri/Datasest Merged 1/Datasest Merged 1/pituitary/Tr-pi_0333.jpg,/kaggle/input/datasets/sabersakin/brainmri/Datasest Merged 1/Datasest Merged 1/pituitary/p (3).jpg,4
/kaggle/input/datasets/sabersakin/brainmri/Datasest Merged 1/Datasest Merged 1/pituitary/Tr-pi_0333.jpg,/kaggle/input/datasets/sabersakin/brainmri/Datasest Merged 1/Datasest Merged 1/pituitary/p (4).jpg,0
/kaggle/input/datasets/sabersakin/brainmri/Datasest Merged 1/Datasest Merged 1/pituitary/Tr-pi_0161.jpg,/kaggle/input/datasets/sabersakin/brainmri/Datasest Merged 1/Datasest Merged 1/pituitary/p (244).jpg,0
/kaggle/input/datasets/sabersakin/brainmri/Datasest Merged 1/Datasest Merged 1/meningioma/image(121).jpg,/kaggle/input/datasets/sabersakin/brainmri/Datasest Merged 1/Datasest Merged 1/meningioma/image(83).jpg,0
/kaggle/input/datasets/sabersakin/brainmri/Datasest Merged 1/Datasest Merged 1/meningioma/image(121).jpg,/kaggle/input/datasets/sabersakin/brainmri/Datasest Merged 1/Datasest Merged 1/meningioma/m1(193).jpg,0
/kaggle/input/datasets/sabersakin/brainmri/Datasest Merged 1/Datasest Merged 1/meningioma/image(121).jpg,/kaggle/input/datasets/sabersakin/brainmri/Datasest Merged 1/Datasest Merged 1/meningioma/Tr-me_0273.jpg,0
/kaggle/input/datasets/sabersakin/brainmri/Datasest Merged 1/Datasest Merged 1/meningioma/image(121).jpg,/kaggle/input/datasets/sabersakin/brainmri/Datasest Merged 1/Datasest Merged 1/meningioma/m1(104).jpg,0
/kaggle/input/datasets/sabersakin/brainmri/Datasest Merged 1/Datasest Merged 1/meningioma/image(121).jpg,/kaggle/input/datasets/sabersakin/brainmri/Datasest Merged 1/Datasest Merged 1/meningioma/Te-me_0096.jpg,0
/kaggle/input/datasets/sabersakin/brainmri/Datasest Merged 1/Datasest Merged 1/notumor/Tr-no_1047.jpg,/kaggle/input/datasets/sabersakin/brainmri/Datasest Merged 1/Datasest Merged 1/notumor/7.jpg,0
/kaggle/input/datasets/sabersakin/brainmri/Datasest Merged 1/Datasest Merged 1/notumor/Tr-no_1047.jpg,/kaggle/input/datasets/sabersakin/brainmri/Datasest Merged 1/Datasest Merged 1/notumor/Tr-no_0692.jpg,2
/kaggle/input/datasets/sabersakin/brainmri/Datasest Merged 1/Datasest Merged 1/notumor/Tr-no_1047.jpg,/kaggle/input/datasets/sabersakin/brainmri/Datasest Merged 1/Datasest Merged 1/notumor/Tr-no_0748.jpg,2
/kaggle/input/datasets/sabersakin/brainmri/Datasest Merged 1/Datasest Merged 1/notumor/Tr-no_1047.jpg,/kaggle/input/datasets/sabersakin/brainmri/Datasest Merged 1/Datasest Merged 1/notumor/Tr-no_1054.jpg,2
/kaggle/input/datasets/sabersakin/brainmri/Datasest Merged 1/Datasest Merged 1/notumor/Tr-no_1047.jpg,/kaggle/input/datasets/sabersakin/brainmri/Datasest Merged 1/Datasest Merged 1/notumor/Tr-no_1191.jpg,2
/kaggle/input/datasets/sabersakin/brainmri/Datasest Merged 1/Datasest Merged 1/notumor/Tr-no_1047.jpg,/kaggle/input/datasets/sabersakin/brainmri/Datasest Merged 1/Datasest Merged 1/notumor/Tr-no_0797.jpg,2
/kaggle/input/datasets/sabersakin/brainmri/Datasest Merged 1/Datasest Merged 1/notumor/Tr-no_1047.jpg,/kaggle/input/datasets/sabersakin/brainmri/Datasest Merged 1/Datasest Merged 1/notumor/Tr-noTr_0006.jpg,0
/kaggle/input/datasets/sabersakin/brainmri/Datasest Merged 1/Datasest Merged 1/pituitary/2644.jpg,/kaggle/input/datasets/sabersakin/brainmri/Datasest Merged 1/Datasest Merged 1/pituitary/2645.jpg,0
/kaggle/input/datasets/sabersakin/brainmri/Datasest Merged 1/Datasest Merged 1/meningioma/Tr-me_0522.jpg,/kaggle/input/datasets/sabersakin/brainmri/Datasest Merged 1/Datasest Merged 1/meningioma/m2 (79).jpg,0
/kaggle/input/datasets/sabersakin/brainmri/Datasest Merged 1/Datasest Merged 1/pituitary/p (610).jpg,/kaggle/input/datasets/sabersakin/brainmri/Datasest Merged 1/Datasest Merged 1/pituitary/p (611).jpg,2
/kaggle/input/datasets/sabersakin/brainmri/Datasest Merged 1/Datasest Merged 1/pituitary/p (610).jpg,/kaggle/input/datasets/sabersakin/brainmri/Datasest Merged 1/Datasest Merged 1/pituitary/Tr-pi_0555.jpg,0
/kaggle/input/datasets/sabersakin/brainmri/Datasest Merged 1/Datasest Merged 1/pituitary/p (610).jpg,/kaggle/input/datasets/sabersakin/brainmri/Datasest Merged 1/Datasest Merged 1/pituitary/Tr-pi_0556.jpg,2
/kaggle/input/datasets/sabersakin/brainmri/Datasest Merged 1/Datasest Merged 1/notumor/Tr-no_1494.jpg,/kaggle/input/datasets/sabersakin/brainmri/Datasest Merged 1/Datasest Merged 1/notumor/Tr-no_1282.jpg,2
/kaggle/input/datasets/sabersakin/brainmri/Datasest Merged 1/Datasest Merged 1/notumor/Tr-no_1494.jpg,/kaggle/input/datasets/sabersakin/brainmri/Datasest Merged 1/Datasest Merged 1/notumor/Tr-no_0823.jpg,4
/kaggle/input/datasets/sabersakin/brainmri/Datasest Merged 1/Datasest Merged 1/notumor/Tr-no_1494.jpg,/kaggle/input/datasets/sabersakin/brainmri/Datasest Merged 1/Datasest Merged 1/notumor/Tr-no_1380.jpg,4
/kaggle/input/datasets/sabersakin/brainmri/Datasest Merged 1/Datasest Merged 1/notumor/Tr-no_1494.jpg,/kaggle/input/datasets/sabersakin/brainmri/Datasest Merged 1/Datasest Merged 1/notumor/Te-no_0111.jpg,4
/kaggle/input/datasets/sabersakin/brainmri/Datasest Merged 1/Datasest Merged 1/notumor/Tr-no_1494.jpg,/kaggle/input/datasets/sabersakin/brainmri/Datasest Merged 1/Datasest Merged 1/notumor/Tr-no_0456.jpg,0
/kaggle/input/datasets/sabersakin/brainmri/Datasest Merged 1/Datasest Merged 1/glioma/886.jpg,/kaggle/input/datasets/sabersakin/brainmri/Datasest Merged 1/Datasest Merged 1/glioma/887.jpg,2
/kaggle/input/datasets/sabersakin/brainmri/Datasest Merged 1/Datasest Merged 1/notumor/Tr-no_0655.jpg,/kaggle/input/datasets/sabersakin/brainmri/Datasest Merged 1/Datasest Merged 1/notumor/Tr-no_0562.jpg,2
/kaggle/input/datasets/sabersakin/brainmri/Datasest Merged 1/Datasest Merged 1/notumor/Tr-no_0655.jpg,/kaggle/input/datasets/sabersakin/brainmri/Datasest Merged 1/Datasest Merged 1/notumor/Te-no_0309.jpg,2
/kaggle/input/datasets/sabersakin/brainmri/Datasest Merged 1/Datasest Merged 1/notumor/Tr-no_0655.jpg,/kaggle/input/datasets/sabersakin/brainmri/Datasest Merged 1/Datasest Merged 1/notumor/Tr-no_1237.jpg,0
/kaggle/input/datasets/sabersakin/brainmri/Datasest Merged 1/Datasest Merged 1/notumor/Tr-no_0655.jpg,/kaggle/input/datasets/sabersakin/brainmri/Datasest Merged 1/Datasest Merged 1/notumor/Tr-no_1042.jpg,2
/kaggle/input/datasets/sabersakin/brainmri/Datasest Merged 1/Datasest Merged 1/notumor/Tr-no_0655.jpg,/kaggle/input/datasets/sabersakin/brainmri/Datasest Merged 1/Datasest Merged 1/notumor/Tr-no_0486.jpg,0
/kaggle/input/datasets/sabersakin/brainmri/Datasest Merged 1/Datasest Merged 1/notumor/Tr-no_0655.jpg,/kaggle/input/datasets/sabersakin/brainmri/Datasest Merged 1/Datasest Merged 1/notumor/Tr-no_1481.jpg,0
/kaggle/input/datasets/sabersakin/brainmri/Datasest Merged 1/Datasest Merged 1/notumor/Tr-no_0655.jpg,/kaggle/input/datasets/sabersakin/brainmri/Datasest Merged 1/Datasest Merged 1/notumor/Tr-no_0975.jpg,2
/kaggle/input/datasets/sabersakin/brainmri/Datasest Merged 1/Datasest Merged 1/notumor/Te-no_0110.jpg,/kaggle/input/datasets/sabersakin/brainmri/Datasest Merged 1/Datasest Merged 1/notumor/Tr-no_0448.jpg,4
/kaggle/input/datasets/sabersakin/brainmri/Datasest Merged 1/Datasest Merged 1/notumor/Te-no_0110.jpg,/kaggle/input/datasets/sabersakin/brainmri/Datasest Merged 1/Datasest Merged 1/notumor/Tr-no_0721.jpg,0
/kaggle/input/datasets/sabersakin/brainmri/Datasest Merged 1/Datasest Merged 1/notumor/Te-no_0110.jpg,/kaggle/input/datasets/sabersakin/brainmri/Datasest Merged 1/Datasest Merged 1/notumor/Tr-no_0528.jpg,0
/kaggle/input/datasets/sabersakin/brainmri/Datasest Merged 1/Datasest Merged 1/notumor/Te-no_0110.jpg,/kaggle/input/datasets/sabersakin/brainmri/Datasest Merged 1/Datasest Merged 1/notumor/Te-no_0280.jpg,4
/kaggle/input/datasets/sabersakin/brainmri/Datasest Merged 1/Datasest Merged 1/pituitary/p (796).jpg,/kaggle/input/datasets/sabersakin/brainmri/Datasest Merged 1/Datasest Merged 1/pituitary/Tr-pi_0714.jpg,0
/kaggle/input/datasets/sabersakin/brainmri/Datasest Merged 1/Datasest Merged 1/meningioma/Tr-me_0510.jpg,/kaggle/input/datasets/sabersakin/brainmri/Datasest Merged 1/Datasest Merged 1/meningioma/m2 (68).jpg,0
/kaggle/input/datasets/sabersakin/brainmri/Datasest Merged 1/Datasest Merged 1/meningioma/Tr-me_0510.jpg,/kaggle/input/datasets/sabersakin/brainmri/Datasest Merged 1/Datasest Merged 1/meningioma/m2 (70).jpg,4
/kaggle/input/datasets/sabersakin/brainmri/Datasest Merged 1/Datasest Merged 1/meningioma/Tr-me_0510.jpg,/kaggle/input/datasets/sabersakin/brainmri/Datasest Merged 1/Datasest Merged 1/meningioma/Tr-me_0513.jpg,4
/kaggle/input/datasets/sabersakin/brainmri/Datasest Merged 1/Datasest Merged 1/meningioma/Tr-me_0510.jpg,/kaggle/input/datasets/sabersakin/brainmri/Datasest Merged 1/Datasest Merged 1/meningioma/Tr-me_0511.jpg,2
/kaggle/input/datasets/sabersakin/brainmri/Datasest Merged 1/Datasest Merged 1/meningioma/Tr-me_0510.jpg,/kaggle/input/datasets/sabersakin/brainmri/Datasest Merged 1/Datasest Merged 1/meningioma/m2 (69).jpg,2
/kaggle/input/datasets/sabersakin/brainmri/Datasest Merged 1/Datasest Merged 1/meningioma/Tr-me_0510.jpg,/kaggle/input/datasets/sabersakin/brainmri/Datasest Merged 1/Datasest Merged 1/meningioma/m2 (67).jpg,2
/kaggle/input/datasets/sabersakin/brainmri/Datasest Merged 1/Datasest Merged 1/meningioma/Tr-me_0510.jpg,/kaggle/input/datasets/sabersakin/brainmri/Datasest Merged 1/Datasest Merged 1/meningioma/Tr-me_0509.jpg,2
/kaggle/input/datasets/sabersakin/brainmri/Datasest Merged 1/Datasest Merged 1/meningioma/m (93).jpg,/kaggle/input/datasets/sabersakin/brainmri/Datasest Merged 1/Datasest Merged 1/meningioma/Tr-me_0168.jpg,0
/kaggle/input/datasets/sabersakin/brainmri/Datasest Merged 1/Datasest Merged 1/notumor/Te-no_0261.jpg,/kaggle/input/datasets/sabersakin/brainmri/Datasest Merged 1/Datasest Merged 1/notumor/Tr-no_0822.jpg,4
/kaggle/input/datasets/sabersakin/brainmri/Datasest Merged 1/Datasest Merged 1/notumor/Te-no_0261.jpg,/kaggle/input/datasets/sabersakin/brainmri/Datasest Merged 1/Datasest Merged 1/notumor/Tr-no_1281.jpg,0
/kaggle/input/datasets/sabersakin/brainmri/Datasest Merged 1/Datasest Merged 1/notumor/Te-no_0261.jpg,/kaggle/input/datasets/sabersakin/brainmri/Datasest Merged 1/Datasest Merged 1/notumor/Tr-no_1379.jpg,0
/kaggle/input/datasets/sabersakin/brainmri/Datasest Merged 1/Datasest Merged 1/notumor/Te-no_0261.jpg,/kaggle/input/datasets/sabersakin/brainmri/Datasest Merged 1/Datasest Merged 1/notumor/Tr-no_0454.jpg,0
/kaggle/input/datasets/sabersakin/brainmri/Datasest Merged 1/Datasest Merged 1/notumor/Te-no_0261.jpg,/kaggle/input/datasets/sabersakin/brainmri/Datasest Merged 1/Datasest Merged 1/notumor/Tr-no_0403.jpg,0
/kaggle/input/datasets/sabersakin/brainmri/Datasest Merged 1/Datasest Merged 1/notumor/Te-no_0261.jpg,/kaggle/input/datasets/sabersakin/brainmri/Datasest Merged 1/Datasest Merged 1/notumor/Tr-no_0901.jpg,4
/kaggle/input/datasets/sabersakin/brainmri/Datasest Merged 1/Datasest Merged 1/notumor/Te-no_0261.jpg,/kaggle/input/datasets/sabersakin/brainmri/Datasest Merged 1/Datasest Merged 1/notumor/Tr-no_1518.jpg,0
/kaggle/input/datasets/sabersakin/brainmri/Datasest Merged 1/Datasest Merged 1/notumor/image(287).jpg,/kaggle/input/datasets/sabersakin/brainmri/Datasest Merged 1/Datasest Merged 1/notumor/Tr-no_0024.jpg,2
/kaggle/input/datasets/sabersakin/brainmri/Datasest Merged 1/Datasest Merged 1/notumor/image(287).jpg,/kaggle/input/datasets/sabersakin/brainmri/Datasest Merged 1/Datasest Merged 1/notumor/Tr-no_1298.jpg,2
/kaggle/input/datasets/sabersakin/brainmri/Datasest Merged 1/Datasest Merged 1/notumor/image(287).jpg,/kaggle/input/datasets/sabersakin/brainmri/Datasest Merged 1/Datasest Merged 1/notumor/Tr-no_1249.jpg,2
/kaggle/input/datasets/sabersakin/brainmri/Datasest Merged 1/Datasest Merged 1/notumor/image(287).jpg,/kaggle/input/datasets/sabersakin/brainmri/Datasest Merged 1/Datasest Merged 1/notumor/Tr-no_0568.jpg,0
/kaggle/input/datasets/sabersakin/brainmri/Datasest Merged 1/Datasest Merged 1/notumor/image(287).jpg,/kaggle/input/datasets/sabersakin/brainmri/Datasest Merged 1/Datasest Merged 1/notumor/Tr-no_0231.jpg,2
/kaggle/input/datasets/sabersakin/brainmri/Datasest Merged 1/Datasest Merged 1/notumor/image(287).jpg,/kaggle/input/datasets/sabersakin/brainmri/Datasest Merged 1/Datasest Merged 1/notumor/Tr-no_0012.jpg,2
/kaggle/input/datasets/sabersakin/brainmri/Datasest Merged 1/Datasest Merged 1/notumor/image(287).jpg,/kaggle/input/datasets/sabersakin/brainmri/Datasest Merged 1/Datasest Merged 1/notumor/Tr-no_1160.jpg,0
/kaggle/input/datasets/sabersakin/brainmri/Datasest Merged 1/Datasest Merged 1/notumor/image(287).jpg,/kaggle/input/datasets/sabersakin/brainmri/Datasest Merged 1/Datasest Merged 1/notumor/Tr-no_0298.jpg,2
/kaggle/input/datasets/sabersakin/brainmri/Datasest Merged 1/Datasest Merged 1/notumor/image(287).jpg,/kaggle/input/datasets/sabersakin/brainmri/Datasest Merged 1/Datasest Merged 1/notumor/image(215).jpg,0
/kaggle/input/datasets/sabersakin/brainmri/Datasest Merged 1/Datasest Merged 1/notumor/image(287).jpg,/kaggle/input/datasets/sabersakin/brainmri/Datasest Merged 1/Datasest Merged 1/notumor/Tr-no_1131.jpg,2
/kaggle/input/datasets/sabersakin/brainmri/Datasest Merged 1/Datasest Merged 1/notumor/image(287).jpg,/kaggle/input/datasets/sabersakin/brainmri/Datasest Merged 1/Datasest Merged 1/notumor/image (13).jpg,2
/kaggle/input/datasets/sabersakin/brainmri/Datasest Merged 1/Datasest Merged 1/notumor/image(287).jpg,/kaggle/input/datasets/sabersakin/brainmri/Datasest Merged 1/Datasest Merged 1/notumor/Tr-no_0921.jpg,0
/kaggle/input/datasets/sabersakin/brainmri/Datasest Merged 1/Datasest Merged 1/notumor/image(287).jpg,/kaggle/input/datasets/sabersakin/brainmri/Datasest Merged 1/Datasest Merged 1/notumor/image (26).jpg,2
/kaggle/input/datasets/sabersakin/brainmri/Datasest Merged 1/Datasest Merged 1/notumor/image(287).jpg,/kaggle/input/datasets/sabersakin/brainmri/Datasest Merged 1/Datasest Merged 1/notumor/Tr-no_0197.jpg,0
/kaggle/input/datasets/sabersakin/brainmri/Datasest Merged 1/Datasest Merged 1/notumor/image(287).jpg,/kaggle/input/datasets/sabersakin/brainmri/Datasest Merged 1/Datasest Merged 1/notumor/Te-no_0167.jpg,2
/kaggle/input/datasets/sabersakin/brainmri/Datasest Merged 1/Datasest Merged 1/notumor/image(287).jpg,/kaggle/input/datasets/sabersakin/brainmri/Datasest Merged 1/Datasest Merged 1/notumor/Tr-no_0276.jpg,0
/kaggle/input/datasets/sabersakin/brainmri/Datasest Merged 1/Datasest Merged 1/notumor/image(287).jpg,/kaggle/input/datasets/sabersakin/brainmri/Datasest Merged 1/Datasest Merged 1/notumor/Tr-no_1041.jpg,0
/kaggle/input/datasets/sabersakin/brainmri/Datasest Merged 1/Datasest Merged 1/notumor/image(287).jpg,/kaggle/input/datasets/sabersakin/brainmri/Datasest Merged 1/Datasest Merged 1/notumor/Tr-no_0011.jpg,2
/kaggle/input/datasets/sabersakin/brainmri/Datasest Merged 1/Datasest Merged 1/notumor/Tr-no_1154.jpg,/kaggle/input/datasets/sabersakin/brainmri/Datasest Merged 1/Datasest Merged 1/notumor/Tr-no_0431.jpg,2
/kaggle/input/datasets/sabersakin/brainmri/Datasest Merged 1/Datasest Merged 1/notumor/Tr-no_1154.jpg,/kaggle/input/datasets/sabersakin/brainmri/Datasest Merged 1/Datasest Merged 1/notumor/Tr-no_1310.jpg,0
/kaggle/input/datasets/sabersakin/brainmri/Datasest Merged 1/Datasest Merged 1/notumor/Tr-no_1154.jpg,/kaggle/input/datasets/sabersakin/brainmri/Datasest Merged 1/Datasest Merged 1/notumor/Te-no_0345.jpg,0
/kaggle/input/datasets/sabersakin/brainmri/Datasest Merged 1/Datasest Merged 1/notumor/image(97).jpg,/kaggle/input/datasets/sabersakin/brainmri/Datasest Merged 1/Datasest Merged 1/notumor/image(262).jpg,0
/kaggle/input/datasets/sabersakin/brainmri/Datasest Merged 1/Datasest Merged 1/notumor/image(97).jpg,/kaggle/input/datasets/sabersakin/brainmri/Datasest Merged 1/Datasest Merged 1/notumor/Tr-no_0249.jpg,0
/kaggle/input/datasets/sabersakin/brainmri/Datasest Merged 1/Datasest Merged 1/notumor/image(97).jpg,/kaggle/input/datasets/sabersakin/brainmri/Datasest Merged 1/Datasest Merged 1/notumor/Te-no_0101.jpg,0
/kaggle/input/datasets/sabersakin/brainmri/Datasest Merged 1/Datasest Merged 1/meningioma/Tr-me_1087.jpg,/kaggle/input/datasets/sabersakin/brainmri/Datasest Merged 1/Datasest Merged 1/meningioma/Te-me_0243.jpg,4
/kaggle/input/datasets/sabersakin/brainmri/Datasest Merged 1/Datasest Merged 1/meningioma/Tr-me_1087.jpg,/kaggle/input/datasets/sabersakin/brainmri/Datasest Merged 1/Datasest Merged 1/meningioma/Tr-me_1095.jpg,2
/kaggle/input/datasets/sabersakin/brainmri/Datasest Merged 1/Datasest Merged 1/notumor/Tr-no_0762.jpg,/kaggle/input/datasets/sabersakin/brainmri/Datasest Merged 1/Datasest Merged 1/notumor/Tr-no_1203.jpg,2
/kaggle/input/datasets/sabersakin/brainmri/Datasest Merged 1/Datasest Merged 1/notumor/Tr-no_0762.jpg,/kaggle/input/datasets/sabersakin/brainmri/Datasest Merged 1/Datasest Merged 1/notumor/Tr-no_0661.jpg,4
/kaggle/input/datasets/sabersakin/brainmri/Datasest Merged 1/Datasest Merged 1/pituitary/p (813).jpg,/kaggle/input/datasets/sabersakin/brainmri/Datasest Merged 1/Datasest Merged 1/pituitary/Te-pi_0063.jpg,0
/kaggle/input/datasets/sabersakin/brainmri/Datasest Merged 1/Datasest Merged 1/meningioma/Tr-me_0467.jpg,/kaggle/input/datasets/sabersakin/brainmri/Datasest Merged 1/Datasest Merged 1/meningioma/m2 (29).jpg,0
/kaggle/input/datasets/sabersakin/brainmri/Datasest Merged 1/Datasest Merged 1/glioma/Tr-gl_0018.jpg,/kaggle/input/datasets/sabersakin/brainmri/Datasest Merged 1/Datasest Merged 1/glioma/gg (344).jpg,0
/kaggle/input/datasets/sabersakin/brainmri/Datasest Merged 1/Datasest Merged 1/notumor/Tr-no_1172.jpg,/kaggle/input/datasets/sabersakin/brainmri/Datasest Merged 1/Datasest Merged 1/notumor/Tr-no_1251.jpg,0
/kaggle/input/datasets/sabersakin/brainmri/Datasest Merged 1/Datasest Merged 1/notumor/Tr-no_1172.jpg,/kaggle/input/datasets/sabersakin/brainmri/Datasest Merged 1/Datasest Merged 1/notumor/Tr-no_0280.jpg,0
/kaggle/input/datasets/sabersakin/brainmri/Datasest Merged 1/Datasest Merged 1/notumor/Tr-no_1172.jpg,/kaggle/input/datasets/sabersakin/brainmri/Datasest Merged 1/Datasest Merged 1/notumor/Tr-no_1155.jpg,0
/kaggle/input/datasets/sabersakin/brainmri/Datasest Merged 1/Datasest Merged 1/notumor/Tr-no_1172.jpg,/kaggle/input/datasets/sabersakin/brainmri/Datasest Merged 1/Datasest Merged 1/notumor/Te-no_0296.jpg,0
/kaggle/input/datasets/sabersakin/brainmri/Datasest Merged 1/Datasest Merged 1/notumor/Tr-no_1172.jpg,/kaggle/input/datasets/sabersakin/brainmri/Datasest Merged 1/Datasest Merged 1/notumor/Tr-no_0943.jpg,0
/kaggle/input/datasets/sabersakin/brainmri/Datasest Merged 1/Datasest Merged 1/notumor/Tr-no_1172.jpg,/kaggle/input/datasets/sabersakin/brainmri/Datasest Merged 1/Datasest Merged 1/notumor/Te-no_0218.jpg,2
/kaggle/input/datasets/sabersakin/brainmri/Datasest Merged 1/Datasest Merged 1/notumor/Tr-no_1172.jpg,/kaggle/input/datasets/sabersakin/brainmri/Datasest Merged 1/Datasest Merged 1/notumor/image(290).jpg,0
/kaggle/input/datasets/sabersakin/brainmri/Datasest Merged 1/Datasest Merged 1/notumor/Tr-no_1076.jpg,/kaggle/input/datasets/sabersakin/brainmri/Datasest Merged 1/Datasest Merged 1/notumor/Tr-no_1193.jpg,2
/kaggle/input/datasets/sabersakin/brainmri/Datasest Merged 1/Datasest Merged 1/notumor/Tr-no_1076.jpg,/kaggle/input/datasets/sabersakin/brainmri/Datasest Merged 1/Datasest Merged 1/notumor/Tr-no_1070.jpg,4
/kaggle/input/datasets/sabersakin/brainmri/Datasest Merged 1/Datasest Merged 1/notumor/Tr-no_1076.jpg,/kaggle/input/datasets/sabersakin/brainmri/Datasest Merged 1/Datasest Merged 1/notumor/Tr-no_0575.jpg,0
/kaggle/input/datasets/sabersakin/brainmri/Datasest Merged 1/Datasest Merged 1/notumor/Tr-no_1076.jpg,/kaggle/input/datasets/sabersakin/brainmri/Datasest Merged 1/Datasest Merged 1/notumor/image (29).jpg,0
/kaggle/input/datasets/sabersakin/brainmri/Datasest Merged 1/Datasest Merged 1/notumor/Tr-no_1076.jpg,/kaggle/input/datasets/sabersakin/brainmri/Datasest Merged 1/Datasest Merged 1/notumor/Tr-no_1069.jpg,0
/kaggle/input/datasets/sabersakin/brainmri/Datasest Merged 1/Datasest Merged 1/notumor/Tr-no_1076.jpg,/kaggle/input/datasets/sabersakin/brainmri/Datasest Merged 1/Datasest Merged 1/notumor/image (30).jpg,4
/kaggle/input/datasets/sabersakin/brainmri/Datasest Merged 1/Datasest Merged 1/meningioma/Tr-me_0445.jpg,/kaggle/input/datasets/sabersakin/brainmri/Datasest Merged 1/Datasest Merged 1/meningioma/m2 (169).jpg,0
/kaggle/input/datasets/sabersakin/brainmri/Datasest Merged 1/Datasest Merged 1/notumor/image(246).jpg,/kaggle/input/datasets/sabersakin/brainmri/Datasest Merged 1/Datasest Merged 1/notumor/Tr-no_0024.jpg,0
/kaggle/input/datasets/sabersakin/brainmri/Datasest Merged 1/Datasest Merged 1/notumor/image(246).jpg,/kaggle/input/datasets/sabersakin/brainmri/Datasest Merged 1/Datasest Merged 1/notumor/Tr-no_1298.jpg,2
/kaggle/input/datasets/sabersakin/brainmri/Datasest Merged 1/Datasest Merged 1/notumor/image(246).jpg,/kaggle/input/datasets/sabersakin/brainmri/Datasest Merged 1/Datasest Merged 1/notumor/Tr-no_1249.jpg,2
/kaggle/input/datasets/sabersakin/brainmri/Datasest Merged 1/Datasest Merged 1/notumor/image(246).jpg,/kaggle/input/datasets/sabersakin/brainmri/Datasest Merged 1/Datasest Merged 1/notumor/Tr-no_0568.jpg,2
/kaggle/input/datasets/sabersakin/brainmri/Datasest Merged 1/Datasest Merged 1/notumor/image(246).jpg,/kaggle/input/datasets/sabersakin/brainmri/Datasest Merged 1/Datasest Merged 1/notumor/Tr-no_0231.jpg,0
/kaggle/input/datasets/sabersakin/brainmri/Datasest Merged 1/Datasest Merged 1/notumor/image(246).jpg,/kaggle/input/datasets/sabersakin/brainmri/Datasest Merged 1/Datasest Merged 1/notumor/Tr-no_0012.jpg,0
/kaggle/input/datasets/sabersakin/brainmri/Datasest Merged 1/Datasest Merged 1/notumor/image(246).jpg,/kaggle/input/datasets/sabersakin/brainmri/Datasest Merged 1/Datasest Merged 1/notumor/Tr-no_1160.jpg,2
/kaggle/input/datasets/sabersakin/brainmri/Datasest Merged 1/Datasest Merged 1/notumor/image(246).jpg,/kaggle/input/datasets/sabersakin/brainmri/Datasest Merged 1/Datasest Merged 1/notumor/Tr-no_0298.jpg,0
/kaggle/input/datasets/sabersakin/brainmri/Datasest Merged 1/Datasest Merged 1/notumor/image(246).jpg,/kaggle/input/datasets/sabersakin/brainmri/Datasest Merged 1/Datasest Merged 1/notumor/image(215).jpg,2
/kaggle/input/datasets/sabersakin/brainmri/Datasest Merged 1/Datasest Merged 1/notumor/image(246).jpg,/kaggle/input/datasets/sabersakin/brainmri/Datasest Merged 1/Datasest Merged 1/notumor/Tr-no_1131.jpg,0
/kaggle/input/datasets/sabersakin/brainmri/Datasest Merged 1/Datasest Merged 1/notumor/image(246).jpg,/kaggle/input/datasets/sabersakin/brainmri/Datasest Merged 1/Datasest Merged 1/notumor/image (13).jpg,0
/kaggle/input/datasets/sabersakin/brainmri/Datasest Merged 1/Datasest Merged 1/notumor/image(246).jpg,/kaggle/input/datasets/sabersakin/brainmri/Datasest Merged 1/Datasest Merged 1/notumor/Tr-no_0921.jpg,2
/kaggle/input/datasets/sabersakin/brainmri/Datasest Merged 1/Datasest Merged 1/notumor/image(246).jpg,/kaggle/input/datasets/sabersakin/brainmri/Datasest Merged 1/Datasest Merged 1/notumor/Tr-no_0792.jpg,4
/kaggle/input/datasets/sabersakin/brainmri/Datasest Merged 1/Datasest Merged 1/notumor/image(246).jpg,/kaggle/input/datasets/sabersakin/brainmri/Datasest Merged 1/Datasest Merged 1/notumor/image (26).jpg,0
/kaggle/input/datasets/sabersakin/brainmri/Datasest Merged 1/Datasest Merged 1/notumor/image(246).jpg,/kaggle/input/datasets/sabersakin/brainmri/Datasest Merged 1/Datasest Merged 1/notumor/Tr-no_0197.jpg,2
/kaggle/input/datasets/sabersakin/brainmri/Datasest Merged 1/Datasest Merged 1/notumor/image(246).jpg,/kaggle/input/datasets/sabersakin/brainmri/Datasest Merged 1/Datasest Merged 1/notumor/Te-no_0167.jpg,2
/kaggle/input/datasets/sabersakin/brainmri/Datasest Merged 1/Datasest Merged 1/notumor/image(246).jpg,/kaggle/input/datasets/sabersakin/brainmri/Datasest Merged 1/Datasest Merged 1/notumor/Tr-no_0276.jpg,2
/kaggle/input/datasets/sabersakin/brainmri/Datasest Merged 1/Datasest Merged 1/notumor/image(246).jpg,/kaggle/input/datasets/sabersakin/brainmri/Datasest Merged 1/Datasest Merged 1/notumor/Tr-no_1041.jpg,2
/kaggle/input/datasets/sabersakin/brainmri/Datasest Merged 1/Datasest Merged 1/notumor/image(246).jpg,/kaggle/input/datasets/sabersakin/brainmri/Datasest Merged 1/Datasest Merged 1/notumor/Tr-no_0011.jpg,0
/kaggle/input/datasets/sabersakin/brainmri/Datasest Merged 1/Datasest Merged 1/notumor/image(151).jpg,/kaggle/input/datasets/sabersakin/brainmri/Datasest Merged 1/Datasest Merged 1/notumor/Tr-no_0126.jpg,0
/kaggle/input/datasets/sabersakin/brainmri/Datasest Merged 1/Datasest Merged 1/meningioma/Te-me_0050.jpg,/kaggle/input/datasets/sabersakin/brainmri/Datasest Merged 1/Datasest Merged 1/meningioma/m1(151).jpg,0
/kaggle/input/datasets/sabersakin/brainmri/Datasest Merged 1/Datasest Merged 1/pituitary/Tr-pi_0238.jpg,/kaggle/input/datasets/sabersakin/brainmri/Datasest Merged 1/Datasest Merged 1/pituitary/p (313).jpg,0
/kaggle/input/datasets/sabersakin/brainmri/Datasest Merged 1/Datasest Merged 1/pituitary/Tr-pi_0597.jpg,/kaggle/input/datasets/sabersakin/brainmri/Datasest Merged 1/Datasest Merged 1/pituitary/p (66).jpg,0
/kaggle/input/datasets/sabersakin/brainmri/Datasest Merged 1/Datasest Merged 1/pituitary/Tr-pi_0265.jpg,/kaggle/input/datasets/sabersakin/brainmri/Datasest Merged 1/Datasest Merged 1/pituitary/Tr-pi_0266.jpg,4
/kaggle/input/datasets/sabersakin/brainmri/Datasest Merged 1/Datasest Merged 1/pituitary/Tr-pi_0265.jpg,/kaggle/input/datasets/sabersakin/brainmri/Datasest Merged 1/Datasest Merged 1/pituitary/p (338).jpg,0
/kaggle/input/datasets/sabersakin/brainmri/Datasest Merged 1/Datasest Merged 1/pituitary/Tr-pi_0265.jpg,/kaggle/input/datasets/sabersakin/brainmri/Datasest Merged 1/Datasest Merged 1/pituitary/p (339).jpg,4
/kaggle/input/datasets/sabersakin/brainmri/Datasest Merged 1/Datasest Merged 1/pituitary/Te-pi_0045.jpg,/kaggle/input/datasets/sabersakin/brainmri/Datasest Merged 1/Datasest Merged 1/pituitary/p (742).jpg,0
/kaggle/input/datasets/sabersakin/brainmri/Datasest Merged 1/Datasest Merged 1/pituitary/Te-pi_0045.jpg,/kaggle/input/datasets/sabersakin/brainmri/Datasest Merged 1/Datasest Merged 1/pituitary/p (741).jpg,0
/kaggle/input/datasets/sabersakin/brainmri/Datasest Merged 1/Datasest Merged 1/pituitary/Tr-pi_0076.jpg,/kaggle/input/datasets/sabersakin/brainmri/Datasest Merged 1/Datasest Merged 1/pituitary/p (170).jpg,4
/kaggle/input/datasets/sabersakin/brainmri/Datasest Merged 1/Datasest Merged 1/pituitary/Tr-pi_0076.jpg,/kaggle/input/datasets/sabersakin/brainmri/Datasest Merged 1/Datasest Merged 1/pituitary/p (168).jpg,0
/kaggle/input/datasets/sabersakin/brainmri/Datasest Merged 1/Datasest Merged 1/pituitary/Tr-pi_0076.jpg,/kaggle/input/datasets/sabersakin/brainmri/Datasest Merged 1/Datasest Merged 1/pituitary/Tr-pi_0077.jpg,4
/kaggle/input/datasets/sabersakin/brainmri/Datasest Merged 1/Datasest Merged 1/pituitary/Tr-pi_0076.jpg,/kaggle/input/datasets/sabersakin/brainmri/Datasest Merged 1/Datasest Merged 1/pituitary/Tr-pi_0079.jpg,4
/kaggle/input/datasets/sabersakin/brainmri/Datasest Merged 1/Datasest Merged 1/pituitary/Tr-pi_0076.jpg,/kaggle/input/datasets/sabersakin/brainmri/Datasest Merged 1/Datasest Merged 1/pituitary/p (169).jpg,4
/kaggle/input/datasets/sabersakin/brainmri/Datasest Merged 1/Datasest Merged 1/pituitary/image(95).jpg,/kaggle/input/datasets/sabersakin/brainmri/Datasest Merged 1/Datasest Merged 1/pituitary/image(94).jpg,0
/kaggle/input/datasets/sabersakin/brainmri/Datasest Merged 1/Datasest Merged 1/pituitary/p (667).jpg,/kaggle/input/datasets/sabersakin/brainmri/Datasest Merged 1/Datasest Merged 1/pituitary/Tr-pi_0603.jpg,0
/kaggle/input/datasets/sabersakin/brainmri/Datasest Merged 1/Datasest Merged 1/pituitary/2165.jpg,/kaggle/input/datasets/sabersakin/brainmri/Datasest Merged 1/Datasest Merged 1/pituitary/2164.jpg,4
/kaggle/input/datasets/sabersakin/brainmri/Datasest Merged 1/Datasest Merged 1/glioma/1662.jpg,/kaggle/input/datasets/sabersakin/brainmri/Datasest Merged 1/Datasest Merged 1/glioma/1663.jpg,4
/kaggle/input/datasets/sabersakin/brainmri/Datasest Merged 1/Datasest Merged 1/glioma/1662.jpg,/kaggle/input/datasets/sabersakin/brainmri/Datasest Merged 1/Datasest Merged 1/glioma/1659.jpg,4
/kaggle/input/datasets/sabersakin/brainmri/Datasest Merged 1/Datasest Merged 1/glioma/1662.jpg,/kaggle/input/datasets/sabersakin/brainmri/Datasest Merged 1/Datasest Merged 1/glioma/1660.jpg,4
/kaggle/input/datasets/sabersakin/brainmri/Datasest Merged 1/Datasest Merged 1/glioma/1662.jpg,/kaggle/input/datasets/sabersakin/brainmri/Datasest Merged 1/Datasest Merged 1/glioma/1661.jpg,4
/kaggle/input/datasets/sabersakin/brainmri/Datasest Merged 1/Datasest Merged 1/meningioma/Tr-me_0514.jpg,/kaggle/input/datasets/sabersakin/brainmri/Datasest Merged 1/Datasest Merged 1/meningioma/m2 (71).jpg,0
/kaggle/input/datasets/sabersakin/brainmri/Datasest Merged 1/Datasest Merged 1/meningioma/m3 (225).jpg,/kaggle/input/datasets/sabersakin/brainmri/Datasest Merged 1/Datasest Merged 1/meningioma/Tr-me_0684.jpg,0
/kaggle/input/datasets/sabersakin/brainmri/Datasest Merged 1/Datasest Merged 1/glioma/Tr-gl_0731.jpg,/kaggle/input/datasets/sabersakin/brainmri/Datasest Merged 1/Datasest Merged 1/glioma/Te-gl_0155.jpg,4
/kaggle/input/datasets/sabersakin/brainmri/Datasest Merged 1/Datasest Merged 1/glioma/Tr-gl_0731.jpg,/kaggle/input/datasets/sabersakin/brainmri/Datasest Merged 1/Datasest Merged 1/glioma/Tr-gl_0732.jpg,4
/kaggle/input/datasets/sabersakin/brainmri/Datasest Merged 1/Datasest Merged 1/glioma/Tr-gl_1183.jpg,/kaggle/input/datasets/sabersakin/brainmri/Datasest Merged 1/Datasest Merged 1/glioma/Tr-gl_1184.jpg,4
/kaggle/input/datasets/sabersakin/brainmri/Datasest Merged 1/Datasest Merged 1/meningioma/image(65).jpg,/kaggle/input/datasets/sabersakin/brainmri/Datasest Merged 1/Datasest Merged 1/meningioma/m1(175).jpg,0
/kaggle/input/datasets/sabersakin/brainmri/Datasest Merged 1/Datasest Merged 1/meningioma/image(65).jpg,/kaggle/input/datasets/sabersakin/brainmri/Datasest Merged 1/Datasest Merged 1/meningioma/Te-me_0028.jpg,2
/kaggle/input/datasets/sabersakin/brainmri/Datasest Merged 1/Datasest Merged 1/meningioma/image(65).jpg,/kaggle/input/datasets/sabersakin/brainmri/Datasest Merged 1/Datasest Merged 1/meningioma/Tr-me_0254.jpg,0
/kaggle/input/datasets/sabersakin/brainmri/Datasest Merged 1/Datasest Merged 1/meningioma/image(65).jpg,/kaggle/input/datasets/sabersakin/brainmri/Datasest Merged 1/Datasest Merged 1/meningioma/image(21).jpg,2
/kaggle/input/datasets/sabersakin/brainmri/Datasest Merged 1/Datasest Merged 1/meningioma/image(65).jpg,/kaggle/input/datasets/sabersakin/brainmri/Datasest Merged 1/Datasest Merged 1/meningioma/m1(131).jpg,2
/kaggle/input/datasets/sabersakin/brainmri/Datasest Merged 1/Datasest Merged 1/meningioma/image(65).jpg,/kaggle/input/datasets/sabersakin/brainmri/Datasest Merged 1/Datasest Merged 1/meningioma/Tr-me_0208.jpg,2
/kaggle/input/datasets/sabersakin/brainmri/Datasest Merged 1/Datasest Merged 1/meningioma/image(65).jpg,/kaggle/input/datasets/sabersakin/brainmri/Datasest Merged 1/Datasest Merged 1/meningioma/Te-me_0076.jpg,0
/kaggle/input/datasets/sabersakin/brainmri/Datasest Merged 1/Datasest Merged 1/notumor/Tr-no_0773.jpg,/kaggle/input/datasets/sabersakin/brainmri/Datasest Merged 1/Datasest Merged 1/notumor/Te-no_0161.jpg,4
/kaggle/input/datasets/sabersakin/brainmri/Datasest Merged 1/Datasest Merged 1/notumor/Tr-no_0773.jpg,/kaggle/input/datasets/sabersakin/brainmri/Datasest Merged 1/Datasest Merged 1/notumor/Tr-no_1121.jpg,4
/kaggle/input/datasets/sabersakin/brainmri/Datasest Merged 1/Datasest Merged 1/notumor/Tr-no_0773.jpg,/kaggle/input/datasets/sabersakin/brainmri/Datasest Merged 1/Datasest Merged 1/notumor/Tr-no_0542.jpg,4
/kaggle/input/datasets/sabersakin/brainmri/Datasest Merged 1/Datasest Merged 1/notumor/Tr-no_0773.jpg,/kaggle/input/datasets/sabersakin/brainmri/Datasest Merged 1/Datasest Merged 1/notumor/Tr-no_1223.jpg,4
/kaggle/input/datasets/sabersakin/brainmri/Datasest Merged 1/Datasest Merged 1/notumor/Tr-no_0773.jpg,/kaggle/input/datasets/sabersakin/brainmri/Datasest Merged 1/Datasest Merged 1/notumor/Tr-no_0543.jpg,2
/kaggle/input/datasets/sabersakin/brainmri/Datasest Merged 1/Datasest Merged 1/notumor/image(216).jpg,/kaggle/input/datasets/sabersakin/brainmri/Datasest Merged 1/Datasest Merged 1/notumor/Tr-no_0198.jpg,0
/kaggle/input/datasets/sabersakin/brainmri/Datasest Merged 1/Datasest Merged 1/notumor/Tr-no_0800.jpg,/kaggle/input/datasets/sabersakin/brainmri/Datasest Merged 1/Datasest Merged 1/notumor/Tr-no_1256.jpg,4
/kaggle/input/datasets/sabersakin/brainmri/Datasest Merged 1/Datasest Merged 1/notumor/Tr-no_0800.jpg,/kaggle/input/datasets/sabersakin/brainmri/Datasest Merged 1/Datasest Merged 1/notumor/Te-no_0172.jpg,4
/kaggle/input/datasets/sabersakin/brainmri/Datasest Merged 1/Datasest Merged 1/notumor/Tr-no_0800.jpg,/kaggle/input/datasets/sabersakin/brainmri/Datasest Merged 1/Datasest Merged 1/notumor/Tr-no_0501.jpg,4
/kaggle/input/datasets/sabersakin/brainmri/Datasest Merged 1/Datasest Merged 1/glioma/1136.jpg,/kaggle/input/datasets/sabersakin/brainmri/Datasest Merged 1/Datasest Merged 1/glioma/1135.jpg,4
/kaggle/input/datasets/sabersakin/brainmri/Datasest Merged 1/Datasest Merged 1/glioma/1252.jpg,/kaggle/input/datasets/sabersakin/brainmri/Datasest Merged 1/Datasest Merged 1/glioma/1253.jpg,4
/kaggle/input/datasets/sabersakin/brainmri/Datasest Merged 1/Datasest Merged 1/meningioma/Tr-me_0097.jpg,/kaggle/input/datasets/sabersakin/brainmri/Datasest Merged 1/Datasest Merged 1/meningioma/m (28).jpg,4
/kaggle/input/datasets/sabersakin/brainmri/Datasest Merged 1/Datasest Merged 1/meningioma/Tr-me_0097.jpg,/kaggle/input/datasets/sabersakin/brainmri/Datasest Merged 1/Datasest Merged 1/meningioma/m (29).jpg,0
/kaggle/input/datasets/sabersakin/brainmri/Datasest Merged 1/Datasest Merged 1/meningioma/m1(181).jpg,/kaggle/input/datasets/sabersakin/brainmri/Datasest Merged 1/Datasest Merged 1/meningioma/image(71).jpg,0
/kaggle/input/datasets/sabersakin/brainmri/Datasest Merged 1/Datasest Merged 1/meningioma/m1(181).jpg,/kaggle/input/datasets/sabersakin/brainmri/Datasest Merged 1/Datasest Merged 1/meningioma/Tr-me_0260.jpg,0
/kaggle/input/datasets/sabersakin/brainmri/Datasest Merged 1/Datasest Merged 1/notumor/Tr-no_0416.jpg,/kaggle/input/datasets/sabersakin/brainmri/Datasest Merged 1/Datasest Merged 1/notumor/Tr-no_1289.jpg,4
/kaggle/input/datasets/sabersakin/brainmri/Datasest Merged 1/Datasest Merged 1/notumor/Tr-no_0416.jpg,/kaggle/input/datasets/sabersakin/brainmri/Datasest Merged 1/Datasest Merged 1/notumor/Tr-no_0918.jpg,4
/kaggle/input/datasets/sabersakin/brainmri/Datasest Merged 1/Datasest Merged 1/notumor/Tr-no_0416.jpg,/kaggle/input/datasets/sabersakin/brainmri/Datasest Merged 1/Datasest Merged 1/notumor/Tr-no_1558.jpg,0
/kaggle/input/datasets/sabersakin/brainmri/Datasest Merged 1/Datasest Merged 1/notumor/Tr-no_0416.jpg,/kaggle/input/datasets/sabersakin/brainmri/Datasest Merged 1/Datasest Merged 1/notumor/Te-no_0338.jpg,0
/kaggle/input/datasets/sabersakin/brainmri/Datasest Merged 1/Datasest Merged 1/pituitary/Tr-pi_0172.jpg,/kaggle/input/datasets/sabersakin/brainmri/Datasest Merged 1/Datasest Merged 1/pituitary/p (254).jpg,0
/kaggle/input/datasets/sabersakin/brainmri/Datasest Merged 1/Datasest Merged 1/meningioma/Tr-me_0314.jpg,/kaggle/input/datasets/sabersakin/brainmri/Datasest Merged 1/Datasest Merged 1/meningioma/Te-me_0109.jpg,0
/kaggle/input/datasets/sabersakin/brainmri/Datasest Merged 1/Datasest Merged 1/meningioma/Tr-me_0314.jpg,/kaggle/input/datasets/sabersakin/brainmri/Datasest Merged 1/Datasest Merged 1/meningioma/image(95).jpg,0
/kaggle/input/datasets/sabersakin/brainmri/Datasest Merged 1/Datasest Merged 1/meningioma/Tr-me_0314.jpg,/kaggle/input/datasets/sabersakin/brainmri/Datasest Merged 1/Datasest Merged 1/meningioma/m1(5).jpg,0
/kaggle/input/datasets/sabersakin/brainmri/Datasest Merged 1/Datasest Merged 1/pituitary/p (448).jpg,/kaggle/input/datasets/sabersakin/brainmri/Datasest Merged 1/Datasest Merged 1/pituitary/Tr-pi_0387.jpg,0
/kaggle/input/datasets/sabersakin/brainmri/Datasest Merged 1/Datasest Merged 1/pituitary/Tr-pi_1152.jpg,/kaggle/input/datasets/sabersakin/brainmri/Datasest Merged 1/Datasest Merged 1/pituitary/Te-pi_0200.jpg,2
/kaggle/input/datasets/sabersakin/brainmri/Datasest Merged 1/Datasest Merged 1/pituitary/Tr-pi_1152.jpg,/kaggle/input/datasets/sabersakin/brainmri/Datasest Merged 1/Datasest Merged 1/pituitary/Tr-pi_1151.jpg,4
/kaggle/input/datasets/sabersakin/brainmri/Datasest Merged 1/Datasest Merged 1/pituitary/Tr-pi_1152.jpg,/kaggle/input/datasets/sabersakin/brainmri/Datasest Merged 1/Datasest Merged 1/pituitary/Tr-pi_1154.jpg,4
/kaggle/input/datasets/sabersakin/brainmri/Datasest Merged 1/Datasest Merged 1/notumor/Te-no_0171.jpg,/kaggle/input/datasets/sabersakin/brainmri/Datasest Merged 1/Datasest Merged 1/notumor/7.jpg,2
/kaggle/input/datasets/sabersakin/brainmri/Datasest Merged 1/Datasest Merged 1/notumor/Te-no_0171.jpg,/kaggle/input/datasets/sabersakin/brainmri/Datasest Merged 1/Datasest Merged 1/notumor/Tr-no_0692.jpg,0
/kaggle/input/datasets/sabersakin/brainmri/Datasest Merged 1/Datasest Merged 1/notumor/Te-no_0171.jpg,/kaggle/input/datasets/sabersakin/brainmri/Datasest Merged 1/Datasest Merged 1/notumor/Tr-no_0748.jpg,0
/kaggle/input/datasets/sabersakin/brainmri/Datasest Merged 1/Datasest Merged 1/notumor/Te-no_0171.jpg,/kaggle/input/datasets/sabersakin/brainmri/Datasest Merged 1/Datasest Merged 1/notumor/Tr-no_1054.jpg,0
/kaggle/input/datasets/sabersakin/brainmri/Datasest Merged 1/Datasest Merged 1/notumor/Te-no_0171.jpg,/kaggle/input/datasets/sabersakin/brainmri/Datasest Merged 1/Datasest Merged 1/notumor/Tr-no_1191.jpg,0
/kaggle/input/datasets/sabersakin/brainmri/Datasest Merged 1/Datasest Merged 1/notumor/Te-no_0171.jpg,/kaggle/input/datasets/sabersakin/brainmri/Datasest Merged 1/Datasest Merged 1/notumor/Tr-no_0797.jpg,2
/kaggle/input/datasets/sabersakin/brainmri/Datasest Merged 1/Datasest Merged 1/notumor/Te-no_0171.jpg,/kaggle/input/datasets/sabersakin/brainmri/Datasest Merged 1/Datasest Merged 1/notumor/Tr-noTr_0006.jpg,2
/kaggle/input/datasets/sabersakin/brainmri/Datasest Merged 1/Datasest Merged 1/notumor/Tr-no_0253.jpg,/kaggle/input/datasets/sabersakin/brainmri/Datasest Merged 1/Datasest Merged 1/notumor/image(100).jpg,0
/kaggle/input/datasets/sabersakin/brainmri/Datasest Merged 1/Datasest Merged 1/notumor/Tr-no_0253.jpg,/kaggle/input/datasets/sabersakin/brainmri/Datasest Merged 1/Datasest Merged 1/notumor/Te-noTr_0002.jpg,0
/kaggle/input/datasets/sabersakin/brainmri/Datasest Merged 1/Datasest Merged 1/notumor/Tr-no_0253.jpg,/kaggle/input/datasets/sabersakin/brainmri/Datasest Merged 1/Datasest Merged 1/notumor/image(266).jpg,0
/kaggle/input/datasets/sabersakin/brainmri/Datasest Merged 1/Datasest Merged 1/glioma/gg (484).jpg,/kaggle/input/datasets/sabersakin/brainmri/Datasest Merged 1/Datasest Merged 1/glioma/Tr-gl_0053.jpg,0
/kaggle/input/datasets/sabersakin/brainmri/Datasest Merged 1/Datasest Merged 1/meningioma/m1(185).jpg,/kaggle/input/datasets/sabersakin/brainmri/Datasest Merged 1/Datasest Merged 1/meningioma/Tr-me_0264.jpg,0
/kaggle/input/datasets/sabersakin/brainmri/Datasest Merged 1/Datasest Merged 1/meningioma/m1(185).jpg,/kaggle/input/datasets/sabersakin/brainmri/Datasest Merged 1/Datasest Merged 1/meningioma/Te-me_0087.jpg,0
/kaggle/input/datasets/sabersakin/brainmri/Datasest Merged 1/Datasest Merged 1/meningioma/m1(185).jpg,/kaggle/input/datasets/sabersakin/brainmri/Datasest Merged 1/Datasest Merged 1/meningioma/image(75).jpg,0
/kaggle/input/datasets/sabersakin/brainmri/Datasest Merged 1/Datasest Merged 1/notumor/image(313).jpg,/kaggle/input/datasets/sabersakin/brainmri/Datasest Merged 1/Datasest Merged 1/notumor/Tr-no_0306.jpg,0
/kaggle/input/datasets/sabersakin/brainmri/Datasest Merged 1/Datasest Merged 1/notumor/Te-no_0201.jpg,/kaggle/input/datasets/sabersakin/brainmri/Datasest Merged 1/Datasest Merged 1/notumor/Tr-no_1098.jpg,0
/kaggle/input/datasets/sabersakin/brainmri/Datasest Merged 1/Datasest Merged 1/notumor/Te-no_0201.jpg,/kaggle/input/datasets/sabersakin/brainmri/Datasest Merged 1/Datasest Merged 1/notumor/Tr-no_1023.jpg,0
/kaggle/input/datasets/sabersakin/brainmri/Datasest Merged 1/Datasest Merged 1/notumor/Te-no_0201.jpg,/kaggle/input/datasets/sabersakin/brainmri/Datasest Merged 1/Datasest Merged 1/notumor/Tr-no_0693.jpg,0
/kaggle/input/datasets/sabersakin/brainmri/Datasest Merged 1/Datasest Merged 1/meningioma/m2 (48).jpg,/kaggle/input/datasets/sabersakin/brainmri/Datasest Merged 1/Datasest Merged 1/meningioma/Tr-me_0488.jpg,0
/kaggle/input/datasets/sabersakin/brainmri/Datasest Merged 1/Datasest Merged 1/pituitary/p (577).jpg,/kaggle/input/datasets/sabersakin/brainmri/Datasest Merged 1/Datasest Merged 1/pituitary/p (576).jpg,4
/kaggle/input/datasets/sabersakin/brainmri/Datasest Merged 1/Datasest Merged 1/pituitary/p (577).jpg,/kaggle/input/datasets/sabersakin/brainmri/Datasest Merged 1/Datasest Merged 1/pituitary/Tr-pi_0525.jpg,4
/kaggle/input/datasets/sabersakin/brainmri/Datasest Merged 1/Datasest Merged 1/pituitary/p (577).jpg,/kaggle/input/datasets/sabersakin/brainmri/Datasest Merged 1/Datasest Merged 1/pituitary/p (575).jpg,4
/kaggle/input/datasets/sabersakin/brainmri/Datasest Merged 1/Datasest Merged 1/pituitary/p (577).jpg,/kaggle/input/datasets/sabersakin/brainmri/Datasest Merged 1/Datasest Merged 1/pituitary/Tr-pi_0524.jpg,4
/kaggle/input/datasets/sabersakin/brainmri/Datasest Merged 1/Datasest Merged 1/pituitary/Tr-pi_0274.jpg,/kaggle/input/datasets/sabersakin/brainmri/Datasest Merged 1/Datasest Merged 1/pituitary/p (346).jpg,0
/kaggle/input/datasets/sabersakin/brainmri/Datasest Merged 1/Datasest Merged 1/glioma/Tr-gl_0078.jpg,/kaggle/input/datasets/sabersakin/brainmri/Datasest Merged 1/Datasest Merged 1/glioma/gg (602).jpg,0
/kaggle/input/datasets/sabersakin/brainmri/Datasest Merged 1/Datasest Merged 1/notumor/image(306).jpg,/kaggle/input/datasets/sabersakin/brainmri/Datasest Merged 1/Datasest Merged 1/notumor/Tr-no_0024.jpg,0
/kaggle/input/datasets/sabersakin/brainmri/Datasest Merged 1/Datasest Merged 1/notumor/image(306).jpg,/kaggle/input/datasets/sabersakin/brainmri/Datasest Merged 1/Datasest Merged 1/notumor/Tr-no_1298.jpg,2
/kaggle/input/datasets/sabersakin/brainmri/Datasest Merged 1/Datasest Merged 1/notumor/image(306).jpg,/kaggle/input/datasets/sabersakin/brainmri/Datasest Merged 1/Datasest Merged 1/notumor/Tr-no_1249.jpg,2
/kaggle/input/datasets/sabersakin/brainmri/Datasest Merged 1/Datasest Merged 1/notumor/image(306).jpg,/kaggle/input/datasets/sabersakin/brainmri/Datasest Merged 1/Datasest Merged 1/notumor/Tr-no_0568.jpg,2
/kaggle/input/datasets/sabersakin/brainmri/Datasest Merged 1/Datasest Merged 1/notumor/image(306).jpg,/kaggle/input/datasets/sabersakin/brainmri/Datasest Merged 1/Datasest Merged 1/notumor/Tr-no_0231.jpg,0
/kaggle/input/datasets/sabersakin/brainmri/Datasest Merged 1/Datasest Merged 1/notumor/image(306).jpg,/kaggle/input/datasets/sabersakin/brainmri/Datasest Merged 1/Datasest Merged 1/notumor/Tr-no_0012.jpg,0
/kaggle/input/datasets/sabersakin/brainmri/Datasest Merged 1/Datasest Merged 1/notumor/image(306).jpg,/kaggle/input/datasets/sabersakin/brainmri/Datasest Merged 1/Datasest Merged 1/notumor/Tr-no_1160.jpg,2
/kaggle/input/datasets/sabersakin/brainmri/Datasest Merged 1/Datasest Merged 1/notumor/image(306).jpg,/kaggle/input/datasets/sabersakin/brainmri/Datasest Merged 1/Datasest Merged 1/notumor/Tr-no_0298.jpg,0
/kaggle/input/datasets/sabersakin/brainmri/Datasest Merged 1/Datasest Merged 1/notumor/image(306).jpg,/kaggle/input/datasets/sabersakin/brainmri/Datasest Merged 1/Datasest Merged 1/notumor/image(215).jpg,2
/kaggle/input/datasets/sabersakin/brainmri/Datasest Merged 1/Datasest Merged 1/notumor/image(306).jpg,/kaggle/input/datasets/sabersakin/brainmri/Datasest Merged 1/Datasest Merged 1/notumor/Tr-no_1131.jpg,0
/kaggle/input/datasets/sabersakin/brainmri/Datasest Merged 1/Datasest Merged 1/notumor/image(306).jpg,/kaggle/input/datasets/sabersakin/brainmri/Datasest Merged 1/Datasest Merged 1/notumor/image (13).jpg,0
/kaggle/input/datasets/sabersakin/brainmri/Datasest Merged 1/Datasest Merged 1/notumor/image(306).jpg,/kaggle/input/datasets/sabersakin/brainmri/Datasest Merged 1/Datasest Merged 1/notumor/Tr-no_0921.jpg,2
/kaggle/input/datasets/sabersakin/brainmri/Datasest Merged 1/Datasest Merged 1/notumor/image(306).jpg,/kaggle/input/datasets/sabersakin/brainmri/Datasest Merged 1/Datasest Merged 1/notumor/Tr-no_0792.jpg,4
/kaggle/input/datasets/sabersakin/brainmri/Datasest Merged 1/Datasest Merged 1/notumor/image(306).jpg,/kaggle/input/datasets/sabersakin/brainmri/Datasest Merged 1/Datasest Merged 1/notumor/image (26).jpg,0
/kaggle/input/datasets/sabersakin/brainmri/Datasest Merged 1/Datasest Merged 1/notumor/image(306).jpg,/kaggle/input/datasets/sabersakin/brainmri/Datasest Merged 1/Datasest Merged 1/notumor/Tr-no_0197.jpg,2
/kaggle/input/datasets/sabersakin/brainmri/Datasest Merged 1/Datasest Merged 1/notumor/image(306).jpg,/kaggle/input/datasets/sabersakin/brainmri/Datasest Merged 1/Datasest Merged 1/notumor/Te-no_0167.jpg,2
/kaggle/input/datasets/sabersakin/brainmri/Datasest Merged 1/Datasest Merged 1/notumor/image(306).jpg,/kaggle/input/datasets/sabersakin/brainmri/Datasest Merged 1/Datasest Merged 1/notumor/Tr-no_0276.jpg,2
/kaggle/input/datasets/sabersakin/brainmri/Datasest Merged 1/Datasest Merged 1/notumor/image(306).jpg,/kaggle/input/datasets/sabersakin/brainmri/Datasest Merged 1/Datasest Merged 1/notumor/Tr-no_1041.jpg,2
/kaggle/input/datasets/sabersakin/brainmri/Datasest Merged 1/Datasest Merged 1/notumor/image(306).jpg,/kaggle/input/datasets/sabersakin/brainmri/Datasest Merged 1/Datasest Merged 1/notumor/Tr-no_0011.jpg,0
/kaggle/input/datasets/sabersakin/brainmri/Datasest Merged 1/Datasest Merged 1/glioma/Tr-gl_0294.jpg,/kaggle/input/datasets/sabersakin/brainmri/Datasest Merged 1/Datasest Merged 1/glioma/Tr-gl_0295.jpg,4
/kaggle/input/datasets/sabersakin/brainmri/Datasest Merged 1/Datasest Merged 1/glioma/Tr-gl_0294.jpg,/kaggle/input/datasets/sabersakin/brainmri/Datasest Merged 1/Datasest Merged 1/glioma/Tr-gl_0293.jpg,2
/kaggle/input/datasets/sabersakin/brainmri/Datasest Merged 1/Datasest Merged 1/pituitary/p (649).jpg,/kaggle/input/datasets/sabersakin/brainmri/Datasest Merged 1/Datasest Merged 1/pituitary/Te-pi_0022.jpg,0
/kaggle/input/datasets/sabersakin/brainmri/Datasest Merged 1/Datasest Merged 1/pituitary/2253.jpg,/kaggle/input/datasets/sabersakin/brainmri/Datasest Merged 1/Datasest Merged 1/pituitary/2252.jpg,4
/kaggle/input/datasets/sabersakin/brainmri/Datasest Merged 1/Datasest Merged 1/meningioma/Tr-me_0386.jpg,/kaggle/input/datasets/sabersakin/brainmri/Datasest Merged 1/Datasest Merged 1/meningioma/m2 (115).jpg,0
/kaggle/input/datasets/sabersakin/brainmri/Datasest Merged 1/Datasest Merged 1/glioma/Tr-gl_0358.jpg,/kaggle/input/datasets/sabersakin/brainmri/Datasest Merged 1/Datasest Merged 1/glioma/Tr-gl_0359.jpg,4
/kaggle/input/datasets/sabersakin/brainmri/Datasest Merged 1/Datasest Merged 1/meningioma/Tr-me_0574.jpg,/kaggle/input/datasets/sabersakin/brainmri/Datasest Merged 1/Datasest Merged 1/meningioma/Tr-me_0573.jpg,2
/kaggle/input/datasets/sabersakin/brainmri/Datasest Merged 1/Datasest Merged 1/meningioma/Tr-me_0574.jpg,/kaggle/input/datasets/sabersakin/brainmri/Datasest Merged 1/Datasest Merged 1/meningioma/m3 (124).jpg,2
/kaggle/input/datasets/sabersakin/brainmri/Datasest Merged 1/Datasest Merged 1/meningioma/Tr-me_0574.jpg,/kaggle/input/datasets/sabersakin/brainmri/Datasest Merged 1/Datasest Merged 1/meningioma/m3 (125).jpg,0
/kaggle/input/datasets/sabersakin/brainmri/Datasest Merged 1/Datasest Merged 1/notumor/Tr-no_0601.jpg,/kaggle/input/datasets/sabersakin/brainmri/Datasest Merged 1/Datasest Merged 1/notumor/Tr-no_1442.jpg,0
/kaggle/input/datasets/sabersakin/brainmri/Datasest Merged 1/Datasest Merged 1/notumor/Tr-no_0606.jpg,/kaggle/input/datasets/sabersakin/brainmri/Datasest Merged 1/Datasest Merged 1/notumor/Tr-no_1369.jpg,0
/kaggle/input/datasets/sabersakin/brainmri/Datasest Merged 1/Datasest Merged 1/notumor/Tr-no_0606.jpg,/kaggle/input/datasets/sabersakin/brainmri/Datasest Merged 1/Datasest Merged 1/notumor/Tr-no_1591.jpg,2
/kaggle/input/datasets/sabersakin/brainmri/Datasest Merged 1/Datasest Merged 1/notumor/Tr-no_0606.jpg,/kaggle/input/datasets/sabersakin/brainmri/Datasest Merged 1/Datasest Merged 1/notumor/Tr-no_1447.jpg,0
/kaggle/input/datasets/sabersakin/brainmri/Datasest Merged 1/Datasest Merged 1/meningioma/image(48).jpg,/kaggle/input/datasets/sabersakin/brainmri/Datasest Merged 1/Datasest Merged 1/meningioma/m1(158).jpg,0
/kaggle/input/datasets/sabersakin/brainmri/Datasest Merged 1/Datasest Merged 1/meningioma/image(48).jpg,/kaggle/input/datasets/sabersakin/brainmri/Datasest Merged 1/Datasest Merged 1/meningioma/Tr-me_0236.jpg,0
/kaggle/input/datasets/sabersakin/brainmri/Datasest Merged 1/Datasest Merged 1/glioma/Tr-gl_1206.jpg,/kaggle/input/datasets/sabersakin/brainmri/Datasest Merged 1/Datasest Merged 1/glioma/Te-gl_0256.jpg,4
/kaggle/input/datasets/sabersakin/brainmri/Datasest Merged 1/Datasest Merged 1/pituitary/Tr-pi_0154.jpg,/kaggle/input/datasets/sabersakin/brainmri/Datasest Merged 1/Datasest Merged 1/pituitary/p (116).jpg,4
/kaggle/input/datasets/sabersakin/brainmri/Datasest Merged 1/Datasest Merged 1/pituitary/Tr-pi_0154.jpg,/kaggle/input/datasets/sabersakin/brainmri/Datasest Merged 1/Datasest Merged 1/pituitary/Tr-pi_0019.jpg,4
/kaggle/input/datasets/sabersakin/brainmri/Datasest Merged 1/Datasest Merged 1/pituitary/Tr-pi_0154.jpg,/kaggle/input/datasets/sabersakin/brainmri/Datasest Merged 1/Datasest Merged 1/pituitary/p (238).jpg,0
/kaggle/input/datasets/sabersakin/brainmri/Datasest Merged 1/Datasest Merged 1/notumor/Tr-no_1499.jpg,/kaggle/input/datasets/sabersakin/brainmri/Datasest Merged 1/Datasest Merged 1/notumor/Tr-no_1401.jpg,2
/kaggle/input/datasets/sabersakin/brainmri/Datasest Merged 1/Datasest Merged 1/notumor/Tr-no_1499.jpg,/kaggle/input/datasets/sabersakin/brainmri/Datasest Merged 1/Datasest Merged 1/notumor/Tr-no_1293.jpg,0
/kaggle/input/datasets/sabersakin/brainmri/Datasest Merged 1/Datasest Merged 1/notumor/Tr-no_1499.jpg,/kaggle/input/datasets/sabersakin/brainmri/Datasest Merged 1/Datasest Merged 1/notumor/Te-no_0121.jpg,2
/kaggle/input/datasets/sabersakin/brainmri/Datasest Merged 1/Datasest Merged 1/notumor/Tr-no_1499.jpg,/kaggle/input/datasets/sabersakin/brainmri/Datasest Merged 1/Datasest Merged 1/notumor/Tr-no_0925.jpg,2
/kaggle/input/datasets/sabersakin/brainmri/Datasest Merged 1/Datasest Merged 1/notumor/Tr-no_1499.jpg,/kaggle/input/datasets/sabersakin/brainmri/Datasest Merged 1/Datasest Merged 1/notumor/Tr-no_1562.jpg,2
/kaggle/input/datasets/sabersakin/brainmri/Datasest Merged 1/Datasest Merged 1/meningioma/Tr-me_0443.jpg,/kaggle/input/datasets/sabersakin/brainmri/Datasest Merged 1/Datasest Merged 1/meningioma/m2 (167).jpg,0
/kaggle/input/datasets/sabersakin/brainmri/Datasest Merged 1/Datasest Merged 1/pituitary/p (617).jpg,/kaggle/input/datasets/sabersakin/brainmri/Datasest Merged 1/Datasest Merged 1/pituitary/Te-pi_0014.jpg,0
/kaggle/input/datasets/sabersakin/brainmri/Datasest Merged 1/Datasest Merged 1/glioma/gg (492).jpg,/kaggle/input/datasets/sabersakin/brainmri/Datasest Merged 1/Datasest Merged 1/glioma/Tr-gl_0055.jpg,0
/kaggle/input/datasets/sabersakin/brainmri/Datasest Merged 1/Datasest Merged 1/glioma/Tr-gl_0257.jpg,/kaggle/input/datasets/sabersakin/brainmri/Datasest Merged 1/Datasest Merged 1/glioma/Tr-gl_0259.jpg,4
/kaggle/input/datasets/sabersakin/brainmri/Datasest Merged 1/Datasest Merged 1/meningioma/m2 (105).jpg,/kaggle/input/datasets/sabersakin/brainmri/Datasest Merged 1/Datasest Merged 1/meningioma/Tr-me_0375.jpg,0
/kaggle/input/datasets/sabersakin/brainmri/Datasest Merged 1/Datasest Merged 1/glioma/1026.jpg,/kaggle/input/datasets/sabersakin/brainmri/Datasest Merged 1/Datasest Merged 1/glioma/1025.jpg,2
/kaggle/input/datasets/sabersakin/brainmri/Datasest Merged 1/Datasest Merged 1/glioma/1026.jpg,/kaggle/input/datasets/sabersakin/brainmri/Datasest Merged 1/Datasest Merged 1/glioma/1027.jpg,2
/kaggle/input/datasets/sabersakin/brainmri/Datasest Merged 1/Datasest Merged 1/pituitary/Tr-pi_0389.jpg,/kaggle/input/datasets/sabersakin/brainmri/Datasest Merged 1/Datasest Merged 1/pituitary/p (45).jpg,0
/kaggle/input/datasets/sabersakin/brainmri/Datasest Merged 1/Datasest Merged 1/glioma/gg (799).jpg,/kaggle/input/datasets/sabersakin/brainmri/Datasest Merged 1/Datasest Merged 1/glioma/Tr-gl_0115.jpg,0
/kaggle/input/datasets/sabersakin/brainmri/Datasest Merged 1/Datasest Merged 1/glioma/gg (799).jpg,/kaggle/input/datasets/sabersakin/brainmri/Datasest Merged 1/Datasest Merged 1/glioma/gg (798).jpg,4
/kaggle/input/datasets/sabersakin/brainmri/Datasest Merged 1/Datasest Merged 1/pituitary/p (214).jpg,/kaggle/input/datasets/sabersakin/brainmri/Datasest Merged 1/Datasest Merged 1/pituitary/Tr-pi_0128.jpg,0
/kaggle/input/datasets/sabersakin/brainmri/Datasest Merged 1/Datasest Merged 1/meningioma/Tr-me_1040.jpg,/kaggle/input/datasets/sabersakin/brainmri/Datasest Merged 1/Datasest Merged 1/meningioma/Tr-me_1041.jpg,4
/kaggle/input/datasets/sabersakin/brainmri/Datasest Merged 1/Datasest Merged 1/pituitary/p (586).jpg,/kaggle/input/datasets/sabersakin/brainmri/Datasest Merged 1/Datasest Merged 1/pituitary/p (585).jpg,0
/kaggle/input/datasets/sabersakin/brainmri/Datasest Merged 1/Datasest Merged 1/pituitary/p (586).jpg,/kaggle/input/datasets/sabersakin/brainmri/Datasest Merged 1/Datasest Merged 1/pituitary/Tr-pi_0532.jpg,4
/kaggle/input/datasets/sabersakin/brainmri/Datasest Merged 1/Datasest Merged 1/pituitary/p (586).jpg,/kaggle/input/datasets/sabersakin/brainmri/Datasest Merged 1/Datasest Merged 1/pituitary/Tr-pi_0534.jpg,2
/kaggle/input/datasets/sabersakin/brainmri/Datasest Merged 1/Datasest Merged 1/pituitary/p (586).jpg,/kaggle/input/datasets/sabersakin/brainmri/Datasest Merged 1/Datasest Merged 1/pituitary/Te-piTr_0006.jpg,0
/kaggle/input/datasets/sabersakin/brainmri/Datasest Merged 1/Datasest Merged 1/pituitary/p (586).jpg,/kaggle/input/datasets/sabersakin/brainmri/Datasest Merged 1/Datasest Merged 1/pituitary/Tr-pi_0533.jpg,0
/kaggle/input/datasets/sabersakin/brainmri/Datasest Merged 1/Datasest Merged 1/pituitary/p (586).jpg,/kaggle/input/datasets/sabersakin/brainmri/Datasest Merged 1/Datasest Merged 1/pituitary/p (587).jpg,2
/kaggle/input/datasets/sabersakin/brainmri/Datasest Merged 1/Datasest Merged 1/pituitary/p (586).jpg,/kaggle/input/datasets/sabersakin/brainmri/Datasest Merged 1/Datasest Merged 1/pituitary/p (584).jpg,4
/kaggle/input/datasets/sabersakin/brainmri/Datasest Merged 1/Datasest Merged 1/pituitary/2570.jpg,/kaggle/input/datasets/sabersakin/brainmri/Datasest Merged 1/Datasest Merged 1/pituitary/2571.jpg,4
/kaggle/input/datasets/sabersakin/brainmri/Datasest Merged 1/Datasest Merged 1/notumor/Tr-no_1330.jpg,/kaggle/input/datasets/sabersakin/brainmri/Datasest Merged 1/Datasest Merged 1/notumor/Te-no_0138.jpg,2
/kaggle/input/datasets/sabersakin/brainmri/Datasest Merged 1/Datasest Merged 1/notumor/Tr-no_1330.jpg,/kaggle/input/datasets/sabersakin/brainmri/Datasest Merged 1/Datasest Merged 1/notumor/Tr-no_0473.jpg,0
/kaggle/input/datasets/sabersakin/brainmri/Datasest Merged 1/Datasest Merged 1/notumor/Tr-no_1330.jpg,/kaggle/input/datasets/sabersakin/brainmri/Datasest Merged 1/Datasest Merged 1/notumor/Tr-no_0855.jpg,2
/kaggle/input/datasets/sabersakin/brainmri/Datasest Merged 1/Datasest Merged 1/notumor/Tr-no_1330.jpg,/kaggle/input/datasets/sabersakin/brainmri/Datasest Merged 1/Datasest Merged 1/notumor/Tr-no_1433.jpg,2
/kaggle/input/datasets/sabersakin/brainmri/Datasest Merged 1/Datasest Merged 1/meningioma/Tr-me_0462.jpg,/kaggle/input/datasets/sabersakin/brainmri/Datasest Merged 1/Datasest Merged 1/meningioma/m2 (25).jpg,4
/kaggle/input/datasets/sabersakin/brainmri/Datasest Merged 1/Datasest Merged 1/meningioma/Tr-me_0462.jpg,/kaggle/input/datasets/sabersakin/brainmri/Datasest Merged 1/Datasest Merged 1/meningioma/m2 (24).jpg,0
/kaggle/input/datasets/sabersakin/brainmri/Datasest Merged 1/Datasest Merged 1/meningioma/Tr-me_0462.jpg,/kaggle/input/datasets/sabersakin/brainmri/Datasest Merged 1/Datasest Merged 1/meningioma/Tr-me_0463.jpg,4
/kaggle/input/datasets/sabersakin/brainmri/Datasest Merged 1/Datasest Merged 1/pituitary/Tr-pi_0354.jpg,/kaggle/input/datasets/sabersakin/brainmri/Datasest Merged 1/Datasest Merged 1/pituitary/p (418).jpg,0
/kaggle/input/datasets/sabersakin/brainmri/Datasest Merged 1/Datasest Merged 1/pituitary/Tr-pi_0354.jpg,/kaggle/input/datasets/sabersakin/brainmri/Datasest Merged 1/Datasest Merged 1/pituitary/p (417).jpg,4
/kaggle/input/datasets/sabersakin/brainmri/Datasest Merged 1/Datasest Merged 1/pituitary/Tr-pi_0354.jpg,/kaggle/input/datasets/sabersakin/brainmri/Datasest Merged 1/Datasest Merged 1/pituitary/Tr-pi_0353.jpg,4
/kaggle/input/datasets/sabersakin/brainmri/Datasest Merged 1/Datasest Merged 1/glioma/Tr-gl_1240.jpg,/kaggle/input/datasets/sabersakin/brainmri/Datasest Merged 1/Datasest Merged 1/glioma/Tr-gl_1241.jpg,4
/kaggle/input/datasets/sabersakin/brainmri/Datasest Merged 1/Datasest Merged 1/pituitary/p (441).jpg,/kaggle/input/datasets/sabersakin/brainmri/Datasest Merged 1/Datasest Merged 1/pituitary/Tr-pi_0380.jpg,0
/kaggle/input/datasets/sabersakin/brainmri/Datasest Merged 1/Datasest Merged 1/glioma/Te-gl_0042.jpg,/kaggle/input/datasets/sabersakin/brainmri/Datasest Merged 1/Datasest Merged 1/glioma/gg (701).jpg,0
/kaggle/input/datasets/sabersakin/brainmri/Datasest Merged 1/Datasest Merged 1/pituitary/2547.jpg,/kaggle/input/datasets/sabersakin/brainmri/Datasest Merged 1/Datasest Merged 1/pituitary/2546.jpg,2
/kaggle/input/datasets/sabersakin/brainmri/Datasest Merged 1/Datasest Merged 1/notumor/Tr-no_0648.jpg,/kaggle/input/datasets/sabersakin/brainmri/Datasest Merged 1/Datasest Merged 1/notumor/Tr-no_0777.jpg,4
/kaggle/input/datasets/sabersakin/brainmri/Datasest Merged 1/Datasest Merged 1/notumor/Tr-no_0648.jpg,/kaggle/input/datasets/sabersakin/brainmri/Datasest Merged 1/Datasest Merged 1/notumor/Tr-no_0550.jpg,4
/kaggle/input/datasets/sabersakin/brainmri/Datasest Merged 1/Datasest Merged 1/notumor/Tr-no_0648.jpg,/kaggle/input/datasets/sabersakin/brainmri/Datasest Merged 1/Datasest Merged 1/notumor/Tr-no_0766.jpg,4
/kaggle/input/datasets/sabersakin/brainmri/Datasest Merged 1/Datasest Merged 1/meningioma/Tr-me_0365.jpg,/kaggle/input/datasets/sabersakin/brainmri/Datasest Merged 1/Datasest Merged 1/meningioma/Te-me_0113.jpg,2
/kaggle/input/datasets/sabersakin/brainmri/Datasest Merged 1/Datasest Merged 1/meningioma/Tr-me_0365.jpg,/kaggle/input/datasets/sabersakin/brainmri/Datasest Merged 1/Datasest Merged 1/meningioma/image(99).jpg,2
/kaggle/input/datasets/sabersakin/brainmri/Datasest Merged 1/Datasest Merged 1/meningioma/Tr-me_0365.jpg,/kaggle/input/datasets/sabersakin/brainmri/Datasest Merged 1/Datasest Merged 1/meningioma/Tr-me_0357.jpg,2
/kaggle/input/datasets/sabersakin/brainmri/Datasest Merged 1/Datasest Merged 1/meningioma/Tr-me_0365.jpg,/kaggle/input/datasets/sabersakin/brainmri/Datasest Merged 1/Datasest Merged 1/meningioma/m1(97).jpg,0
/kaggle/input/datasets/sabersakin/brainmri/Datasest Merged 1/Datasest Merged 1/glioma/gg (789).jpg,/kaggle/input/datasets/sabersakin/brainmri/Datasest Merged 1/Datasest Merged 1/glioma/Te-gl_0064.jpg,0
/kaggle/input/datasets/sabersakin/brainmri/Datasest Merged 1/Datasest Merged 1/glioma/gg (789).jpg,/kaggle/input/datasets/sabersakin/brainmri/Datasest Merged 1/Datasest Merged 1/glioma/gg (790).jpg,4
/kaggle/input/datasets/sabersakin/brainmri/Datasest Merged 1/Datasest Merged 1/pituitary/Tr-pi_1178.jpg,/kaggle/input/datasets/sabersakin/brainmri/Datasest Merged 1/Datasest Merged 1/pituitary/Tr-pi_1179.jpg,4
/kaggle/input/datasets/sabersakin/brainmri/Datasest Merged 1/Datasest Merged 1/glioma/gg (552).jpg,/kaggle/input/datasets/sabersakin/brainmri/Datasest Merged 1/Datasest Merged 1/glioma/gg (553).jpg,4
/kaggle/input/datasets/sabersakin/brainmri/Datasest Merged 1/Datasest Merged 1/glioma/gg (552).jpg,/kaggle/input/datasets/sabersakin/brainmri/Datasest Merged 1/Datasest Merged 1/glioma/Te-glTr_0005.jpg,4
/kaggle/input/datasets/sabersakin/brainmri/Datasest Merged 1/Datasest Merged 1/meningioma/Te-me_0048.jpg,/kaggle/input/datasets/sabersakin/brainmri/Datasest Merged 1/Datasest Merged 1/meningioma/m1(113).jpg,0
/kaggle/input/datasets/sabersakin/brainmri/Datasest Merged 1/Datasest Merged 1/meningioma/Te-me_0048.jpg,/kaggle/input/datasets/sabersakin/brainmri/Datasest Merged 1/Datasest Merged 1/meningioma/image(4).jpg,0
/kaggle/input/datasets/sabersakin/brainmri/Datasest Merged 1/Datasest Merged 1/meningioma/Te-me_0048.jpg,/kaggle/input/datasets/sabersakin/brainmri/Datasest Merged 1/Datasest Merged 1/meningioma/Tr-me_0189.jpg,0
/kaggle/input/datasets/sabersakin/brainmri/Datasest Merged 1/Datasest Merged 1/notumor/Te-no_0381.jpg,/kaggle/input/datasets/sabersakin/brainmri/Datasest Merged 1/Datasest Merged 1/notumor/Tr-no_1421.jpg,2
/kaggle/input/datasets/sabersakin/brainmri/Datasest Merged 1/Datasest Merged 1/notumor/Te-no_0381.jpg,/kaggle/input/datasets/sabersakin/brainmri/Datasest Merged 1/Datasest Merged 1/notumor/Tr-no_0622.jpg,0
/kaggle/input/datasets/sabersakin/brainmri/Datasest Merged 1/Datasest Merged 1/notumor/Te-no_0381.jpg,/kaggle/input/datasets/sabersakin/brainmri/Datasest Merged 1/Datasest Merged 1/notumor/Te-no_0130.jpg,0
/kaggle/input/datasets/sabersakin/brainmri/Datasest Merged 1/Datasest Merged 1/notumor/Te-no_0381.jpg,/kaggle/input/datasets/sabersakin/brainmri/Datasest Merged 1/Datasest Merged 1/notumor/Te-no_0151.jpg,2
/kaggle/input/datasets/sabersakin/brainmri/Datasest Merged 1/Datasest Merged 1/notumor/Te-no_0381.jpg,/kaggle/input/datasets/sabersakin/brainmri/Datasest Merged 1/Datasest Merged 1/notumor/Tr-no_1311.jpg,2
/kaggle/input/datasets/sabersakin/brainmri/Datasest Merged 1/Datasest Merged 1/notumor/Te-no_0381.jpg,/kaggle/input/datasets/sabersakin/brainmri/Datasest Merged 1/Datasest Merged 1/notumor/Tr-no_1530.jpg,0
/kaggle/input/datasets/sabersakin/brainmri/Datasest Merged 1/Datasest Merged 1/notumor/Te-no_0381.jpg,/kaggle/input/datasets/sabersakin/brainmri/Datasest Merged 1/Datasest Merged 1/notumor/Tr-no_0616.jpg,0
/kaggle/input/datasets/sabersakin/brainmri/Datasest Merged 1/Datasest Merged 1/glioma/1481.jpg,/kaggle/input/datasets/sabersakin/brainmri/Datasest Merged 1/Datasest Merged 1/glioma/1482.jpg,4
/kaggle/input/datasets/sabersakin/brainmri/Datasest Merged 1/Datasest Merged 1/notumor/Tr-no_0265.jpg,/kaggle/input/datasets/sabersakin/brainmri/Datasest Merged 1/Datasest Merged 1/notumor/image(277).jpg,0
/kaggle/input/datasets/sabersakin/brainmri/Datasest Merged 1/Datasest Merged 1/glioma/Te-gl_0277.jpg,/kaggle/input/datasets/sabersakin/brainmri/Datasest Merged 1/Datasest Merged 1/glioma/Tr-gl_1253.jpg,4
/kaggle/input/datasets/sabersakin/brainmri/Datasest Merged 1/Datasest Merged 1/notumor/Tr-no_1471.jpg,/kaggle/input/datasets/sabersakin/brainmri/Datasest Merged 1/Datasest Merged 1/notumor/Tr-no_0739.jpg,4
/kaggle/input/datasets/sabersakin/brainmri/Datasest Merged 1/Datasest Merged 1/notumor/Tr-no_0039.jpg,/kaggle/input/datasets/sabersakin/brainmri/Datasest Merged 1/Datasest Merged 1/notumor/Tr-no_0659.jpg,4
/kaggle/input/datasets/sabersakin/brainmri/Datasest Merged 1/Datasest Merged 1/notumor/Tr-no_0039.jpg,/kaggle/input/datasets/sabersakin/brainmri/Datasest Merged 1/Datasest Merged 1/notumor/Te-no_0227.jpg,0
/kaggle/input/datasets/sabersakin/brainmri/Datasest Merged 1/Datasest Merged 1/notumor/Tr-no_0039.jpg,/kaggle/input/datasets/sabersakin/brainmri/Datasest Merged 1/Datasest Merged 1/notumor/Tr-no_0344.jpg,2
/kaggle/input/datasets/sabersakin/brainmri/Datasest Merged 1/Datasest Merged 1/notumor/Tr-no_0039.jpg,/kaggle/input/datasets/sabersakin/brainmri/Datasest Merged 1/Datasest Merged 1/notumor/image(171).jpg,2
/kaggle/input/datasets/sabersakin/brainmri/Datasest Merged 1/Datasest Merged 1/notumor/Tr-no_0039.jpg,/kaggle/input/datasets/sabersakin/brainmri/Datasest Merged 1/Datasest Merged 1/notumor/Te-no_0165.jpg,4
/kaggle/input/datasets/sabersakin/brainmri/Datasest Merged 1/Datasest Merged 1/notumor/Tr-no_0039.jpg,/kaggle/input/datasets/sabersakin/brainmri/Datasest Merged 1/Datasest Merged 1/notumor/Tr-no_0148.jpg,2
/kaggle/input/datasets/sabersakin/brainmri/Datasest Merged 1/Datasest Merged 1/notumor/Tr-no_0039.jpg,/kaggle/input/datasets/sabersakin/brainmri/Datasest Merged 1/Datasest Merged 1/notumor/Tr-no_0690.jpg,4
/kaggle/input/datasets/sabersakin/brainmri/Datasest Merged 1/Datasest Merged 1/notumor/Tr-no_0039.jpg,/kaggle/input/datasets/sabersakin/brainmri/Datasest Merged 1/Datasest Merged 1/notumor/image(238).jpg,2
/kaggle/input/datasets/sabersakin/brainmri/Datasest Merged 1/Datasest Merged 1/notumor/Tr-no_0039.jpg,/kaggle/input/datasets/sabersakin/brainmri/Datasest Merged 1/Datasest Merged 1/notumor/Tr-no_1104.jpg,2
/kaggle/input/datasets/sabersakin/brainmri/Datasest Merged 1/Datasest Merged 1/notumor/Tr-no_0039.jpg,/kaggle/input/datasets/sabersakin/brainmri/Datasest Merged 1/Datasest Merged 1/notumor/Tr-no_0965.jpg,2
/kaggle/input/datasets/sabersakin/brainmri/Datasest Merged 1/Datasest Merged 1/notumor/Tr-no_0039.jpg,/kaggle/input/datasets/sabersakin/brainmri/Datasest Merged 1/Datasest Merged 1/notumor/Tr-no_1082.jpg,0
/kaggle/input/datasets/sabersakin/brainmri/Datasest Merged 1/Datasest Merged 1/notumor/Tr-no_0039.jpg,/kaggle/input/datasets/sabersakin/brainmri/Datasest Merged 1/Datasest Merged 1/notumor/Te-no_0215.jpg,2
/kaggle/input/datasets/sabersakin/brainmri/Datasest Merged 1/Datasest Merged 1/notumor/Tr-no_0039.jpg,/kaggle/input/datasets/sabersakin/brainmri/Datasest Merged 1/Datasest Merged 1/notumor/Tr-no_0505.jpg,4
/kaggle/input/datasets/sabersakin/brainmri/Datasest Merged 1/Datasest Merged 1/notumor/Tr-no_0039.jpg,/kaggle/input/datasets/sabersakin/brainmri/Datasest Merged 1/Datasest Merged 1/notumor/Tr-no_1048.jpg,2
/kaggle/input/datasets/sabersakin/brainmri/Datasest Merged 1/Datasest Merged 1/notumor/Tr-no_0039.jpg,/kaggle/input/datasets/sabersakin/brainmri/Datasest Merged 1/Datasest Merged 1/notumor/image(292).jpg,2
/kaggle/input/datasets/sabersakin/brainmri/Datasest Merged 1/Datasest Merged 1/notumor/Tr-no_0039.jpg,/kaggle/input/datasets/sabersakin/brainmri/Datasest Merged 1/Datasest Merged 1/notumor/image(201).jpg,2
/kaggle/input/datasets/sabersakin/brainmri/Datasest Merged 1/Datasest Merged 1/notumor/Tr-no_0039.jpg,/kaggle/input/datasets/sabersakin/brainmri/Datasest Merged 1/Datasest Merged 1/notumor/Te-no_0364.jpg,4
/kaggle/input/datasets/sabersakin/brainmri/Datasest Merged 1/Datasest Merged 1/notumor/Tr-no_0039.jpg,/kaggle/input/datasets/sabersakin/brainmri/Datasest Merged 1/Datasest Merged 1/notumor/image (40).jpg,0
/kaggle/input/datasets/sabersakin/brainmri/Datasest Merged 1/Datasest Merged 1/notumor/Tr-no_0039.jpg,/kaggle/input/datasets/sabersakin/brainmri/Datasest Merged 1/Datasest Merged 1/notumor/Tr-no_1013.jpg,2
/kaggle/input/datasets/sabersakin/brainmri/Datasest Merged 1/Datasest Merged 1/notumor/Tr-no_0039.jpg,/kaggle/input/datasets/sabersakin/brainmri/Datasest Merged 1/Datasest Merged 1/notumor/image(78).jpg,2
/kaggle/input/datasets/sabersakin/brainmri/Datasest Merged 1/Datasest Merged 1/notumor/Tr-no_0039.jpg,/kaggle/input/datasets/sabersakin/brainmri/Datasest Merged 1/Datasest Merged 1/notumor/Tr-no_0761.jpg,2
/kaggle/input/datasets/sabersakin/brainmri/Datasest Merged 1/Datasest Merged 1/notumor/Tr-no_0039.jpg,/kaggle/input/datasets/sabersakin/brainmri/Datasest Merged 1/Datasest Merged 1/notumor/Tr-no_0145.jpg,2
/kaggle/input/datasets/sabersakin/brainmri/Datasest Merged 1/Datasest Merged 1/notumor/Tr-no_0039.jpg,/kaggle/input/datasets/sabersakin/brainmri/Datasest Merged 1/Datasest Merged 1/notumor/Te-no_0080.jpg,2
/kaggle/input/datasets/sabersakin/brainmri/Datasest Merged 1/Datasest Merged 1/notumor/Tr-no_0039.jpg,/kaggle/input/datasets/sabersakin/brainmri/Datasest Merged 1/Datasest Merged 1/notumor/Tr-no_1201.jpg,0
/kaggle/input/datasets/sabersakin/brainmri/Datasest Merged 1/Datasest Merged 1/notumor/Tr-no_0039.jpg,/kaggle/input/datasets/sabersakin/brainmri/Datasest Merged 1/Datasest Merged 1/notumor/Tr-no_1102.jpg,2
/kaggle/input/datasets/sabersakin/brainmri/Datasest Merged 1/Datasest Merged 1/notumor/Tr-no_0039.jpg,/kaggle/input/datasets/sabersakin/brainmri/Datasest Merged 1/Datasest Merged 1/notumor/image(169).jpg,2
/kaggle/input/datasets/sabersakin/brainmri/Datasest Merged 1/Datasest Merged 1/notumor/Tr-no_0039.jpg,/kaggle/input/datasets/sabersakin/brainmri/Datasest Merged 1/Datasest Merged 1/notumor/Tr-no_1264.jpg,4
/kaggle/input/datasets/sabersakin/brainmri/Datasest Merged 1/Datasest Merged 1/notumor/Tr-no_0039.jpg,/kaggle/input/datasets/sabersakin/brainmri/Datasest Merged 1/Datasest Merged 1/notumor/Tr-no_0809.jpg,4
/kaggle/input/datasets/sabersakin/brainmri/Datasest Merged 1/Datasest Merged 1/pituitary/p (225).jpg,/kaggle/input/datasets/sabersakin/brainmri/Datasest Merged 1/Datasest Merged 1/pituitary/Tr-pi_0140.jpg,0
/kaggle/input/datasets/sabersakin/brainmri/Datasest Merged 1/Datasest Merged 1/glioma/1937.jpg,/kaggle/input/datasets/sabersakin/brainmri/Datasest Merged 1/Datasest Merged 1/glioma/1938.jpg,4
/kaggle/input/datasets/sabersakin/brainmri/Datasest Merged 1/Datasest Merged 1/meningioma/Tr-me_0376.jpg,/kaggle/input/datasets/sabersakin/brainmri/Datasest Merged 1/Datasest Merged 1/meningioma/m2 (106).jpg,0
/kaggle/input/datasets/sabersakin/brainmri/Datasest Merged 1/Datasest Merged 1/meningioma/351.jpg,/kaggle/input/datasets/sabersakin/brainmri/Datasest Merged 1/Datasest Merged 1/meningioma/352.jpg,4
/kaggle/input/datasets/sabersakin/brainmri/Datasest Merged 1/Datasest Merged 1/meningioma/m3 (133).jpg,/kaggle/input/datasets/sabersakin/brainmri/Datasest Merged 1/Datasest Merged 1/meningioma/Tr-me_0583.jpg,0
/kaggle/input/datasets/sabersakin/brainmri/Datasest Merged 1/Datasest Merged 1/notumor/Tr-no_0681.jpg,/kaggle/input/datasets/sabersakin/brainmri/Datasest Merged 1/Datasest Merged 1/notumor/Te-no_0359.jpg,0
/kaggle/input/datasets/sabersakin/brainmri/Datasest Merged 1/Datasest Merged 1/notumor/Tr-no_0681.jpg,/kaggle/input/datasets/sabersakin/brainmri/Datasest Merged 1/Datasest Merged 1/notumor/Te-no_0366.jpg,0
/kaggle/input/datasets/sabersakin/brainmri/Datasest Merged 1/Datasest Merged 1/notumor/Tr-no_0681.jpg,/kaggle/input/datasets/sabersakin/brainmri/Datasest Merged 1/Datasest Merged 1/notumor/Tr-no_0512.jpg,0
/kaggle/input/datasets/sabersakin/brainmri/Datasest Merged 1/Datasest Merged 1/notumor/Tr-no_0681.jpg,/kaggle/input/datasets/sabersakin/brainmri/Datasest Merged 1/Datasest Merged 1/notumor/Tr-no_0594.jpg,0
/kaggle/input/datasets/sabersakin/brainmri/Datasest Merged 1/Datasest Merged 1/meningioma/Te-me_0139.jpg,/kaggle/input/datasets/sabersakin/brainmri/Datasest Merged 1/Datasest Merged 1/meningioma/m (198).jpg,0
/kaggle/input/datasets/sabersakin/brainmri/Datasest Merged 1/Datasest Merged 1/glioma/gg (733).jpg,/kaggle/input/datasets/sabersakin/brainmri/Datasest Merged 1/Datasest Merged 1/glioma/Te-gl_0050.jpg,0
/kaggle/input/datasets/sabersakin/brainmri/Datasest Merged 1/Datasest Merged 1/pituitary/Te-pi_0066.jpg,/kaggle/input/datasets/sabersakin/brainmri/Datasest Merged 1/Datasest Merged 1/pituitary/p (826).jpg,0
/kaggle/input/datasets/sabersakin/brainmri/Datasest Merged 1/Datasest Merged 1/pituitary/Te-pi_0066.jpg,/kaggle/input/datasets/sabersakin/brainmri/Datasest Merged 1/Datasest Merged 1/pituitary/Tr-pi_0740.jpg,0
/kaggle/input/datasets/sabersakin/brainmri/Datasest Merged 1/Datasest Merged 1/pituitary/Te-pi_0066.jpg,/kaggle/input/datasets/sabersakin/brainmri/Datasest Merged 1/Datasest Merged 1/pituitary/p (825).jpg,0
/kaggle/input/datasets/sabersakin/brainmri/Datasest Merged 1/Datasest Merged 1/notumor/Tr-no_0737.jpg,/kaggle/input/datasets/sabersakin/brainmri/Datasest Merged 1/Datasest Merged 1/notumor/Tr-no_0898.jpg,4
/kaggle/input/datasets/sabersakin/brainmri/Datasest Merged 1/Datasest Merged 1/notumor/Tr-no_0737.jpg,/kaggle/input/datasets/sabersakin/brainmri/Datasest Merged 1/Datasest Merged 1/notumor/Tr-no_1128.jpg,4
/kaggle/input/datasets/sabersakin/brainmri/Datasest Merged 1/Datasest Merged 1/notumor/Tr-no_0737.jpg,/kaggle/input/datasets/sabersakin/brainmri/Datasest Merged 1/Datasest Merged 1/notumor/Tr-no_1124.jpg,4
/kaggle/input/datasets/sabersakin/brainmri/Datasest Merged 1/Datasest Merged 1/notumor/Tr-no_0737.jpg,/kaggle/input/datasets/sabersakin/brainmri/Datasest Merged 1/Datasest Merged 1/notumor/Te-no_0216.jpg,4
/kaggle/input/datasets/sabersakin/brainmri/Datasest Merged 1/Datasest Merged 1/notumor/Tr-no_0737.jpg,/kaggle/input/datasets/sabersakin/brainmri/Datasest Merged 1/Datasest Merged 1/notumor/image(242).jpg,4
/kaggle/input/datasets/sabersakin/brainmri/Datasest Merged 1/Datasest Merged 1/notumor/Tr-no_0737.jpg,/kaggle/input/datasets/sabersakin/brainmri/Datasest Merged 1/Datasest Merged 1/notumor/Tr-no_0227.jpg,4
/kaggle/input/datasets/sabersakin/brainmri/Datasest Merged 1/Datasest Merged 1/pituitary/Tr-pi_1379.jpg,/kaggle/input/datasets/sabersakin/brainmri/Datasest Merged 1/Datasest Merged 1/pituitary/Te-pi_0276.jpg,4
/kaggle/input/datasets/sabersakin/brainmri/Datasest Merged 1/Datasest Merged 1/glioma/Te-gl_0047.jpg,/kaggle/input/datasets/sabersakin/brainmri/Datasest Merged 1/Datasest Merged 1/glioma/gg (721).jpg,0
/kaggle/input/datasets/sabersakin/brainmri/Datasest Merged 1/Datasest Merged 1/pituitary/p (759).jpg,/kaggle/input/datasets/sabersakin/brainmri/Datasest Merged 1/Datasest Merged 1/pituitary/Tr-pi_0682.jpg,0
/kaggle/input/datasets/sabersakin/brainmri/Datasest Merged 1/Datasest Merged 1/pituitary/p (759).jpg,/kaggle/input/datasets/sabersakin/brainmri/Datasest Merged 1/Datasest Merged 1/pituitary/Tr-pi_0681.jpg,4
/kaggle/input/datasets/sabersakin/brainmri/Datasest Merged 1/Datasest Merged 1/pituitary/p (759).jpg,/kaggle/input/datasets/sabersakin/brainmri/Datasest Merged 1/Datasest Merged 1/pituitary/p (758).jpg,4
/kaggle/input/datasets/sabersakin/brainmri/Datasest Merged 1/Datasest Merged 1/notumor/Tr-no_0205.jpg,/kaggle/input/datasets/sabersakin/brainmri/Datasest Merged 1/Datasest Merged 1/notumor/Tr-no_1027.jpg,0
/kaggle/input/datasets/sabersakin/brainmri/Datasest Merged 1/Datasest Merged 1/glioma/Tr-gl_0452.jpg,/kaggle/input/datasets/sabersakin/brainmri/Datasest Merged 1/Datasest Merged 1/glioma/Tr-gl_0451.jpg,4
/kaggle/input/datasets/sabersakin/brainmri/Datasest Merged 1/Datasest Merged 1/pituitary/Tr-pi_0644.jpg,/kaggle/input/datasets/sabersakin/brainmri/Datasest Merged 1/Datasest Merged 1/pituitary/p (714).jpg,0
/kaggle/input/datasets/sabersakin/brainmri/Datasest Merged 1/Datasest Merged 1/meningioma/Tr-me_0414.jpg,/kaggle/input/datasets/sabersakin/brainmri/Datasest Merged 1/Datasest Merged 1/meningioma/m2 (140).jpg,0
/kaggle/input/datasets/sabersakin/brainmri/Datasest Merged 1/Datasest Merged 1/pituitary/Tr-pi_0964.jpg,/kaggle/input/datasets/sabersakin/brainmri/Datasest Merged 1/Datasest Merged 1/pituitary/Te-pi_0136.jpg,4
/kaggle/input/datasets/sabersakin/brainmri/Datasest Merged 1/Datasest Merged 1/pituitary/Tr-pi_0964.jpg,/kaggle/input/datasets/sabersakin/brainmri/Datasest Merged 1/Datasest Merged 1/pituitary/Tr-pi_0963.jpg,4
/kaggle/input/datasets/sabersakin/brainmri/Datasest Merged 1/Datasest Merged 1/notumor/Tr-no_0279.jpg,/kaggle/input/datasets/sabersakin/brainmri/Datasest Merged 1/Datasest Merged 1/notumor/image(54).jpg,0
/kaggle/input/datasets/sabersakin/brainmri/Datasest Merged 1/Datasest Merged 1/notumor/Tr-no_0279.jpg,/kaggle/input/datasets/sabersakin/brainmri/Datasest Merged 1/Datasest Merged 1/notumor/Te-no_0045.jpg,0
/kaggle/input/datasets/sabersakin/brainmri/Datasest Merged 1/Datasest Merged 1/notumor/Tr-no_0279.jpg,/kaggle/input/datasets/sabersakin/brainmri/Datasest Merged 1/Datasest Merged 1/notumor/Te-no_0050.jpg,0
/kaggle/input/datasets/sabersakin/brainmri/Datasest Merged 1/Datasest Merged 1/notumor/Tr-no_0279.jpg,/kaggle/input/datasets/sabersakin/brainmri/Datasest Merged 1/Datasest Merged 1/notumor/image(351).jpg,0
/kaggle/input/datasets/sabersakin/brainmri/Datasest Merged 1/Datasest Merged 1/notumor/Tr-no_0279.jpg,/kaggle/input/datasets/sabersakin/brainmri/Datasest Merged 1/Datasest Merged 1/notumor/Te-no_0054.jpg,0
/kaggle/input/datasets/sabersakin/brainmri/Datasest Merged 1/Datasest Merged 1/notumor/Tr-no_0279.jpg,/kaggle/input/datasets/sabersakin/brainmri/Datasest Merged 1/Datasest Merged 1/notumor/Tr-no_0191.jpg,0
/kaggle/input/datasets/sabersakin/brainmri/Datasest Merged 1/Datasest Merged 1/notumor/Tr-no_0279.jpg,/kaggle/input/datasets/sabersakin/brainmri/Datasest Merged 1/Datasest Merged 1/notumor/image(50).jpg,0
/kaggle/input/datasets/sabersakin/brainmri/Datasest Merged 1/Datasest Merged 1/notumor/Tr-no_0279.jpg,/kaggle/input/datasets/sabersakin/brainmri/Datasest Merged 1/Datasest Merged 1/notumor/image(347).jpg,0
/kaggle/input/datasets/sabersakin/brainmri/Datasest Merged 1/Datasest Merged 1/notumor/Tr-no_0279.jpg,/kaggle/input/datasets/sabersakin/brainmri/Datasest Merged 1/Datasest Merged 1/notumor/Tr-no_0235.jpg,0
/kaggle/input/datasets/sabersakin/brainmri/Datasest Merged 1/Datasest Merged 1/meningioma/Te-me_0040.jpg,/kaggle/input/datasets/sabersakin/brainmri/Datasest Merged 1/Datasest Merged 1/meningioma/m1(142).jpg,0
/kaggle/input/datasets/sabersakin/brainmri/Datasest Merged 1/Datasest Merged 1/meningioma/Te-me_0040.jpg,/kaggle/input/datasets/sabersakin/brainmri/Datasest Merged 1/Datasest Merged 1/meningioma/Tr-me_0219.jpg,0
/kaggle/input/datasets/sabersakin/brainmri/Datasest Merged 1/Datasest Merged 1/meningioma/Te-me_0040.jpg,/kaggle/input/datasets/sabersakin/brainmri/Datasest Merged 1/Datasest Merged 1/meningioma/image(32).jpg,0
/kaggle/input/datasets/sabersakin/brainmri/Datasest Merged 1/Datasest Merged 1/pituitary/Tr-pi_1393.jpg,/kaggle/input/datasets/sabersakin/brainmri/Datasest Merged 1/Datasest Merged 1/pituitary/Tr-pi_1392.jpg,4
/kaggle/input/datasets/sabersakin/brainmri/Datasest Merged 1/Datasest Merged 1/meningioma/Tr-me_0300.jpg,/kaggle/input/datasets/sabersakin/brainmri/Datasest Merged 1/Datasest Merged 1/meningioma/27.jpg,4
/kaggle/input/datasets/sabersakin/brainmri/Datasest Merged 1/Datasest Merged 1/meningioma/m1(9).jpg,/kaggle/input/datasets/sabersakin/brainmri/Datasest Merged 1/Datasest Merged 1/meningioma/image(26).jpg,4
/kaggle/input/datasets/sabersakin/brainmri/Datasest Merged 1/Datasest Merged 1/meningioma/m1(9).jpg,/kaggle/input/datasets/sabersakin/brainmri/Datasest Merged 1/Datasest Merged 1/meningioma/Te-me_0113.jpg,0
/kaggle/input/datasets/sabersakin/brainmri/Datasest Merged 1/Datasest Merged 1/meningioma/m1(9).jpg,/kaggle/input/datasets/sabersakin/brainmri/Datasest Merged 1/Datasest Merged 1/meningioma/image(99).jpg,0
/kaggle/input/datasets/sabersakin/brainmri/Datasest Merged 1/Datasest Merged 1/meningioma/m1(9).jpg,/kaggle/input/datasets/sabersakin/brainmri/Datasest Merged 1/Datasest Merged 1/meningioma/Te-me_0033.jpg,4
/kaggle/input/datasets/sabersakin/brainmri/Datasest Merged 1/Datasest Merged 1/meningioma/m1(9).jpg,/kaggle/input/datasets/sabersakin/brainmri/Datasest Merged 1/Datasest Merged 1/meningioma/Tr-me_0357.jpg,0
/kaggle/input/datasets/sabersakin/brainmri/Datasest Merged 1/Datasest Merged 1/meningioma/m1(9).jpg,/kaggle/input/datasets/sabersakin/brainmri/Datasest Merged 1/Datasest Merged 1/meningioma/m1(97).jpg,2
/kaggle/input/datasets/sabersakin/brainmri/Datasest Merged 1/Datasest Merged 1/pituitary/Tr-pi_0610.jpg,/kaggle/input/datasets/sabersakin/brainmri/Datasest Merged 1/Datasest Merged 1/pituitary/p (675).jpg,0
/kaggle/input/datasets/sabersakin/brainmri/Datasest Merged 1/Datasest Merged 1/pituitary/Tr-pi_0610.jpg,/kaggle/input/datasets/sabersakin/brainmri/Datasest Merged 1/Datasest Merged 1/pituitary/p (676).jpg,4
/kaggle/input/datasets/sabersakin/brainmri/Datasest Merged 1/Datasest Merged 1/pituitary/Tr-pi_0610.jpg,/kaggle/input/datasets/sabersakin/brainmri/Datasest Merged 1/Datasest Merged 1/pituitary/Tr-pi_0611.jpg,4
/kaggle/input/datasets/sabersakin/brainmri/Datasest Merged 1/Datasest Merged 1/notumor/Tr-no_0317.jpg,/kaggle/input/datasets/sabersakin/brainmri/Datasest Merged 1/Datasest Merged 1/notumor/Tr-no_1169.jpg,0
/kaggle/input/datasets/sabersakin/brainmri/Datasest Merged 1/Datasest Merged 1/meningioma/image(69).jpg,/kaggle/input/datasets/sabersakin/brainmri/Datasest Merged 1/Datasest Merged 1/meningioma/Tr-me_0258.jpg,0
/kaggle/input/datasets/sabersakin/brainmri/Datasest Merged 1/Datasest Merged 1/meningioma/image(69).jpg,/kaggle/input/datasets/sabersakin/brainmri/Datasest Merged 1/Datasest Merged 1/meningioma/Te-me_0080.jpg,0
/kaggle/input/datasets/sabersakin/brainmri/Datasest Merged 1/Datasest Merged 1/meningioma/image(69).jpg,/kaggle/input/datasets/sabersakin/brainmri/Datasest Merged 1/Datasest Merged 1/meningioma/m1(179).jpg,0
/kaggle/input/datasets/sabersakin/brainmri/Datasest Merged 1/Datasest Merged 1/pituitary/Tr-pi_0460.jpg,/kaggle/input/datasets/sabersakin/brainmri/Datasest Merged 1/Datasest Merged 1/pituitary/p (513).jpg,0
/kaggle/input/datasets/sabersakin/brainmri/Datasest Merged 1/Datasest Merged 1/pituitary/p (287).jpg,/kaggle/input/datasets/sabersakin/brainmri/Datasest Merged 1/Datasest Merged 1/pituitary/Tr-pi_0210.jpg,4
/kaggle/input/datasets/sabersakin/brainmri/Datasest Merged 1/Datasest Merged 1/pituitary/p (287).jpg,/kaggle/input/datasets/sabersakin/brainmri/Datasest Merged 1/Datasest Merged 1/pituitary/p (289).jpg,4
/kaggle/input/datasets/sabersakin/brainmri/Datasest Merged 1/Datasest Merged 1/pituitary/p (287).jpg,/kaggle/input/datasets/sabersakin/brainmri/Datasest Merged 1/Datasest Merged 1/pituitary/p (286).jpg,2
/kaggle/input/datasets/sabersakin/brainmri/Datasest Merged 1/Datasest Merged 1/pituitary/p (287).jpg,/kaggle/input/datasets/sabersakin/brainmri/Datasest Merged 1/Datasest Merged 1/pituitary/Tr-pi_0207.jpg,2
/kaggle/input/datasets/sabersakin/brainmri/Datasest Merged 1/Datasest Merged 1/meningioma/Tr-me_0524.jpg,/kaggle/input/datasets/sabersakin/brainmri/Datasest Merged 1/Datasest Merged 1/meningioma/m2 (80).jpg,0
/kaggle/input/datasets/sabersakin/brainmri/Datasest Merged 1/Datasest Merged 1/pituitary/Tr-pi_0959.jpg,/kaggle/input/datasets/sabersakin/brainmri/Datasest Merged 1/Datasest Merged 1/pituitary/Tr-pi_0961.jpg,4
/kaggle/input/datasets/sabersakin/brainmri/Datasest Merged 1/Datasest Merged 1/notumor/Tr-no_0619.jpg,/kaggle/input/datasets/sabersakin/brainmri/Datasest Merged 1/Datasest Merged 1/notumor/Tr-no_1392.jpg,4
/kaggle/input/datasets/sabersakin/brainmri/Datasest Merged 1/Datasest Merged 1/notumor/Tr-no_0619.jpg,/kaggle/input/datasets/sabersakin/brainmri/Datasest Merged 1/Datasest Merged 1/notumor/Te-no_0117.jpg,4
/kaggle/input/datasets/sabersakin/brainmri/Datasest Merged 1/Datasest Merged 1/notumor/Tr-no_0619.jpg,/kaggle/input/datasets/sabersakin/brainmri/Datasest Merged 1/Datasest Merged 1/notumor/Te-no_0385.jpg,4
/kaggle/input/datasets/sabersakin/brainmri/Datasest Merged 1/Datasest Merged 1/notumor/Tr-no_0619.jpg,/kaggle/input/datasets/sabersakin/brainmri/Datasest Merged 1/Datasest Merged 1/notumor/Tr-no_0825.jpg,0
/kaggle/input/datasets/sabersakin/brainmri/Datasest Merged 1/Datasest Merged 1/notumor/Tr-no_0619.jpg,/kaggle/input/datasets/sabersakin/brainmri/Datasest Merged 1/Datasest Merged 1/notumor/Tr-no_1288.jpg,2
/kaggle/input/datasets/sabersakin/brainmri/Datasest Merged 1/Datasest Merged 1/pituitary/Tr-pi_0452.jpg,/kaggle/input/datasets/sabersakin/brainmri/Datasest Merged 1/Datasest Merged 1/pituitary/p (506).jpg,0
/kaggle/input/datasets/sabersakin/brainmri/Datasest Merged 1/Datasest Merged 1/notumor/image(322).jpg,/kaggle/input/datasets/sabersakin/brainmri/Datasest Merged 1/Datasest Merged 1/notumor/Tr-no_1146.jpg,0
/kaggle/input/datasets/sabersakin/brainmri/Datasest Merged 1/Datasest Merged 1/notumor/image(322).jpg,/kaggle/input/datasets/sabersakin/brainmri/Datasest Merged 1/Datasest Merged 1/notumor/Tr-no_1168.jpg,0
/kaggle/input/datasets/sabersakin/brainmri/Datasest Merged 1/Datasest Merged 1/notumor/image(322).jpg,/kaggle/input/datasets/sabersakin/brainmri/Datasest Merged 1/Datasest Merged 1/notumor/image(252).jpg,0
/kaggle/input/datasets/sabersakin/brainmri/Datasest Merged 1/Datasest Merged 1/notumor/image(322).jpg,/kaggle/input/datasets/sabersakin/brainmri/Datasest Merged 1/Datasest Merged 1/notumor/image(279).jpg,0
/kaggle/input/datasets/sabersakin/brainmri/Datasest Merged 1/Datasest Merged 1/notumor/Tr-no_1444.jpg,/kaggle/input/datasets/sabersakin/brainmri/Datasest Merged 1/Datasest Merged 1/notumor/Te-no_0240.jpg,0
/kaggle/input/datasets/sabersakin/brainmri/Datasest Merged 1/Datasest Merged 1/notumor/Tr-no_1261.jpg,/kaggle/input/datasets/sabersakin/brainmri/Datasest Merged 1/Datasest Merged 1/notumor/Te-no_0174.jpg,0
/kaggle/input/datasets/sabersakin/brainmri/Datasest Merged 1/Datasest Merged 1/notumor/Tr-no_1261.jpg,/kaggle/input/datasets/sabersakin/brainmri/Datasest Merged 1/Datasest Merged 1/notumor/Tr-no_0806.jpg,2
/kaggle/input/datasets/sabersakin/brainmri/Datasest Merged 1/Datasest Merged 1/meningioma/Tr-me_0272.jpg,/kaggle/input/datasets/sabersakin/brainmri/Datasest Merged 1/Datasest Merged 1/meningioma/m1(192).jpg,0
/kaggle/input/datasets/sabersakin/brainmri/Datasest Merged 1/Datasest Merged 1/meningioma/Tr-me_0272.jpg,/kaggle/input/datasets/sabersakin/brainmri/Datasest Merged 1/Datasest Merged 1/meningioma/m1(111).jpg,0
/kaggle/input/datasets/sabersakin/brainmri/Datasest Merged 1/Datasest Merged 1/meningioma/Tr-me_0272.jpg,/kaggle/input/datasets/sabersakin/brainmri/Datasest Merged 1/Datasest Merged 1/meningioma/image(2).jpg,0
/kaggle/input/datasets/sabersakin/brainmri/Datasest Merged 1/Datasest Merged 1/meningioma/Tr-me_0272.jpg,/kaggle/input/datasets/sabersakin/brainmri/Datasest Merged 1/Datasest Merged 1/meningioma/Te-me_0095.jpg,0
/kaggle/input/datasets/sabersakin/brainmri/Datasest Merged 1/Datasest Merged 1/meningioma/Tr-me_0272.jpg,/kaggle/input/datasets/sabersakin/brainmri/Datasest Merged 1/Datasest Merged 1/glioma/image(48).jpg,2
/kaggle/input/datasets/sabersakin/brainmri/Datasest Merged 1/Datasest Merged 1/meningioma/Tr-me_0272.jpg,/kaggle/input/datasets/sabersakin/brainmri/Datasest Merged 1/Datasest Merged 1/meningioma/Tr-me_0187.jpg,0
/kaggle/input/datasets/sabersakin/brainmri/Datasest Merged 1/Datasest Merged 1/meningioma/Tr-me_0272.jpg,/kaggle/input/datasets/sabersakin/brainmri/Datasest Merged 1/Datasest Merged 1/meningioma/image(82).jpg,0
/kaggle/input/datasets/sabersakin/brainmri/Datasest Merged 1/Datasest Merged 1/meningioma/Tr-me_0272.jpg,/kaggle/input/datasets/sabersakin/brainmri/Datasest Merged 1/Datasest Merged 1/meningioma/Te-me_0068.jpg,2
/kaggle/input/datasets/sabersakin/brainmri/Datasest Merged 1/Datasest Merged 1/meningioma/Tr-me_0272.jpg,/kaggle/input/datasets/sabersakin/brainmri/Datasest Merged 1/Datasest Merged 1/meningioma/m1(168).jpg,2
/kaggle/input/datasets/sabersakin/brainmri/Datasest Merged 1/Datasest Merged 1/meningioma/Tr-me_0272.jpg,/kaggle/input/datasets/sabersakin/brainmri/Datasest Merged 1/Datasest Merged 1/meningioma/Tr-me_0246.jpg,2
/kaggle/input/datasets/sabersakin/brainmri/Datasest Merged 1/Datasest Merged 1/meningioma/Tr-me_0272.jpg,/kaggle/input/datasets/sabersakin/brainmri/Datasest Merged 1/Datasest Merged 1/meningioma/image(58).jpg,2
/kaggle/input/datasets/sabersakin/brainmri/Datasest Merged 1/Datasest Merged 1/meningioma/m2 (74).jpg,/kaggle/input/datasets/sabersakin/brainmri/Datasest Merged 1/Datasest Merged 1/meningioma/Tr-me_0517.jpg,0
/kaggle/input/datasets/sabersakin/brainmri/Datasest Merged 1/Datasest Merged 1/meningioma/Tr-me_0160.jpg,/kaggle/input/datasets/sabersakin/brainmri/Datasest Merged 1/Datasest Merged 1/meningioma/Tr-me_0520.jpg,2
/kaggle/input/datasets/sabersakin/brainmri/Datasest Merged 1/Datasest Merged 1/meningioma/Tr-me_0160.jpg,/kaggle/input/datasets/sabersakin/brainmri/Datasest Merged 1/Datasest Merged 1/meningioma/m (86).jpg,0
/kaggle/input/datasets/sabersakin/brainmri/Datasest Merged 1/Datasest Merged 1/notumor/Tr-no_0284.jpg,/kaggle/input/datasets/sabersakin/brainmri/Datasest Merged 1/Datasest Merged 1/notumor/Tr-no_1002.jpg,0
/kaggle/input/datasets/sabersakin/brainmri/Datasest Merged 1/Datasest Merged 1/notumor/Tr-no_0284.jpg,/kaggle/input/datasets/sabersakin/brainmri/Datasest Merged 1/Datasest Merged 1/notumor/Tr-no_1186.jpg,0
/kaggle/input/datasets/sabersakin/brainmri/Datasest Merged 1/Datasest Merged 1/notumor/Tr-no_0284.jpg,/kaggle/input/datasets/sabersakin/brainmri/Datasest Merged 1/Datasest Merged 1/notumor/image(294).jpg,0
/kaggle/input/datasets/sabersakin/brainmri/Datasest Merged 1/Datasest Merged 1/notumor/Tr-no_0284.jpg,/kaggle/input/datasets/sabersakin/brainmri/Datasest Merged 1/Datasest Merged 1/notumor/Tr-no_0571.jpg,2
/kaggle/input/datasets/sabersakin/brainmri/Datasest Merged 1/Datasest Merged 1/notumor/Tr-no_0284.jpg,/kaggle/input/datasets/sabersakin/brainmri/Datasest Merged 1/Datasest Merged 1/notumor/Tr-no_0998.jpg,0
/kaggle/input/datasets/sabersakin/brainmri/Datasest Merged 1/Datasest Merged 1/notumor/Tr-no_0284.jpg,/kaggle/input/datasets/sabersakin/brainmri/Datasest Merged 1/Datasest Merged 1/notumor/Tr-no_1161.jpg,0
/kaggle/input/datasets/sabersakin/brainmri/Datasest Merged 1/Datasest Merged 1/notumor/Tr-no_0255.jpg,/kaggle/input/datasets/sabersakin/brainmri/Datasest Merged 1/Datasest Merged 1/notumor/image(102).jpg,0
/kaggle/input/datasets/sabersakin/brainmri/Datasest Merged 1/Datasest Merged 1/notumor/Tr-no_0255.jpg,/kaggle/input/datasets/sabersakin/brainmri/Datasest Merged 1/Datasest Merged 1/notumor/image(268).jpg,0
/kaggle/input/datasets/sabersakin/brainmri/Datasest Merged 1/Datasest Merged 1/notumor/Tr-no_0255.jpg,/kaggle/input/datasets/sabersakin/brainmri/Datasest Merged 1/Datasest Merged 1/notumor/Te-noTr_0004.jpg,0
/kaggle/input/datasets/sabersakin/brainmri/Datasest Merged 1/Datasest Merged 1/notumor/Tr-no_1226.jpg,/kaggle/input/datasets/sabersakin/brainmri/Datasest Merged 1/Datasest Merged 1/notumor/Tr-no_0152.jpg,0
/kaggle/input/datasets/sabersakin/brainmri/Datasest Merged 1/Datasest Merged 1/notumor/Tr-no_1226.jpg,/kaggle/input/datasets/sabersakin/brainmri/Datasest Merged 1/Datasest Merged 1/notumor/Tr-no_0778.jpg,0
/kaggle/input/datasets/sabersakin/brainmri/Datasest Merged 1/Datasest Merged 1/notumor/Tr-no_1226.jpg,/kaggle/input/datasets/sabersakin/brainmri/Datasest Merged 1/Datasest Merged 1/notumor/Tr-no_1107.jpg,0
/kaggle/input/datasets/sabersakin/brainmri/Datasest Merged 1/Datasest Merged 1/notumor/Tr-no_1226.jpg,/kaggle/input/datasets/sabersakin/brainmri/Datasest Merged 1/Datasest Merged 1/notumor/Tr-no_0484.jpg,2
/kaggle/input/datasets/sabersakin/brainmri/Datasest Merged 1/Datasest Merged 1/notumor/Tr-no_1226.jpg,/kaggle/input/datasets/sabersakin/brainmri/Datasest Merged 1/Datasest Merged 1/notumor/Tr-no_0551.jpg,0
/kaggle/input/datasets/sabersakin/brainmri/Datasest Merged 1/Datasest Merged 1/notumor/Tr-no_1226.jpg,/kaggle/input/datasets/sabersakin/brainmri/Datasest Merged 1/Datasest Merged 1/notumor/image(175).jpg,0
/kaggle/input/datasets/sabersakin/brainmri/Datasest Merged 1/Datasest Merged 1/notumor/Tr-no_1226.jpg,/kaggle/input/datasets/sabersakin/brainmri/Datasest Merged 1/Datasest Merged 1/notumor/Tr-no_0779.jpg,2
/kaggle/input/datasets/sabersakin/brainmri/Datasest Merged 1/Datasest Merged 1/notumor/Tr-no_1226.jpg,/kaggle/input/datasets/sabersakin/brainmri/Datasest Merged 1/Datasest Merged 1/notumor/Tr-no_1075.jpg,0
/kaggle/input/datasets/sabersakin/brainmri/Datasest Merged 1/Datasest Merged 1/notumor/Tr-no_1226.jpg,/kaggle/input/datasets/sabersakin/brainmri/Datasest Merged 1/Datasest Merged 1/notumor/Tr-no_0700.jpg,0
/kaggle/input/datasets/sabersakin/brainmri/Datasest Merged 1/Datasest Merged 1/notumor/Tr-no_1226.jpg,/kaggle/input/datasets/sabersakin/brainmri/Datasest Merged 1/Datasest Merged 1/notumor/Tr-no_0617.jpg,4
/kaggle/input/datasets/sabersakin/brainmri/Datasest Merged 1/Datasest Merged 1/notumor/Tr-no_1226.jpg,/kaggle/input/datasets/sabersakin/brainmri/Datasest Merged 1/Datasest Merged 1/notumor/Tr-no_1368.jpg,4
/kaggle/input/datasets/sabersakin/brainmri/Datasest Merged 1/Datasest Merged 1/pituitary/p (347).jpg,/kaggle/input/datasets/sabersakin/brainmri/Datasest Merged 1/Datasest Merged 1/pituitary/p (348).jpg,4
/kaggle/input/datasets/sabersakin/brainmri/Datasest Merged 1/Datasest Merged 1/pituitary/p (347).jpg,/kaggle/input/datasets/sabersakin/brainmri/Datasest Merged 1/Datasest Merged 1/pituitary/Tr-pi_0276.jpg,4
/kaggle/input/datasets/sabersakin/brainmri/Datasest Merged 1/Datasest Merged 1/pituitary/p (347).jpg,/kaggle/input/datasets/sabersakin/brainmri/Datasest Merged 1/Datasest Merged 1/pituitary/Tr-pi_0275.jpg,0
/kaggle/input/datasets/sabersakin/brainmri/Datasest Merged 1/Datasest Merged 1/notumor/Te-no_0162.jpg,/kaggle/input/datasets/sabersakin/brainmri/Datasest Merged 1/Datasest Merged 1/notumor/Tr-no_1157.jpg,2
/kaggle/input/datasets/sabersakin/brainmri/Datasest Merged 1/Datasest Merged 1/notumor/Te-no_0162.jpg,/kaggle/input/datasets/sabersakin/brainmri/Datasest Merged 1/Datasest Merged 1/notumor/Tr-no_1230.jpg,2
/kaggle/input/datasets/sabersakin/brainmri/Datasest Merged 1/Datasest Merged 1/notumor/Te-no_0162.jpg,/kaggle/input/datasets/sabersakin/brainmri/Datasest Merged 1/Datasest Merged 1/notumor/Tr-no_1049.jpg,4
/kaggle/input/datasets/sabersakin/brainmri/Datasest Merged 1/Datasest Merged 1/notumor/Te-no_0162.jpg,/kaggle/input/datasets/sabersakin/brainmri/Datasest Merged 1/Datasest Merged 1/notumor/Tr-no_0574.jpg,2
/kaggle/input/datasets/sabersakin/brainmri/Datasest Merged 1/Datasest Merged 1/notumor/Te-no_0162.jpg,/kaggle/input/datasets/sabersakin/brainmri/Datasest Merged 1/Datasest Merged 1/notumor/Te-no_0306.jpg,2
/kaggle/input/datasets/sabersakin/brainmri/Datasest Merged 1/Datasest Merged 1/notumor/Te-no_0162.jpg,/kaggle/input/datasets/sabersakin/brainmri/Datasest Merged 1/Datasest Merged 1/notumor/Tr-no_0960.jpg,2
/kaggle/input/datasets/sabersakin/brainmri/Datasest Merged 1/Datasest Merged 1/notumor/Te-no_0162.jpg,/kaggle/input/datasets/sabersakin/brainmri/Datasest Merged 1/Datasest Merged 1/notumor/Tr-no_0651.jpg,2
/kaggle/input/datasets/sabersakin/brainmri/Datasest Merged 1/Datasest Merged 1/notumor/Te-no_0162.jpg,/kaggle/input/datasets/sabersakin/brainmri/Datasest Merged 1/Datasest Merged 1/notumor/Tr-no_0852.jpg,2
/kaggle/input/datasets/sabersakin/brainmri/Datasest Merged 1/Datasest Merged 1/notumor/Te-no_0162.jpg,/kaggle/input/datasets/sabersakin/brainmri/Datasest Merged 1/Datasest Merged 1/notumor/Tr-no_0781.jpg,4
/kaggle/input/datasets/sabersakin/brainmri/Datasest Merged 1/Datasest Merged 1/notumor/Te-no_0162.jpg,/kaggle/input/datasets/sabersakin/brainmri/Datasest Merged 1/Datasest Merged 1/notumor/Te-no_0209.jpg,4
/kaggle/input/datasets/sabersakin/brainmri/Datasest Merged 1/Datasest Merged 1/pituitary/Te-pi_0158.jpg,/kaggle/input/datasets/sabersakin/brainmri/Datasest Merged 1/Datasest Merged 1/pituitary/Tr-pi_1029.jpg,4
/kaggle/input/datasets/sabersakin/brainmri/Datasest Merged 1/Datasest Merged 1/pituitary/Te-piTr_0007.jpg,/kaggle/input/datasets/sabersakin/brainmri/Datasest Merged 1/Datasest Merged 1/pituitary/p (589).jpg,0
/kaggle/input/datasets/sabersakin/brainmri/Datasest Merged 1/Datasest Merged 1/pituitary/Te-piTr_0007.jpg,/kaggle/input/datasets/sabersakin/brainmri/Datasest Merged 1/Datasest Merged 1/pituitary/Tr-pi_0212.jpg,4
/kaggle/input/datasets/sabersakin/brainmri/Datasest Merged 1/Datasest Merged 1/pituitary/Te-piTr_0007.jpg,/kaggle/input/datasets/sabersakin/brainmri/Datasest Merged 1/Datasest Merged 1/pituitary/p (290).jpg,4
/kaggle/input/datasets/sabersakin/brainmri/Datasest Merged 1/Datasest Merged 1/pituitary/Te-piTr_0007.jpg,/kaggle/input/datasets/sabersakin/brainmri/Datasest Merged 1/Datasest Merged 1/pituitary/Tr-pi_0537.jpg,2
/kaggle/input/datasets/sabersakin/brainmri/Datasest Merged 1/Datasest Merged 1/pituitary/Te-piTr_0007.jpg,/kaggle/input/datasets/sabersakin/brainmri/Datasest Merged 1/Datasest Merged 1/pituitary/p (590).jpg,2
/kaggle/input/datasets/sabersakin/brainmri/Datasest Merged 1/Datasest Merged 1/pituitary/Te-piTr_0007.jpg,/kaggle/input/datasets/sabersakin/brainmri/Datasest Merged 1/Datasest Merged 1/pituitary/p (591).jpg,4
/kaggle/input/datasets/sabersakin/brainmri/Datasest Merged 1/Datasest Merged 1/pituitary/Te-piTr_0007.jpg,/kaggle/input/datasets/sabersakin/brainmri/Datasest Merged 1/Datasest Merged 1/pituitary/Tr-pi_0538.jpg,4
/kaggle/input/datasets/sabersakin/brainmri/Datasest Merged 1/Datasest Merged 1/meningioma/m2 (176).jpg,/kaggle/input/datasets/sabersakin/brainmri/Datasest Merged 1/Datasest Merged 1/meningioma/Tr-me_0453.jpg,0
/kaggle/input/datasets/sabersakin/brainmri/Datasest Merged 1/Datasest Merged 1/meningioma/m2 (176).jpg,/kaggle/input/datasets/sabersakin/brainmri/Datasest Merged 1/Datasest Merged 1/meningioma/Tr-me_0645.jpg,4
/kaggle/input/datasets/sabersakin/brainmri/Datasest Merged 1/Datasest Merged 1/meningioma/m2 (176).jpg,/kaggle/input/datasets/sabersakin/brainmri/Datasest Merged 1/Datasest Merged 1/meningioma/m2 (175).jpg,4
/kaggle/input/datasets/sabersakin/brainmri/Datasest Merged 1/Datasest Merged 1/meningioma/m2 (176).jpg,/kaggle/input/datasets/sabersakin/brainmri/Datasest Merged 1/Datasest Merged 1/meningioma/m3 (190).jpg,4
/kaggle/input/datasets/sabersakin/brainmri/Datasest Merged 1/Datasest Merged 1/meningioma/m2 (176).jpg,/kaggle/input/datasets/sabersakin/brainmri/Datasest Merged 1/Datasest Merged 1/meningioma/Tr-me_0452.jpg,4
/kaggle/input/datasets/sabersakin/brainmri/Datasest Merged 1/Datasest Merged 1/meningioma/Tr-me_0688.jpg,/kaggle/input/datasets/sabersakin/brainmri/Datasest Merged 1/Datasest Merged 1/meningioma/m3 (229).jpg,0
/kaggle/input/datasets/sabersakin/brainmri/Datasest Merged 1/Datasest Merged 1/pituitary/Tr-pi_0080.jpg,/kaggle/input/datasets/sabersakin/brainmri/Datasest Merged 1/Datasest Merged 1/pituitary/p (171).jpg,0
/kaggle/input/datasets/sabersakin/brainmri/Datasest Merged 1/Datasest Merged 1/pituitary/Tr-pi_0080.jpg,/kaggle/input/datasets/sabersakin/brainmri/Datasest Merged 1/Datasest Merged 1/pituitary/p (170).jpg,4
/kaggle/input/datasets/sabersakin/brainmri/Datasest Merged 1/Datasest Merged 1/pituitary/Tr-pi_0080.jpg,/kaggle/input/datasets/sabersakin/brainmri/Datasest Merged 1/Datasest Merged 1/pituitary/Tr-pi_0077.jpg,4
/kaggle/input/datasets/sabersakin/brainmri/Datasest Merged 1/Datasest Merged 1/pituitary/Tr-pi_0080.jpg,/kaggle/input/datasets/sabersakin/brainmri/Datasest Merged 1/Datasest Merged 1/pituitary/Tr-pi_0079.jpg,4
/kaggle/input/datasets/sabersakin/brainmri/Datasest Merged 1/Datasest Merged 1/pituitary/Tr-pi_0080.jpg,/kaggle/input/datasets/sabersakin/brainmri/Datasest Merged 1/Datasest Merged 1/pituitary/p (169).jpg,4
/kaggle/input/datasets/sabersakin/brainmri/Datasest Merged 1/Datasest Merged 1/meningioma/69.jpg,/kaggle/input/datasets/sabersakin/brainmri/Datasest Merged 1/Datasest Merged 1/meningioma/67.jpg,4
/kaggle/input/datasets/sabersakin/brainmri/Datasest Merged 1/Datasest Merged 1/meningioma/69.jpg,/kaggle/input/datasets/sabersakin/brainmri/Datasest Merged 1/Datasest Merged 1/meningioma/70.jpg,4
/kaggle/input/datasets/sabersakin/brainmri/Datasest Merged 1/Datasest Merged 1/notumor/Tr-no_1055.jpg,/kaggle/input/datasets/sabersakin/brainmri/Datasest Merged 1/Datasest Merged 1/notumor/Tr-no_0415.jpg,0
/kaggle/input/datasets/sabersakin/brainmri/Datasest Merged 1/Datasest Merged 1/notumor/Tr-no_1055.jpg,/kaggle/input/datasets/sabersakin/brainmri/Datasest Merged 1/Datasest Merged 1/notumor/Tr-no_0014.jpg,0
/kaggle/input/datasets/sabersakin/brainmri/Datasest Merged 1/Datasest Merged 1/notumor/Tr-no_1055.jpg,/kaggle/input/datasets/sabersakin/brainmri/Datasest Merged 1/Datasest Merged 1/notumor/Tr-no_0963.jpg,2
/kaggle/input/datasets/sabersakin/brainmri/Datasest Merged 1/Datasest Merged 1/notumor/Tr-no_1055.jpg,/kaggle/input/datasets/sabersakin/brainmri/Datasest Merged 1/Datasest Merged 1/notumor/Tr-no_0775.jpg,2
/kaggle/input/datasets/sabersakin/brainmri/Datasest Merged 1/Datasest Merged 1/notumor/Tr-no_1055.jpg,/kaggle/input/datasets/sabersakin/brainmri/Datasest Merged 1/Datasest Merged 1/notumor/Tr-no_1040.jpg,0
/kaggle/input/datasets/sabersakin/brainmri/Datasest Merged 1/Datasest Merged 1/notumor/Tr-no_1055.jpg,/kaggle/input/datasets/sabersakin/brainmri/Datasest Merged 1/Datasest Merged 1/notumor/Tr-no_1130.jpg,0
/kaggle/input/datasets/sabersakin/brainmri/Datasest Merged 1/Datasest Merged 1/notumor/Tr-no_1055.jpg,/kaggle/input/datasets/sabersakin/brainmri/Datasest Merged 1/Datasest Merged 1/notumor/Tr-no_0229.jpg,0
/kaggle/input/datasets/sabersakin/brainmri/Datasest Merged 1/Datasest Merged 1/notumor/Tr-no_1055.jpg,/kaggle/input/datasets/sabersakin/brainmri/Datasest Merged 1/Datasest Merged 1/notumor/Tr-no_0013.jpg,0
/kaggle/input/datasets/sabersakin/brainmri/Datasest Merged 1/Datasest Merged 1/notumor/Tr-no_1055.jpg,/kaggle/input/datasets/sabersakin/brainmri/Datasest Merged 1/Datasest Merged 1/notumor/Tr-no_1454.jpg,2
/kaggle/input/datasets/sabersakin/brainmri/Datasest Merged 1/Datasest Merged 1/notumor/Tr-no_1055.jpg,/kaggle/input/datasets/sabersakin/brainmri/Datasest Merged 1/Datasest Merged 1/notumor/image (16).jpg,0
/kaggle/input/datasets/sabersakin/brainmri/Datasest Merged 1/Datasest Merged 1/notumor/Tr-no_1055.jpg,/kaggle/input/datasets/sabersakin/brainmri/Datasest Merged 1/Datasest Merged 1/notumor/Te-no_0203.jpg,0
/kaggle/input/datasets/sabersakin/brainmri/Datasest Merged 1/Datasest Merged 1/notumor/Tr-no_1055.jpg,/kaggle/input/datasets/sabersakin/brainmri/Datasest Merged 1/Datasest Merged 1/notumor/Te-no_0213.jpg,0
/kaggle/input/datasets/sabersakin/brainmri/Datasest Merged 1/Datasest Merged 1/notumor/Tr-no_1055.jpg,/kaggle/input/datasets/sabersakin/brainmri/Datasest Merged 1/Datasest Merged 1/notumor/Te-no_0163.jpg,0
/kaggle/input/datasets/sabersakin/brainmri/Datasest Merged 1/Datasest Merged 1/notumor/Tr-no_1055.jpg,/kaggle/input/datasets/sabersakin/brainmri/Datasest Merged 1/Datasest Merged 1/notumor/Tr-no_0710.jpg,2
/kaggle/input/datasets/sabersakin/brainmri/Datasest Merged 1/Datasest Merged 1/notumor/Tr-no_1055.jpg,/kaggle/input/datasets/sabersakin/brainmri/Datasest Merged 1/Datasest Merged 1/notumor/image(213).jpg,0
/kaggle/input/datasets/sabersakin/brainmri/Datasest Merged 1/Datasest Merged 1/notumor/Tr-no_1055.jpg,/kaggle/input/datasets/sabersakin/brainmri/Datasest Merged 1/Datasest Merged 1/notumor/image (15).jpg,0
/kaggle/input/datasets/sabersakin/brainmri/Datasest Merged 1/Datasest Merged 1/notumor/Tr-no_1055.jpg,/kaggle/input/datasets/sabersakin/brainmri/Datasest Merged 1/Datasest Merged 1/notumor/Tr-no_1236.jpg,2
/kaggle/input/datasets/sabersakin/brainmri/Datasest Merged 1/Datasest Merged 1/notumor/Tr-no_1055.jpg,/kaggle/input/datasets/sabersakin/brainmri/Datasest Merged 1/Datasest Merged 1/notumor/Tr-no_1331.jpg,0
/kaggle/input/datasets/sabersakin/brainmri/Datasest Merged 1/Datasest Merged 1/notumor/Tr-no_1055.jpg,/kaggle/input/datasets/sabersakin/brainmri/Datasest Merged 1/Datasest Merged 1/notumor/Tr-no_1031.jpg,0
/kaggle/input/datasets/sabersakin/brainmri/Datasest Merged 1/Datasest Merged 1/notumor/Tr-no_1055.jpg,/kaggle/input/datasets/sabersakin/brainmri/Datasest Merged 1/Datasest Merged 1/notumor/Te-no_0269.jpg,0
/kaggle/input/datasets/sabersakin/brainmri/Datasest Merged 1/Datasest Merged 1/notumor/Tr-no_1055.jpg,/kaggle/input/datasets/sabersakin/brainmri/Datasest Merged 1/Datasest Merged 1/notumor/image(244).jpg,0
/kaggle/input/datasets/sabersakin/brainmri/Datasest Merged 1/Datasest Merged 1/notumor/Tr-no_1055.jpg,/kaggle/input/datasets/sabersakin/brainmri/Datasest Merged 1/Datasest Merged 1/notumor/Tr-no_1225.jpg,0
/kaggle/input/datasets/sabersakin/brainmri/Datasest Merged 1/Datasest Merged 1/notumor/Tr-no_1055.jpg,/kaggle/input/datasets/sabersakin/brainmri/Datasest Merged 1/Datasest Merged 1/notumor/Te-no_0363.jpg,0
/kaggle/input/datasets/sabersakin/brainmri/Datasest Merged 1/Datasest Merged 1/notumor/Tr-no_0282.jpg,/kaggle/input/datasets/sabersakin/brainmri/Datasest Merged 1/Datasest Merged 1/notumor/Tr-no_0659.jpg,2
/kaggle/input/datasets/sabersakin/brainmri/Datasest Merged 1/Datasest Merged 1/notumor/Tr-no_0282.jpg,/kaggle/input/datasets/sabersakin/brainmri/Datasest Merged 1/Datasest Merged 1/notumor/Te-no_0227.jpg,2
/kaggle/input/datasets/sabersakin/brainmri/Datasest Merged 1/Datasest Merged 1/notumor/Tr-no_0282.jpg,/kaggle/input/datasets/sabersakin/brainmri/Datasest Merged 1/Datasest Merged 1/notumor/Tr-no_0344.jpg,0
/kaggle/input/datasets/sabersakin/brainmri/Datasest Merged 1/Datasest Merged 1/notumor/Tr-no_0282.jpg,/kaggle/input/datasets/sabersakin/brainmri/Datasest Merged 1/Datasest Merged 1/notumor/image(171).jpg,0
/kaggle/input/datasets/sabersakin/brainmri/Datasest Merged 1/Datasest Merged 1/notumor/Tr-no_0282.jpg,/kaggle/input/datasets/sabersakin/brainmri/Datasest Merged 1/Datasest Merged 1/notumor/Te-no_0165.jpg,2
/kaggle/input/datasets/sabersakin/brainmri/Datasest Merged 1/Datasest Merged 1/notumor/Tr-no_0282.jpg,/kaggle/input/datasets/sabersakin/brainmri/Datasest Merged 1/Datasest Merged 1/notumor/Tr-no_0148.jpg,0
/kaggle/input/datasets/sabersakin/brainmri/Datasest Merged 1/Datasest Merged 1/notumor/Tr-no_0282.jpg,/kaggle/input/datasets/sabersakin/brainmri/Datasest Merged 1/Datasest Merged 1/notumor/Tr-no_0690.jpg,2
/kaggle/input/datasets/sabersakin/brainmri/Datasest Merged 1/Datasest Merged 1/notumor/Tr-no_0282.jpg,/kaggle/input/datasets/sabersakin/brainmri/Datasest Merged 1/Datasest Merged 1/notumor/image(238).jpg,0
/kaggle/input/datasets/sabersakin/brainmri/Datasest Merged 1/Datasest Merged 1/notumor/Tr-no_0282.jpg,/kaggle/input/datasets/sabersakin/brainmri/Datasest Merged 1/Datasest Merged 1/notumor/Tr-no_1104.jpg,0
/kaggle/input/datasets/sabersakin/brainmri/Datasest Merged 1/Datasest Merged 1/notumor/Tr-no_0282.jpg,/kaggle/input/datasets/sabersakin/brainmri/Datasest Merged 1/Datasest Merged 1/notumor/Tr-no_0965.jpg,0
/kaggle/input/datasets/sabersakin/brainmri/Datasest Merged 1/Datasest Merged 1/notumor/Tr-no_0282.jpg,/kaggle/input/datasets/sabersakin/brainmri/Datasest Merged 1/Datasest Merged 1/notumor/Tr-no_1082.jpg,2
/kaggle/input/datasets/sabersakin/brainmri/Datasest Merged 1/Datasest Merged 1/notumor/Tr-no_0282.jpg,/kaggle/input/datasets/sabersakin/brainmri/Datasest Merged 1/Datasest Merged 1/notumor/Te-no_0215.jpg,0
/kaggle/input/datasets/sabersakin/brainmri/Datasest Merged 1/Datasest Merged 1/notumor/Tr-no_0282.jpg,/kaggle/input/datasets/sabersakin/brainmri/Datasest Merged 1/Datasest Merged 1/notumor/Tr-no_0505.jpg,2
/kaggle/input/datasets/sabersakin/brainmri/Datasest Merged 1/Datasest Merged 1/notumor/Tr-no_0282.jpg,/kaggle/input/datasets/sabersakin/brainmri/Datasest Merged 1/Datasest Merged 1/notumor/Tr-no_1048.jpg,0
/kaggle/input/datasets/sabersakin/brainmri/Datasest Merged 1/Datasest Merged 1/notumor/Tr-no_0282.jpg,/kaggle/input/datasets/sabersakin/brainmri/Datasest Merged 1/Datasest Merged 1/notumor/image(292).jpg,0
/kaggle/input/datasets/sabersakin/brainmri/Datasest Merged 1/Datasest Merged 1/notumor/Tr-no_0282.jpg,/kaggle/input/datasets/sabersakin/brainmri/Datasest Merged 1/Datasest Merged 1/notumor/image(201).jpg,0
/kaggle/input/datasets/sabersakin/brainmri/Datasest Merged 1/Datasest Merged 1/notumor/Tr-no_0282.jpg,/kaggle/input/datasets/sabersakin/brainmri/Datasest Merged 1/Datasest Merged 1/notumor/Te-no_0364.jpg,2
/kaggle/input/datasets/sabersakin/brainmri/Datasest Merged 1/Datasest Merged 1/notumor/Tr-no_0282.jpg,/kaggle/input/datasets/sabersakin/brainmri/Datasest Merged 1/Datasest Merged 1/notumor/image (40).jpg,2
/kaggle/input/datasets/sabersakin/brainmri/Datasest Merged 1/Datasest Merged 1/notumor/Tr-no_0282.jpg,/kaggle/input/datasets/sabersakin/brainmri/Datasest Merged 1/Datasest Merged 1/notumor/Tr-no_1013.jpg,0
/kaggle/input/datasets/sabersakin/brainmri/Datasest Merged 1/Datasest Merged 1/notumor/Tr-no_0282.jpg,/kaggle/input/datasets/sabersakin/brainmri/Datasest Merged 1/Datasest Merged 1/notumor/image(78).jpg,0
/kaggle/input/datasets/sabersakin/brainmri/Datasest Merged 1/Datasest Merged 1/notumor/Tr-no_0282.jpg,/kaggle/input/datasets/sabersakin/brainmri/Datasest Merged 1/Datasest Merged 1/notumor/Tr-no_0761.jpg,0
/kaggle/input/datasets/sabersakin/brainmri/Datasest Merged 1/Datasest Merged 1/notumor/Tr-no_0282.jpg,/kaggle/input/datasets/sabersakin/brainmri/Datasest Merged 1/Datasest Merged 1/notumor/Tr-no_0145.jpg,0
/kaggle/input/datasets/sabersakin/brainmri/Datasest Merged 1/Datasest Merged 1/notumor/Tr-no_0282.jpg,/kaggle/input/datasets/sabersakin/brainmri/Datasest Merged 1/Datasest Merged 1/notumor/Te-no_0080.jpg,0
/kaggle/input/datasets/sabersakin/brainmri/Datasest Merged 1/Datasest Merged 1/notumor/Tr-no_0282.jpg,/kaggle/input/datasets/sabersakin/brainmri/Datasest Merged 1/Datasest Merged 1/notumor/Tr-no_1201.jpg,2
/kaggle/input/datasets/sabersakin/brainmri/Datasest Merged 1/Datasest Merged 1/notumor/Tr-no_0282.jpg,/kaggle/input/datasets/sabersakin/brainmri/Datasest Merged 1/Datasest Merged 1/notumor/Tr-no_1102.jpg,0
/kaggle/input/datasets/sabersakin/brainmri/Datasest Merged 1/Datasest Merged 1/notumor/Tr-no_0282.jpg,/kaggle/input/datasets/sabersakin/brainmri/Datasest Merged 1/Datasest Merged 1/notumor/image(169).jpg,0
/kaggle/input/datasets/sabersakin/brainmri/Datasest Merged 1/Datasest Merged 1/notumor/Tr-no_0282.jpg,/kaggle/input/datasets/sabersakin/brainmri/Datasest Merged 1/Datasest Merged 1/notumor/Tr-no_1264.jpg,2
/kaggle/input/datasets/sabersakin/brainmri/Datasest Merged 1/Datasest Merged 1/notumor/Tr-no_0282.jpg,/kaggle/input/datasets/sabersakin/brainmri/Datasest Merged 1/Datasest Merged 1/notumor/Tr-no_0809.jpg,2
/kaggle/input/datasets/sabersakin/brainmri/Datasest Merged 1/Datasest Merged 1/notumor/image(92).jpg,/kaggle/input/datasets/sabersakin/brainmri/Datasest Merged 1/Datasest Merged 1/notumor/Te-no_0096.jpg,0
/kaggle/input/datasets/sabersakin/brainmri/Datasest Merged 1/Datasest Merged 1/notumor/image(92).jpg,/kaggle/input/datasets/sabersakin/brainmri/Datasest Merged 1/Datasest Merged 1/glioma/gg (753).jpg,4
/kaggle/input/datasets/sabersakin/brainmri/Datasest Merged 1/Datasest Merged 1/notumor/image(92).jpg,/kaggle/input/datasets/sabersakin/brainmri/Datasest Merged 1/Datasest Merged 1/meningioma/Tr-me_1305.jpg,4
/kaggle/input/datasets/sabersakin/brainmri/Datasest Merged 1/Datasest Merged 1/notumor/image(92).jpg,/kaggle/input/datasets/sabersakin/brainmri/Datasest Merged 1/Datasest Merged 1/notumor/Tr-no_0359.jpg,0
/kaggle/input/datasets/sabersakin/brainmri/Datasest Merged 1/Datasest Merged 1/meningioma/Tr-me_1008.jpg,/kaggle/input/datasets/sabersakin/brainmri/Datasest Merged 1/Datasest Merged 1/meningioma/Tr-me_1007.jpg,4
/kaggle/input/datasets/sabersakin/brainmri/Datasest Merged 1/Datasest Merged 1/glioma/Te-gl_0130.jpg,/kaggle/input/datasets/sabersakin/brainmri/Datasest Merged 1/Datasest Merged 1/glioma/Tr-gl_0435.jpg,2
/kaggle/input/datasets/sabersakin/brainmri/Datasest Merged 1/Datasest Merged 1/glioma/Te-gl_0130.jpg,/kaggle/input/datasets/sabersakin/brainmri/Datasest Merged 1/Datasest Merged 1/glioma/Tr-gl_0434.jpg,4
/kaggle/input/datasets/sabersakin/brainmri/Datasest Merged 1/Datasest Merged 1/notumor/Te-no_0067.jpg,/kaggle/input/datasets/sabersakin/brainmri/Datasest Merged 1/Datasest Merged 1/notumor/image(382).jpg,0
/kaggle/input/datasets/sabersakin/brainmri/Datasest Merged 1/Datasest Merged 1/notumor/Te-no_0067.jpg,/kaggle/input/datasets/sabersakin/brainmri/Datasest Merged 1/Datasest Merged 1/notumor/Tr-no_0347.jpg,0
/kaggle/input/datasets/sabersakin/brainmri/Datasest Merged 1/Datasest Merged 1/notumor/Te-no_0067.jpg,/kaggle/input/datasets/sabersakin/brainmri/Datasest Merged 1/Datasest Merged 1/notumor/Te-no_0031.jpg,0
/kaggle/input/datasets/sabersakin/brainmri/Datasest Merged 1/Datasest Merged 1/notumor/Te-no_0067.jpg,/kaggle/input/datasets/sabersakin/brainmri/Datasest Merged 1/Datasest Merged 1/notumor/Tr-no_0331.jpg,0
/kaggle/input/datasets/sabersakin/brainmri/Datasest Merged 1/Datasest Merged 1/notumor/Te-no_0067.jpg,/kaggle/input/datasets/sabersakin/brainmri/Datasest Merged 1/Datasest Merged 1/notumor/image(367).jpg,0
/kaggle/input/datasets/sabersakin/brainmri/Datasest Merged 1/Datasest Merged 1/notumor/Te-no_0067.jpg,/kaggle/input/datasets/sabersakin/brainmri/Datasest Merged 1/Datasest Merged 1/notumor/Tr-no_0373.jpg,0
/kaggle/input/datasets/sabersakin/brainmri/Datasest Merged 1/Datasest Merged 1/notumor/Te-no_0067.jpg,/kaggle/input/datasets/sabersakin/brainmri/Datasest Merged 1/Datasest Merged 1/notumor/image(334).jpg,0
/kaggle/input/datasets/sabersakin/brainmri/Datasest Merged 1/Datasest Merged 1/notumor/Te-no_0067.jpg,/kaggle/input/datasets/sabersakin/brainmri/Datasest Merged 1/Datasest Merged 1/notumor/image(10).jpg,0
/kaggle/input/datasets/sabersakin/brainmri/Datasest Merged 1/Datasest Merged 1/notumor/Te-no_0067.jpg,/kaggle/input/datasets/sabersakin/brainmri/Datasest Merged 1/Datasest Merged 1/notumor/image(81).jpg,0
/kaggle/input/datasets/sabersakin/brainmri/Datasest Merged 1/Datasest Merged 1/notumor/Te-no_0067.jpg,/kaggle/input/datasets/sabersakin/brainmri/Datasest Merged 1/Datasest Merged 1/notumor/Tr-no_1088.jpg,0
/kaggle/input/datasets/sabersakin/brainmri/Datasest Merged 1/Datasest Merged 1/notumor/Te-no_0067.jpg,/kaggle/input/datasets/sabersakin/brainmri/Datasest Merged 1/Datasest Merged 1/notumor/image (51).jpg,0
/kaggle/input/datasets/sabersakin/brainmri/Datasest Merged 1/Datasest Merged 1/notumor/Te-no_0067.jpg,/kaggle/input/datasets/sabersakin/brainmri/Datasest Merged 1/Datasest Merged 1/notumor/Te-no_0084.jpg,0
/kaggle/input/datasets/sabersakin/brainmri/Datasest Merged 1/Datasest Merged 1/pituitary/Tr-pi_0987.jpg,/kaggle/input/datasets/sabersakin/brainmri/Datasest Merged 1/Datasest Merged 1/pituitary/Te-pi_0144.jpg,4
/kaggle/input/datasets/sabersakin/brainmri/Datasest Merged 1/Datasest Merged 1/glioma/gg (718).jpg,/kaggle/input/datasets/sabersakin/brainmri/Datasest Merged 1/Datasest Merged 1/glioma/Tr-gl_0100.jpg,4
/kaggle/input/datasets/sabersakin/brainmri/Datasest Merged 1/Datasest Merged 1/notumor/Tr-no_1196.jpg,/kaggle/input/datasets/sabersakin/brainmri/Datasest Merged 1/Datasest Merged 1/notumor/Tr-no_1222.jpg,4
/kaggle/input/datasets/sabersakin/brainmri/Datasest Merged 1/Datasest Merged 1/notumor/Tr-no_1196.jpg,/kaggle/input/datasets/sabersakin/brainmri/Datasest Merged 1/Datasest Merged 1/notumor/Tr-no_0673.jpg,4
/kaggle/input/datasets/sabersakin/brainmri/Datasest Merged 1/Datasest Merged 1/notumor/Tr-no_1196.jpg,/kaggle/input/datasets/sabersakin/brainmri/Datasest Merged 1/Datasest Merged 1/notumor/Te-no_0200.jpg,4
/kaggle/input/datasets/sabersakin/brainmri/Datasest Merged 1/Datasest Merged 1/notumor/Tr-no_1196.jpg,/kaggle/input/datasets/sabersakin/brainmri/Datasest Merged 1/Datasest Merged 1/notumor/Tr-no_0815.jpg,2
/kaggle/input/datasets/sabersakin/brainmri/Datasest Merged 1/Datasest Merged 1/notumor/Tr-no_1196.jpg,/kaggle/input/datasets/sabersakin/brainmri/Datasest Merged 1/Datasest Merged 1/notumor/Tr-no_0730.jpg,2
/kaggle/input/datasets/sabersakin/brainmri/Datasest Merged 1/Datasest Merged 1/notumor/Tr-no_1196.jpg,/kaggle/input/datasets/sabersakin/brainmri/Datasest Merged 1/Datasest Merged 1/notumor/Te-no_0367.jpg,2
/kaggle/input/datasets/sabersakin/brainmri/Datasest Merged 1/Datasest Merged 1/notumor/Tr-no_1196.jpg,/kaggle/input/datasets/sabersakin/brainmri/Datasest Merged 1/Datasest Merged 1/notumor/Tr-no_0523.jpg,4
/kaggle/input/datasets/sabersakin/brainmri/Datasest Merged 1/Datasest Merged 1/notumor/Tr-no_1196.jpg,/kaggle/input/datasets/sabersakin/brainmri/Datasest Merged 1/Datasest Merged 1/notumor/Te-no_0160.jpg,4
/kaggle/input/datasets/sabersakin/brainmri/Datasest Merged 1/Datasest Merged 1/meningioma/Tr-me_0074.jpg,/kaggle/input/datasets/sabersakin/brainmri/Datasest Merged 1/Datasest Merged 1/meningioma/m (187).jpg,0
/kaggle/input/datasets/sabersakin/brainmri/Datasest Merged 1/Datasest Merged 1/notumor/Te-no_0295.jpg,/kaggle/input/datasets/sabersakin/brainmri/Datasest Merged 1/Datasest Merged 1/notumor/Tr-no_0024.jpg,0
/kaggle/input/datasets/sabersakin/brainmri/Datasest Merged 1/Datasest Merged 1/notumor/Te-no_0295.jpg,/kaggle/input/datasets/sabersakin/brainmri/Datasest Merged 1/Datasest Merged 1/notumor/Tr-no_1298.jpg,2
/kaggle/input/datasets/sabersakin/brainmri/Datasest Merged 1/Datasest Merged 1/notumor/Te-no_0295.jpg,/kaggle/input/datasets/sabersakin/brainmri/Datasest Merged 1/Datasest Merged 1/notumor/Tr-no_1249.jpg,2
/kaggle/input/datasets/sabersakin/brainmri/Datasest Merged 1/Datasest Merged 1/notumor/Te-no_0295.jpg,/kaggle/input/datasets/sabersakin/brainmri/Datasest Merged 1/Datasest Merged 1/notumor/Tr-no_0568.jpg,2
/kaggle/input/datasets/sabersakin/brainmri/Datasest Merged 1/Datasest Merged 1/notumor/Te-no_0295.jpg,/kaggle/input/datasets/sabersakin/brainmri/Datasest Merged 1/Datasest Merged 1/notumor/Tr-no_0231.jpg,0
/kaggle/input/datasets/sabersakin/brainmri/Datasest Merged 1/Datasest Merged 1/notumor/Te-no_0295.jpg,/kaggle/input/datasets/sabersakin/brainmri/Datasest Merged 1/Datasest Merged 1/notumor/Tr-no_0012.jpg,0
/kaggle/input/datasets/sabersakin/brainmri/Datasest Merged 1/Datasest Merged 1/notumor/Te-no_0295.jpg,/kaggle/input/datasets/sabersakin/brainmri/Datasest Merged 1/Datasest Merged 1/notumor/Tr-no_1160.jpg,2
/kaggle/input/datasets/sabersakin/brainmri/Datasest Merged 1/Datasest Merged 1/notumor/Te-no_0295.jpg,/kaggle/input/datasets/sabersakin/brainmri/Datasest Merged 1/Datasest Merged 1/notumor/Tr-no_0298.jpg,0
/kaggle/input/datasets/sabersakin/brainmri/Datasest Merged 1/Datasest Merged 1/notumor/Te-no_0295.jpg,/kaggle/input/datasets/sabersakin/brainmri/Datasest Merged 1/Datasest Merged 1/notumor/image(215).jpg,2
/kaggle/input/datasets/sabersakin/brainmri/Datasest Merged 1/Datasest Merged 1/notumor/Te-no_0295.jpg,/kaggle/input/datasets/sabersakin/brainmri/Datasest Merged 1/Datasest Merged 1/notumor/Tr-no_1131.jpg,0
/kaggle/input/datasets/sabersakin/brainmri/Datasest Merged 1/Datasest Merged 1/notumor/Te-no_0295.jpg,/kaggle/input/datasets/sabersakin/brainmri/Datasest Merged 1/Datasest Merged 1/notumor/image (13).jpg,0
/kaggle/input/datasets/sabersakin/brainmri/Datasest Merged 1/Datasest Merged 1/notumor/Te-no_0295.jpg,/kaggle/input/datasets/sabersakin/brainmri/Datasest Merged 1/Datasest Merged 1/notumor/Tr-no_0921.jpg,2
/kaggle/input/datasets/sabersakin/brainmri/Datasest Merged 1/Datasest Merged 1/notumor/Te-no_0295.jpg,/kaggle/input/datasets/sabersakin/brainmri/Datasest Merged 1/Datasest Merged 1/notumor/Tr-no_0792.jpg,4
/kaggle/input/datasets/sabersakin/brainmri/Datasest Merged 1/Datasest Merged 1/notumor/Te-no_0295.jpg,/kaggle/input/datasets/sabersakin/brainmri/Datasest Merged 1/Datasest Merged 1/notumor/image (26).jpg,0
/kaggle/input/datasets/sabersakin/brainmri/Datasest Merged 1/Datasest Merged 1/notumor/Te-no_0295.jpg,/kaggle/input/datasets/sabersakin/brainmri/Datasest Merged 1/Datasest Merged 1/notumor/Tr-no_0197.jpg,2
/kaggle/input/datasets/sabersakin/brainmri/Datasest Merged 1/Datasest Merged 1/notumor/Te-no_0295.jpg,/kaggle/input/datasets/sabersakin/brainmri/Datasest Merged 1/Datasest Merged 1/notumor/Te-no_0167.jpg,2
/kaggle/input/datasets/sabersakin/brainmri/Datasest Merged 1/Datasest Merged 1/notumor/Te-no_0295.jpg,/kaggle/input/datasets/sabersakin/brainmri/Datasest Merged 1/Datasest Merged 1/notumor/Tr-no_0276.jpg,2
/kaggle/input/datasets/sabersakin/brainmri/Datasest Merged 1/Datasest Merged 1/notumor/Te-no_0295.jpg,/kaggle/input/datasets/sabersakin/brainmri/Datasest Merged 1/Datasest Merged 1/notumor/Tr-no_1041.jpg,2
/kaggle/input/datasets/sabersakin/brainmri/Datasest Merged 1/Datasest Merged 1/notumor/Te-no_0295.jpg,/kaggle/input/datasets/sabersakin/brainmri/Datasest Merged 1/Datasest Merged 1/notumor/Tr-no_0011.jpg,0
/kaggle/input/datasets/sabersakin/brainmri/Datasest Merged 1/Datasest Merged 1/pituitary/p (100).jpg,/kaggle/input/datasets/sabersakin/brainmri/Datasest Merged 1/Datasest Merged 1/pituitary/Tr-piTr_0002.jpg,0
/kaggle/input/datasets/sabersakin/brainmri/Datasest Merged 1/Datasest Merged 1/pituitary/p (100).jpg,/kaggle/input/datasets/sabersakin/brainmri/Datasest Merged 1/Datasest Merged 1/pituitary/Tr-pi_0253.jpg,4
/kaggle/input/datasets/sabersakin/brainmri/Datasest Merged 1/Datasest Merged 1/pituitary/p (100).jpg,/kaggle/input/datasets/sabersakin/brainmri/Datasest Merged 1/Datasest Merged 1/pituitary/p (327).jpg,4
/kaggle/input/datasets/sabersakin/brainmri/Datasest Merged 1/Datasest Merged 1/pituitary/Tr-pi_0376.jpg,/kaggle/input/datasets/sabersakin/brainmri/Datasest Merged 1/Datasest Merged 1/pituitary/p (438).jpg,0
/kaggle/input/datasets/sabersakin/brainmri/Datasest Merged 1/Datasest Merged 1/meningioma/image(20).jpg,/kaggle/input/datasets/sabersakin/brainmri/Datasest Merged 1/Datasest Merged 1/meningioma/Te-me_0027.jpg,0
/kaggle/input/datasets/sabersakin/brainmri/Datasest Merged 1/Datasest Merged 1/notumor/Te-no_0092.jpg,/kaggle/input/datasets/sabersakin/brainmri/Datasest Merged 1/Datasest Merged 1/notumor/image(390).jpg,0
/kaggle/input/datasets/sabersakin/brainmri/Datasest Merged 1/Datasest Merged 1/notumor/Te-no_0092.jpg,/kaggle/input/datasets/sabersakin/brainmri/Datasest Merged 1/Datasest Merged 1/notumor/image(89).jpg,0
/kaggle/input/datasets/sabersakin/brainmri/Datasest Merged 1/Datasest Merged 1/glioma/gg (676).jpg,/kaggle/input/datasets/sabersakin/brainmri/Datasest Merged 1/Datasest Merged 1/glioma/gg (675).jpg,4
/kaggle/input/datasets/sabersakin/brainmri/Datasest Merged 1/Datasest Merged 1/glioma/gg (676).jpg,/kaggle/input/datasets/sabersakin/brainmri/Datasest Merged 1/Datasest Merged 1/glioma/gg (677).jpg,4
/kaggle/input/datasets/sabersakin/brainmri/Datasest Merged 1/Datasest Merged 1/glioma/gg (676).jpg,/kaggle/input/datasets/sabersakin/brainmri/Datasest Merged 1/Datasest Merged 1/glioma/Te-gl_0036.jpg,4
/kaggle/input/datasets/sabersakin/brainmri/Datasest Merged 1/Datasest Merged 1/glioma/gg (676).jpg,/kaggle/input/datasets/sabersakin/brainmri/Datasest Merged 1/Datasest Merged 1/glioma/Tr-gl_0092.jpg,0
/kaggle/input/datasets/sabersakin/brainmri/Datasest Merged 1/Datasest Merged 1/pituitary/Tr-pi_0860.jpg,/kaggle/input/datasets/sabersakin/brainmri/Datasest Merged 1/Datasest Merged 1/pituitary/Tr-pi_1293.jpg,4
/kaggle/input/datasets/sabersakin/brainmri/Datasest Merged 1/Datasest Merged 1/meningioma/m2 (159).jpg,/kaggle/input/datasets/sabersakin/brainmri/Datasest Merged 1/Datasest Merged 1/meningioma/Tr-me_0434.jpg,0
/kaggle/input/datasets/sabersakin/brainmri/Datasest Merged 1/Datasest Merged 1/pituitary/Tr-pi_0035.jpg,/kaggle/input/datasets/sabersakin/brainmri/Datasest Merged 1/Datasest Merged 1/pituitary/p (134).jpg,2
/kaggle/input/datasets/sabersakin/brainmri/Datasest Merged 1/Datasest Merged 1/pituitary/Tr-pi_0035.jpg,/kaggle/input/datasets/sabersakin/brainmri/Datasest Merged 1/Datasest Merged 1/pituitary/image(19).jpg,0
/kaggle/input/datasets/sabersakin/brainmri/Datasest Merged 1/Datasest Merged 1/pituitary/Tr-pi_0035.jpg,/kaggle/input/datasets/sabersakin/brainmri/Datasest Merged 1/Datasest Merged 1/pituitary/image(21).jpg,0
/kaggle/input/datasets/sabersakin/brainmri/Datasest Merged 1/Datasest Merged 1/pituitary/Tr-pi_0035.jpg,/kaggle/input/datasets/sabersakin/brainmri/Datasest Merged 1/Datasest Merged 1/pituitary/image(20).jpg,0
/kaggle/input/datasets/sabersakin/brainmri/Datasest Merged 1/Datasest Merged 1/pituitary/Tr-pi_0035.jpg,/kaggle/input/datasets/sabersakin/brainmri/Datasest Merged 1/Datasest Merged 1/pituitary/Tr-pi_0039.jpg,2
/kaggle/input/datasets/sabersakin/brainmri/Datasest Merged 1/Datasest Merged 1/pituitary/Tr-pi_0035.jpg,/kaggle/input/datasets/sabersakin/brainmri/Datasest Merged 1/Datasest Merged 1/pituitary/p (130).jpg,0
/kaggle/input/datasets/sabersakin/brainmri/Datasest Merged 1/Datasest Merged 1/pituitary/Tr-pi_0035.jpg,/kaggle/input/datasets/sabersakin/brainmri/Datasest Merged 1/Datasest Merged 1/pituitary/image(30).jpg,2
/kaggle/input/datasets/sabersakin/brainmri/Datasest Merged 1/Datasest Merged 1/meningioma/Tr-me_0240.jpg,/kaggle/input/datasets/sabersakin/brainmri/Datasest Merged 1/Datasest Merged 1/meningioma/m1(161).jpg,0
/kaggle/input/datasets/sabersakin/brainmri/Datasest Merged 1/Datasest Merged 1/notumor/Te-no_0193.jpg,/kaggle/input/datasets/sabersakin/brainmri/Datasest Merged 1/Datasest Merged 1/notumor/Tr-no_1206.jpg,4
/kaggle/input/datasets/sabersakin/brainmri/Datasest Merged 1/Datasest Merged 1/notumor/Te-no_0193.jpg,/kaggle/input/datasets/sabersakin/brainmri/Datasest Merged 1/Datasest Merged 1/notumor/Tr-no_0418.jpg,0
/kaggle/input/datasets/sabersakin/brainmri/Datasest Merged 1/Datasest Merged 1/notumor/Te-no_0193.jpg,/kaggle/input/datasets/sabersakin/brainmri/Datasest Merged 1/Datasest Merged 1/notumor/Tr-no_0667.jpg,4
/kaggle/input/datasets/sabersakin/brainmri/Datasest Merged 1/Datasest Merged 1/notumor/image(67).jpg,/kaggle/input/datasets/sabersakin/brainmri/Datasest Merged 1/Datasest Merged 1/notumor/image(354).jpg,0
/kaggle/input/datasets/sabersakin/brainmri/Datasest Merged 1/Datasest Merged 1/notumor/image(67).jpg,/kaggle/input/datasets/sabersakin/brainmri/Datasest Merged 1/Datasest Merged 1/notumor/Tr-no_0982.jpg,0
/kaggle/input/datasets/sabersakin/brainmri/Datasest Merged 1/Datasest Merged 1/notumor/image(67).jpg,/kaggle/input/datasets/sabersakin/brainmri/Datasest Merged 1/Datasest Merged 1/notumor/image(49).jpg,0
/kaggle/input/datasets/sabersakin/brainmri/Datasest Merged 1/Datasest Merged 1/notumor/image(67).jpg,/kaggle/input/datasets/sabersakin/brainmri/Datasest Merged 1/Datasest Merged 1/notumor/image(53).jpg,0
/kaggle/input/datasets/sabersakin/brainmri/Datasest Merged 1/Datasest Merged 1/notumor/image(67).jpg,/kaggle/input/datasets/sabersakin/brainmri/Datasest Merged 1/Datasest Merged 1/notumor/Tr-no_0224.jpg,0
/kaggle/input/datasets/sabersakin/brainmri/Datasest Merged 1/Datasest Merged 1/notumor/image(67).jpg,/kaggle/input/datasets/sabersakin/brainmri/Datasest Merged 1/Datasest Merged 1/notumor/Tr-no_0268.jpg,0
/kaggle/input/datasets/sabersakin/brainmri/Datasest Merged 1/Datasest Merged 1/notumor/image(67).jpg,/kaggle/input/datasets/sabersakin/brainmri/Datasest Merged 1/Datasest Merged 1/notumor/image(350).jpg,0
/kaggle/input/datasets/sabersakin/brainmri/Datasest Merged 1/Datasest Merged 1/notumor/image(67).jpg,/kaggle/input/datasets/sabersakin/brainmri/Datasest Merged 1/Datasest Merged 1/notumor/image(385).jpg,0
/kaggle/input/datasets/sabersakin/brainmri/Datasest Merged 1/Datasest Merged 1/notumor/image(67).jpg,/kaggle/input/datasets/sabersakin/brainmri/Datasest Merged 1/Datasest Merged 1/notumor/Te-no_0068.jpg,0
/kaggle/input/datasets/sabersakin/brainmri/Datasest Merged 1/Datasest Merged 1/notumor/image(67).jpg,/kaggle/input/datasets/sabersakin/brainmri/Datasest Merged 1/Datasest Merged 1/notumor/image(84).jpg,0
/kaggle/input/datasets/sabersakin/brainmri/Datasest Merged 1/Datasest Merged 1/notumor/image(67).jpg,/kaggle/input/datasets/sabersakin/brainmri/Datasest Merged 1/Datasest Merged 1/notumor/Te-no_0048.jpg,0
/kaggle/input/datasets/sabersakin/brainmri/Datasest Merged 1/Datasest Merged 1/notumor/image(67).jpg,/kaggle/input/datasets/sabersakin/brainmri/Datasest Merged 1/Datasest Merged 1/notumor/Tr-no_0056.jpg,0
/kaggle/input/datasets/sabersakin/brainmri/Datasest Merged 1/Datasest Merged 1/notumor/image(67).jpg,/kaggle/input/datasets/sabersakin/brainmri/Datasest Merged 1/Datasest Merged 1/notumor/Te-no_0087.jpg,0
/kaggle/input/datasets/sabersakin/brainmri/Datasest Merged 1/Datasest Merged 1/notumor/image(67).jpg,/kaggle/input/datasets/sabersakin/brainmri/Datasest Merged 1/Datasest Merged 1/notumor/image(368).jpg,0
/kaggle/input/datasets/sabersakin/brainmri/Datasest Merged 1/Datasest Merged 1/notumor/image(67).jpg,/kaggle/input/datasets/sabersakin/brainmri/Datasest Merged 1/Datasest Merged 1/notumor/Te-no_0053.jpg,0
/kaggle/input/datasets/sabersakin/brainmri/Datasest Merged 1/Datasest Merged 1/notumor/image(67).jpg,/kaggle/input/datasets/sabersakin/brainmri/Datasest Merged 1/Datasest Merged 1/notumor/Tr-no_0332.jpg,0
/kaggle/input/datasets/sabersakin/brainmri/Datasest Merged 1/Datasest Merged 1/notumor/image(67).jpg,/kaggle/input/datasets/sabersakin/brainmri/Datasest Merged 1/Datasest Merged 1/notumor/image (56).jpg,0
/kaggle/input/datasets/sabersakin/brainmri/Datasest Merged 1/Datasest Merged 1/pituitary/p (302).jpg,/kaggle/input/datasets/sabersakin/brainmri/Datasest Merged 1/Datasest Merged 1/pituitary/Tr-pi_0227.jpg,0
/kaggle/input/datasets/sabersakin/brainmri/Datasest Merged 1/Datasest Merged 1/pituitary/p (302).jpg,/kaggle/input/datasets/sabersakin/brainmri/Datasest Merged 1/Datasest Merged 1/pituitary/p (303).jpg,0
/kaggle/input/datasets/sabersakin/brainmri/Datasest Merged 1/Datasest Merged 1/pituitary/p (302).jpg,/kaggle/input/datasets/sabersakin/brainmri/Datasest Merged 1/Datasest Merged 1/pituitary/Tr-pi_0226.jpg,0
/kaggle/input/datasets/sabersakin/brainmri/Datasest Merged 1/Datasest Merged 1/meningioma/Tr-me_0256.jpg,/kaggle/input/datasets/sabersakin/brainmri/Datasest Merged 1/Datasest Merged 1/meningioma/Te-me_0078.jpg,0
/kaggle/input/datasets/sabersakin/brainmri/Datasest Merged 1/Datasest Merged 1/meningioma/Tr-me_0251.jpg,/kaggle/input/datasets/sabersakin/brainmri/Datasest Merged 1/Datasest Merged 1/meningioma/Tr-me_0249.jpg,0
/kaggle/input/datasets/sabersakin/brainmri/Datasest Merged 1/Datasest Merged 1/meningioma/Tr-me_0251.jpg,/kaggle/input/datasets/sabersakin/brainmri/Datasest Merged 1/Datasest Merged 1/meningioma/image(62).jpg,0
/kaggle/input/datasets/sabersakin/brainmri/Datasest Merged 1/Datasest Merged 1/meningioma/Tr-me_0251.jpg,/kaggle/input/datasets/sabersakin/brainmri/Datasest Merged 1/Datasest Merged 1/meningioma/m1(172).jpg,0
/kaggle/input/datasets/sabersakin/brainmri/Datasest Merged 1/Datasest Merged 1/meningioma/Tr-me_0251.jpg,/kaggle/input/datasets/sabersakin/brainmri/Datasest Merged 1/Datasest Merged 1/meningioma/image(60).jpg,0
/kaggle/input/datasets/sabersakin/brainmri/Datasest Merged 1/Datasest Merged 1/meningioma/Tr-me_0251.jpg,/kaggle/input/datasets/sabersakin/brainmri/Datasest Merged 1/Datasest Merged 1/meningioma/Te-me_0073.jpg,0
/kaggle/input/datasets/sabersakin/brainmri/Datasest Merged 1/Datasest Merged 1/meningioma/Tr-me_0251.jpg,/kaggle/input/datasets/sabersakin/brainmri/Datasest Merged 1/Datasest Merged 1/meningioma/Te-me_0071.jpg,0
/kaggle/input/datasets/sabersakin/brainmri/Datasest Merged 1/Datasest Merged 1/meningioma/Tr-me_0251.jpg,/kaggle/input/datasets/sabersakin/brainmri/Datasest Merged 1/Datasest Merged 1/meningioma/m1(170).jpg,0
/kaggle/input/datasets/sabersakin/brainmri/Datasest Merged 1/Datasest Merged 1/notumor/Te-no_0044.jpg,/kaggle/input/datasets/sabersakin/brainmri/Datasest Merged 1/Datasest Merged 1/notumor/Tr-no_0984.jpg,0
/kaggle/input/datasets/sabersakin/brainmri/Datasest Merged 1/Datasest Merged 1/notumor/Te-no_0044.jpg,/kaggle/input/datasets/sabersakin/brainmri/Datasest Merged 1/Datasest Merged 1/notumor/Tr-no_0324.jpg,0
/kaggle/input/datasets/sabersakin/brainmri/Datasest Merged 1/Datasest Merged 1/notumor/Te-no_0044.jpg,/kaggle/input/datasets/sabersakin/brainmri/Datasest Merged 1/Datasest Merged 1/notumor/image(346).jpg,0
/kaggle/input/datasets/sabersakin/brainmri/Datasest Merged 1/Datasest Merged 1/notumor/Te-no_0044.jpg,/kaggle/input/datasets/sabersakin/brainmri/Datasest Merged 1/Datasest Merged 1/notumor/Tr-no_0057.jpg,0
/kaggle/input/datasets/sabersakin/brainmri/Datasest Merged 1/Datasest Merged 1/notumor/Te-no_0044.jpg,/kaggle/input/datasets/sabersakin/brainmri/Datasest Merged 1/Datasest Merged 1/notumor/Te-no_0055.jpg,0
/kaggle/input/datasets/sabersakin/brainmri/Datasest Merged 1/Datasest Merged 1/notumor/Te-no_0044.jpg,/kaggle/input/datasets/sabersakin/brainmri/Datasest Merged 1/Datasest Merged 1/notumor/image(60).jpg,0
/kaggle/input/datasets/sabersakin/brainmri/Datasest Merged 1/Datasest Merged 1/notumor/Te-no_0044.jpg,/kaggle/input/datasets/sabersakin/brainmri/Datasest Merged 1/Datasest Merged 1/notumor/image(55).jpg,0
/kaggle/input/datasets/sabersakin/brainmri/Datasest Merged 1/Datasest Merged 1/notumor/Te-no_0044.jpg,/kaggle/input/datasets/sabersakin/brainmri/Datasest Merged 1/Datasest Merged 1/notumor/image(45).jpg,0
/kaggle/input/datasets/sabersakin/brainmri/Datasest Merged 1/Datasest Merged 1/notumor/Te-no_0044.jpg,/kaggle/input/datasets/sabersakin/brainmri/Datasest Merged 1/Datasest Merged 1/notumor/Te-no_0061.jpg,0
/kaggle/input/datasets/sabersakin/brainmri/Datasest Merged 1/Datasest Merged 1/notumor/Te-no_0044.jpg,/kaggle/input/datasets/sabersakin/brainmri/Datasest Merged 1/Datasest Merged 1/notumor/image(16).jpg,0
/kaggle/input/datasets/sabersakin/brainmri/Datasest Merged 1/Datasest Merged 1/notumor/Te-no_0044.jpg,/kaggle/input/datasets/sabersakin/brainmri/Datasest Merged 1/Datasest Merged 1/notumor/Te-no_0012.jpg,0
/kaggle/input/datasets/sabersakin/brainmri/Datasest Merged 1/Datasest Merged 1/notumor/Te-no_0044.jpg,/kaggle/input/datasets/sabersakin/brainmri/Datasest Merged 1/Datasest Merged 1/notumor/image(356).jpg,0
/kaggle/input/datasets/sabersakin/brainmri/Datasest Merged 1/Datasest Merged 1/notumor/Te-no_0044.jpg,/kaggle/input/datasets/sabersakin/brainmri/Datasest Merged 1/Datasest Merged 1/notumor/Tr-no_0291.jpg,0
/kaggle/input/datasets/sabersakin/brainmri/Datasest Merged 1/Datasest Merged 1/notumor/Te-no_0044.jpg,/kaggle/input/datasets/sabersakin/brainmri/Datasest Merged 1/Datasest Merged 1/notumor/image (57).jpg,0
/kaggle/input/datasets/sabersakin/brainmri/Datasest Merged 1/Datasest Merged 1/notumor/Te-no_0044.jpg,/kaggle/input/datasets/sabersakin/brainmri/Datasest Merged 1/Datasest Merged 1/notumor/image(361).jpg,0
/kaggle/input/datasets/sabersakin/brainmri/Datasest Merged 1/Datasest Merged 1/notumor/Tr-no_1339.jpg,/kaggle/input/datasets/sabersakin/brainmri/Datasest Merged 1/Datasest Merged 1/notumor/Tr-no_0640.jpg,0
/kaggle/input/datasets/sabersakin/brainmri/Datasest Merged 1/Datasest Merged 1/notumor/Tr-no_1127.jpg,/kaggle/input/datasets/sabersakin/brainmri/Datasest Merged 1/Datasest Merged 1/notumor/image(241).jpg,0
/kaggle/input/datasets/sabersakin/brainmri/Datasest Merged 1/Datasest Merged 1/notumor/Tr-no_1179.jpg,/kaggle/input/datasets/sabersakin/brainmri/Datasest Merged 1/Datasest Merged 1/notumor/Tr-no_0187.jpg,0
/kaggle/input/datasets/sabersakin/brainmri/Datasest Merged 1/Datasest Merged 1/notumor/Tr-no_1179.jpg,/kaggle/input/datasets/sabersakin/brainmri/Datasest Merged 1/Datasest Merged 1/notumor/image(204).jpg,0
/kaggle/input/datasets/sabersakin/brainmri/Datasest Merged 1/Datasest Merged 1/notumor/Tr-no_1179.jpg,/kaggle/input/datasets/sabersakin/brainmri/Datasest Merged 1/Datasest Merged 1/notumor/Te-no_0211.jpg,0
/kaggle/input/datasets/sabersakin/brainmri/Datasest Merged 1/Datasest Merged 1/notumor/Tr-no_1179.jpg,/kaggle/input/datasets/sabersakin/brainmri/Datasest Merged 1/Datasest Merged 1/notumor/Tr-no_0185.jpg,0
/kaggle/input/datasets/sabersakin/brainmri/Datasest Merged 1/Datasest Merged 1/notumor/Tr-no_1179.jpg,/kaggle/input/datasets/sabersakin/brainmri/Datasest Merged 1/Datasest Merged 1/notumor/image(206).jpg,0
/kaggle/input/datasets/sabersakin/brainmri/Datasest Merged 1/Datasest Merged 1/notumor/Tr-no_1179.jpg,/kaggle/input/datasets/sabersakin/brainmri/Datasest Merged 1/Datasest Merged 1/notumor/image(136).jpg,0
/kaggle/input/datasets/sabersakin/brainmri/Datasest Merged 1/Datasest Merged 1/notumor/Tr-no_1179.jpg,/kaggle/input/datasets/sabersakin/brainmri/Datasest Merged 1/Datasest Merged 1/notumor/Te-no_0307.jpg,0
/kaggle/input/datasets/sabersakin/brainmri/Datasest Merged 1/Datasest Merged 1/notumor/Tr-no_1179.jpg,/kaggle/input/datasets/sabersakin/brainmri/Datasest Merged 1/Datasest Merged 1/notumor/Tr-no_1015.jpg,0
/kaggle/input/datasets/sabersakin/brainmri/Datasest Merged 1/Datasest Merged 1/pituitary/Tr-pi_0663.jpg,/kaggle/input/datasets/sabersakin/brainmri/Datasest Merged 1/Datasest Merged 1/pituitary/p (736).jpg,0
/kaggle/input/datasets/sabersakin/brainmri/Datasest Merged 1/Datasest Merged 1/notumor/Te-no_0123.jpg,/kaggle/input/datasets/sabersakin/brainmri/Datasest Merged 1/Datasest Merged 1/notumor/Tr-no_1406.jpg,0
/kaggle/input/datasets/sabersakin/brainmri/Datasest Merged 1/Datasest Merged 1/notumor/Te-no_0123.jpg,/kaggle/input/datasets/sabersakin/brainmri/Datasest Merged 1/Datasest Merged 1/notumor/Tr-no_1567.jpg,0
/kaggle/input/datasets/sabersakin/brainmri/Datasest Merged 1/Datasest Merged 1/notumor/Te-no_0123.jpg,/kaggle/input/datasets/sabersakin/brainmri/Datasest Merged 1/Datasest Merged 1/notumor/Tr-no_0930.jpg,2
/kaggle/input/datasets/sabersakin/brainmri/Datasest Merged 1/Datasest Merged 1/notumor/Tr-no_0720.jpg,/kaggle/input/datasets/sabersakin/brainmri/Datasest Merged 1/Datasest Merged 1/notumor/Tr-no_1554.jpg,0
/kaggle/input/datasets/sabersakin/brainmri/Datasest Merged 1/Datasest Merged 1/notumor/Tr-no_0720.jpg,/kaggle/input/datasets/sabersakin/brainmri/Datasest Merged 1/Datasest Merged 1/notumor/Tr-no_0524.jpg,0
/kaggle/input/datasets/sabersakin/brainmri/Datasest Merged 1/Datasest Merged 1/pituitary/p (337).jpg,/kaggle/input/datasets/sabersakin/brainmri/Datasest Merged 1/Datasest Merged 1/pituitary/Tr-pi_0264.jpg,0
/kaggle/input/datasets/sabersakin/brainmri/Datasest Merged 1/Datasest Merged 1/notumor/Tr-no_0090.jpg,/kaggle/input/datasets/sabersakin/brainmri/Datasest Merged 1/Datasest Merged 1/notumor/image(119).jpg,0
/kaggle/input/datasets/sabersakin/brainmri/Datasest Merged 1/Datasest Merged 1/notumor/Te-no_0298.jpg,/kaggle/input/datasets/sabersakin/brainmri/Datasest Merged 1/Datasest Merged 1/notumor/Tr-no_1065.jpg,4
/kaggle/input/datasets/sabersakin/brainmri/Datasest Merged 1/Datasest Merged 1/notumor/Te-no_0298.jpg,/kaggle/input/datasets/sabersakin/brainmri/Datasest Merged 1/Datasest Merged 1/notumor/Tr-no_0798.jpg,4
/kaggle/input/datasets/sabersakin/brainmri/Datasest Merged 1/Datasest Merged 1/notumor/Te-no_0298.jpg,/kaggle/input/datasets/sabersakin/brainmri/Datasest Merged 1/Datasest Merged 1/notumor/Tr-no_1006.jpg,4
/kaggle/input/datasets/sabersakin/brainmri/Datasest Merged 1/Datasest Merged 1/notumor/Te-no_0298.jpg,/kaggle/input/datasets/sabersakin/brainmri/Datasest Merged 1/Datasest Merged 1/notumor/image (22).jpg,2
/kaggle/input/datasets/sabersakin/brainmri/Datasest Merged 1/Datasest Merged 1/notumor/Te-no_0298.jpg,/kaggle/input/datasets/sabersakin/brainmri/Datasest Merged 1/Datasest Merged 1/notumor/Tr-no_1064.jpg,2
/kaggle/input/datasets/sabersakin/brainmri/Datasest Merged 1/Datasest Merged 1/notumor/Te-no_0298.jpg,/kaggle/input/datasets/sabersakin/brainmri/Datasest Merged 1/Datasest Merged 1/notumor/Tr-no_0498.jpg,0
/kaggle/input/datasets/sabersakin/brainmri/Datasest Merged 1/Datasest Merged 1/notumor/Te-no_0298.jpg,/kaggle/input/datasets/sabersakin/brainmri/Datasest Merged 1/Datasest Merged 1/notumor/Tr-no_0020.jpg,2
/kaggle/input/datasets/sabersakin/brainmri/Datasest Merged 1/Datasest Merged 1/notumor/Te-no_0298.jpg,/kaggle/input/datasets/sabersakin/brainmri/Datasest Merged 1/Datasest Merged 1/notumor/Tr-no_1192.jpg,4
/kaggle/input/datasets/sabersakin/brainmri/Datasest Merged 1/Datasest Merged 1/notumor/Te-no_0298.jpg,/kaggle/input/datasets/sabersakin/brainmri/Datasest Merged 1/Datasest Merged 1/notumor/Tr-no_0627.jpg,4
/kaggle/input/datasets/sabersakin/brainmri/Datasest Merged 1/Datasest Merged 1/notumor/Tr-no_1534.jpg,/kaggle/input/datasets/sabersakin/brainmri/Datasest Merged 1/Datasest Merged 1/notumor/Tr-no_1435.jpg,4
/kaggle/input/datasets/sabersakin/brainmri/Datasest Merged 1/Datasest Merged 1/notumor/Tr-no_1534.jpg,/kaggle/input/datasets/sabersakin/brainmri/Datasest Merged 1/Datasest Merged 1/notumor/Tr-no_0626.jpg,0
/kaggle/input/datasets/sabersakin/brainmri/Datasest Merged 1/Datasest Merged 1/notumor/Tr-no_1534.jpg,/kaggle/input/datasets/sabersakin/brainmri/Datasest Merged 1/Datasest Merged 1/notumor/Tr-no_0474.jpg,2
/kaggle/input/datasets/sabersakin/brainmri/Datasest Merged 1/Datasest Merged 1/notumor/Tr-no_1534.jpg,/kaggle/input/datasets/sabersakin/brainmri/Datasest Merged 1/Datasest Merged 1/notumor/Tr-no_1413.jpg,4
/kaggle/input/datasets/sabersakin/brainmri/Datasest Merged 1/Datasest Merged 1/notumor/Tr-no_1534.jpg,/kaggle/input/datasets/sabersakin/brainmri/Datasest Merged 1/Datasest Merged 1/notumor/Tr-no_0461.jpg,0
/kaggle/input/datasets/sabersakin/brainmri/Datasest Merged 1/Datasest Merged 1/notumor/Tr-no_1534.jpg,/kaggle/input/datasets/sabersakin/brainmri/Datasest Merged 1/Datasest Merged 1/notumor/Tr-no_1304.jpg,0
/kaggle/input/datasets/sabersakin/brainmri/Datasest Merged 1/Datasest Merged 1/notumor/Tr-no_1534.jpg,/kaggle/input/datasets/sabersakin/brainmri/Datasest Merged 1/Datasest Merged 1/notumor/Tr-no_0959.jpg,4
/kaggle/input/datasets/sabersakin/brainmri/Datasest Merged 1/Datasest Merged 1/notumor/Tr-no_1534.jpg,/kaggle/input/datasets/sabersakin/brainmri/Datasest Merged 1/Datasest Merged 1/notumor/Te-no_0140.jpg,4
/kaggle/input/datasets/sabersakin/brainmri/Datasest Merged 1/Datasest Merged 1/notumor/Tr-no_1534.jpg,/kaggle/input/datasets/sabersakin/brainmri/Datasest Merged 1/Datasest Merged 1/notumor/Tr-no_0732.jpg,4
/kaggle/input/datasets/sabersakin/brainmri/Datasest Merged 1/Datasest Merged 1/notumor/Tr-no_1534.jpg,/kaggle/input/datasets/sabersakin/brainmri/Datasest Merged 1/Datasest Merged 1/notumor/Te-no_0390.jpg,4
/kaggle/input/datasets/sabersakin/brainmri/Datasest Merged 1/Datasest Merged 1/notumor/Tr-no_1534.jpg,/kaggle/input/datasets/sabersakin/brainmri/Datasest Merged 1/Datasest Merged 1/notumor/Tr-no_0427.jpg,4
/kaggle/input/datasets/sabersakin/brainmri/Datasest Merged 1/Datasest Merged 1/notumor/Tr-no_1534.jpg,/kaggle/input/datasets/sabersakin/brainmri/Datasest Merged 1/Datasest Merged 1/notumor/Tr-no_0709.jpg,4
/kaggle/input/datasets/sabersakin/brainmri/Datasest Merged 1/Datasest Merged 1/glioma/gg (213).jpg,/kaggle/input/datasets/sabersakin/brainmri/Datasest Merged 1/Datasest Merged 1/glioma/gg (214).jpg,4
/kaggle/input/datasets/sabersakin/brainmri/Datasest Merged 1/Datasest Merged 1/glioma/gg (213).jpg,/kaggle/input/datasets/sabersakin/brainmri/Datasest Merged 1/Datasest Merged 1/glioma/gg (212).jpg,2
/kaggle/input/datasets/sabersakin/brainmri/Datasest Merged 1/Datasest Merged 1/notumor/Tr-no_0850.jpg,/kaggle/input/datasets/sabersakin/brainmri/Datasest Merged 1/Datasest Merged 1/notumor/Tr-no_1324.jpg,2
/kaggle/input/datasets/sabersakin/brainmri/Datasest Merged 1/Datasest Merged 1/notumor/Tr-no_0850.jpg,/kaggle/input/datasets/sabersakin/brainmri/Datasest Merged 1/Datasest Merged 1/notumor/Te-no_0153.jpg,2
/kaggle/input/datasets/sabersakin/brainmri/Datasest Merged 1/Datasest Merged 1/pituitary/p (288).jpg,/kaggle/input/datasets/sabersakin/brainmri/Datasest Merged 1/Datasest Merged 1/pituitary/Tr-pi_0210.jpg,2
/kaggle/input/datasets/sabersakin/brainmri/Datasest Merged 1/Datasest Merged 1/pituitary/p (288).jpg,/kaggle/input/datasets/sabersakin/brainmri/Datasest Merged 1/Datasest Merged 1/pituitary/p (289).jpg,2
/kaggle/input/datasets/sabersakin/brainmri/Datasest Merged 1/Datasest Merged 1/pituitary/p (288).jpg,/kaggle/input/datasets/sabersakin/brainmri/Datasest Merged 1/Datasest Merged 1/pituitary/p (286).jpg,2
/kaggle/input/datasets/sabersakin/brainmri/Datasest Merged 1/Datasest Merged 1/pituitary/p (288).jpg,/kaggle/input/datasets/sabersakin/brainmri/Datasest Merged 1/Datasest Merged 1/pituitary/Tr-pi_0207.jpg,2
/kaggle/input/datasets/sabersakin/brainmri/Datasest Merged 1/Datasest Merged 1/pituitary/p (288).jpg,/kaggle/input/datasets/sabersakin/brainmri/Datasest Merged 1/Datasest Merged 1/pituitary/p (591).jpg,4
/kaggle/input/datasets/sabersakin/brainmri/Datasest Merged 1/Datasest Merged 1/pituitary/p (288).jpg,/kaggle/input/datasets/sabersakin/brainmri/Datasest Merged 1/Datasest Merged 1/pituitary/Tr-pi_0538.jpg,4
/kaggle/input/datasets/sabersakin/brainmri/Datasest Merged 1/Datasest Merged 1/glioma/gg (309).jpg,/kaggle/input/datasets/sabersakin/brainmri/Datasest Merged 1/Datasest Merged 1/glioma/gg (310).jpg,4
/kaggle/input/datasets/sabersakin/brainmri/Datasest Merged 1/Datasest Merged 1/pituitary/Tr-pi_0240.jpg,/kaggle/input/datasets/sabersakin/brainmri/Datasest Merged 1/Datasest Merged 1/pituitary/p (315).jpg,0
/kaggle/input/datasets/sabersakin/brainmri/Datasest Merged 1/Datasest Merged 1/pituitary/Tr-pi_0240.jpg,/kaggle/input/datasets/sabersakin/brainmri/Datasest Merged 1/Datasest Merged 1/pituitary/p (316).jpg,4
/kaggle/input/datasets/sabersakin/brainmri/Datasest Merged 1/Datasest Merged 1/pituitary/Tr-pi_0240.jpg,/kaggle/input/datasets/sabersakin/brainmri/Datasest Merged 1/Datasest Merged 1/pituitary/Tr-pi_0241.jpg,4
/kaggle/input/datasets/sabersakin/brainmri/Datasest Merged 1/Datasest Merged 1/glioma/Te-gl_0210.jpg,/kaggle/input/datasets/sabersakin/brainmri/Datasest Merged 1/Datasest Merged 1/glioma/Tr-gl_1053.jpg,4
/kaggle/input/datasets/sabersakin/brainmri/Datasest Merged 1/Datasest Merged 1/glioma/Te-gl_0210.jpg,/kaggle/input/datasets/sabersakin/brainmri/Datasest Merged 1/Datasest Merged 1/glioma/Tr-gl_1054.jpg,4
/kaggle/input/datasets/sabersakin/brainmri/Datasest Merged 1/Datasest Merged 1/meningioma/Tr-me_0221.jpg,/kaggle/input/datasets/sabersakin/brainmri/Datasest Merged 1/Datasest Merged 1/meningioma/image(34).jpg,0
/kaggle/input/datasets/sabersakin/brainmri/Datasest Merged 1/Datasest Merged 1/meningioma/Tr-me_0221.jpg,/kaggle/input/datasets/sabersakin/brainmri/Datasest Merged 1/Datasest Merged 1/meningioma/image(45).jpg,0
/kaggle/input/datasets/sabersakin/brainmri/Datasest Merged 1/Datasest Merged 1/meningioma/Tr-me_0221.jpg,/kaggle/input/datasets/sabersakin/brainmri/Datasest Merged 1/Datasest Merged 1/meningioma/m1(155).jpg,0
/kaggle/input/datasets/sabersakin/brainmri/Datasest Merged 1/Datasest Merged 1/meningioma/Tr-me_0221.jpg,/kaggle/input/datasets/sabersakin/brainmri/Datasest Merged 1/Datasest Merged 1/meningioma/Te-me_0042.jpg,0
/kaggle/input/datasets/sabersakin/brainmri/Datasest Merged 1/Datasest Merged 1/meningioma/Tr-me_0221.jpg,/kaggle/input/datasets/sabersakin/brainmri/Datasest Merged 1/Datasest Merged 1/meningioma/m1(144).jpg,0
/kaggle/input/datasets/sabersakin/brainmri/Datasest Merged 1/Datasest Merged 1/meningioma/Tr-me_0221.jpg,/kaggle/input/datasets/sabersakin/brainmri/Datasest Merged 1/Datasest Merged 1/meningioma/Tr-me_0233.jpg,0
/kaggle/input/datasets/sabersakin/brainmri/Datasest Merged 1/Datasest Merged 1/glioma/1983.jpg,/kaggle/input/datasets/sabersakin/brainmri/Datasest Merged 1/Datasest Merged 1/glioma/1982.jpg,4
/kaggle/input/datasets/sabersakin/brainmri/Datasest Merged 1/Datasest Merged 1/meningioma/image(47).jpg,/kaggle/input/datasets/sabersakin/brainmri/Datasest Merged 1/Datasest Merged 1/meningioma/Te-me_0056.jpg,0
/kaggle/input/datasets/sabersakin/brainmri/Datasest Merged 1/Datasest Merged 1/meningioma/image(47).jpg,/kaggle/input/datasets/sabersakin/brainmri/Datasest Merged 1/Datasest Merged 1/meningioma/Tr-me_0235.jpg,0
/kaggle/input/datasets/sabersakin/brainmri/Datasest Merged 1/Datasest Merged 1/meningioma/image(47).jpg,/kaggle/input/datasets/sabersakin/brainmri/Datasest Merged 1/Datasest Merged 1/meningioma/m1(157).jpg,0
/kaggle/input/datasets/sabersakin/brainmri/Datasest Merged 1/Datasest Merged 1/notumor/Tr-no_0894.jpg,/kaggle/input/datasets/sabersakin/brainmri/Datasest Merged 1/Datasest Merged 1/notumor/Te-no_0106.jpg,0
/kaggle/input/datasets/sabersakin/brainmri/Datasest Merged 1/Datasest Merged 1/notumor/Tr-no_0894.jpg,/kaggle/input/datasets/sabersakin/brainmri/Datasest Merged 1/Datasest Merged 1/notumor/Te-no_0332.jpg,0
/kaggle/input/datasets/sabersakin/brainmri/Datasest Merged 1/Datasest Merged 1/glioma/1604.jpg,/kaggle/input/datasets/sabersakin/brainmri/Datasest Merged 1/Datasest Merged 1/glioma/1603.jpg,4
/kaggle/input/datasets/sabersakin/brainmri/Datasest Merged 1/Datasest Merged 1/meningioma/Te-me_0094.jpg,/kaggle/input/datasets/sabersakin/brainmri/Datasest Merged 1/Datasest Merged 1/meningioma/Tr-me_0271.jpg,0
/kaggle/input/datasets/sabersakin/brainmri/Datasest Merged 1/Datasest Merged 1/meningioma/Te-me_0094.jpg,/kaggle/input/datasets/sabersakin/brainmri/Datasest Merged 1/Datasest Merged 1/meningioma/image(81).jpg,0
/kaggle/input/datasets/sabersakin/brainmri/Datasest Merged 1/Datasest Merged 1/meningioma/Te-me_0094.jpg,/kaggle/input/datasets/sabersakin/brainmri/Datasest Merged 1/Datasest Merged 1/meningioma/m1(191).jpg,0
/kaggle/input/datasets/sabersakin/brainmri/Datasest Merged 1/Datasest Merged 1/pituitary/Tr-pi_0709.jpg,/kaggle/input/datasets/sabersakin/brainmri/Datasest Merged 1/Datasest Merged 1/pituitary/p (790).jpg,0
/kaggle/input/datasets/sabersakin/brainmri/Datasest Merged 1/Datasest Merged 1/pituitary/Tr-pi_0709.jpg,/kaggle/input/datasets/sabersakin/brainmri/Datasest Merged 1/Datasest Merged 1/pituitary/Te-pi_0057.jpg,2
/kaggle/input/datasets/sabersakin/brainmri/Datasest Merged 1/Datasest Merged 1/pituitary/Tr-pi_0709.jpg,/kaggle/input/datasets/sabersakin/brainmri/Datasest Merged 1/Datasest Merged 1/pituitary/p (789).jpg,2
/kaggle/input/datasets/sabersakin/brainmri/Datasest Merged 1/Datasest Merged 1/notumor/Tr-no_0070.jpg,/kaggle/input/datasets/sabersakin/brainmri/Datasest Merged 1/Datasest Merged 1/notumor/image(336).jpg,0
/kaggle/input/datasets/sabersakin/brainmri/Datasest Merged 1/Datasest Merged 1/notumor/Tr-no_0070.jpg,/kaggle/input/datasets/sabersakin/brainmri/Datasest Merged 1/Datasest Merged 1/notumor/image(35).jpg,0
/kaggle/input/datasets/sabersakin/brainmri/Datasest Merged 1/Datasest Merged 1/notumor/Tr-no_0070.jpg,/kaggle/input/datasets/sabersakin/brainmri/Datasest Merged 1/Datasest Merged 1/notumor/Te-no_0033.jpg,0
/kaggle/input/datasets/sabersakin/brainmri/Datasest Merged 1/Datasest Merged 1/pituitary/Tr-pi_0055.jpg,/kaggle/input/datasets/sabersakin/brainmri/Datasest Merged 1/Datasest Merged 1/pituitary/Tr-pi_0054.jpg,4
/kaggle/input/datasets/sabersakin/brainmri/Datasest Merged 1/Datasest Merged 1/pituitary/Tr-pi_0055.jpg,/kaggle/input/datasets/sabersakin/brainmri/Datasest Merged 1/Datasest Merged 1/pituitary/p (150).jpg,4
/kaggle/input/datasets/sabersakin/brainmri/Datasest Merged 1/Datasest Merged 1/pituitary/Tr-pi_0055.jpg,/kaggle/input/datasets/sabersakin/brainmri/Datasest Merged 1/Datasest Merged 1/pituitary/p (149).jpg,0
/kaggle/input/datasets/sabersakin/brainmri/Datasest Merged 1/Datasest Merged 1/pituitary/Tr-pi_0055.jpg,/kaggle/input/datasets/sabersakin/brainmri/Datasest Merged 1/Datasest Merged 1/pituitary/Tr-pi_0057.jpg,4
/kaggle/input/datasets/sabersakin/brainmri/Datasest Merged 1/Datasest Merged 1/pituitary/Tr-pi_0055.jpg,/kaggle/input/datasets/sabersakin/brainmri/Datasest Merged 1/Datasest Merged 1/pituitary/p (148).jpg,4
/kaggle/input/datasets/sabersakin/brainmri/Datasest Merged 1/Datasest Merged 1/pituitary/2297.jpg,/kaggle/input/datasets/sabersakin/brainmri/Datasest Merged 1/Datasest Merged 1/pituitary/2298.jpg,4
/kaggle/input/datasets/sabersakin/brainmri/Datasest Merged 1/Datasest Merged 1/pituitary/2297.jpg,/kaggle/input/datasets/sabersakin/brainmri/Datasest Merged 1/Datasest Merged 1/pituitary/2296.jpg,4
/kaggle/input/datasets/sabersakin/brainmri/Datasest Merged 1/Datasest Merged 1/glioma/Tr-gl_0330.jpg,/kaggle/input/datasets/sabersakin/brainmri/Datasest Merged 1/Datasest Merged 1/glioma/Tr-gl_0329.jpg,4
/kaggle/input/datasets/sabersakin/brainmri/Datasest Merged 1/Datasest Merged 1/notumor/image(27).jpg,/kaggle/input/datasets/sabersakin/brainmri/Datasest Merged 1/Datasest Merged 1/notumor/Te-no_0079.jpg,2
/kaggle/input/datasets/sabersakin/brainmri/Datasest Merged 1/Datasest Merged 1/notumor/image(27).jpg,/kaggle/input/datasets/sabersakin/brainmri/Datasest Merged 1/Datasest Merged 1/notumor/Tr-no_0290.jpg,0
/kaggle/input/datasets/sabersakin/brainmri/Datasest Merged 1/Datasest Merged 1/notumor/image(27).jpg,/kaggle/input/datasets/sabersakin/brainmri/Datasest Merged 1/Datasest Merged 1/notumor/Te-no_0024.jpg,0
/kaggle/input/datasets/sabersakin/brainmri/Datasest Merged 1/Datasest Merged 1/notumor/image(27).jpg,/kaggle/input/datasets/sabersakin/brainmri/Datasest Merged 1/Datasest Merged 1/notumor/Tr-no_0343.jpg,2
/kaggle/input/datasets/sabersakin/brainmri/Datasest Merged 1/Datasest Merged 1/notumor/image(27).jpg,/kaggle/input/datasets/sabersakin/brainmri/Datasest Merged 1/Datasest Merged 1/notumor/image(378).jpg,2
/kaggle/input/datasets/sabersakin/brainmri/Datasest Merged 1/Datasest Merged 1/notumor/image(27).jpg,/kaggle/input/datasets/sabersakin/brainmri/Datasest Merged 1/Datasest Merged 1/notumor/image(329).jpg,0
/kaggle/input/datasets/sabersakin/brainmri/Datasest Merged 1/Datasest Merged 1/notumor/image(27).jpg,/kaggle/input/datasets/sabersakin/brainmri/Datasest Merged 1/Datasest Merged 1/notumor/image(77).jpg,2
/kaggle/input/datasets/sabersakin/brainmri/Datasest Merged 1/Datasest Merged 1/notumor/Tr-no_0393.jpg,/kaggle/input/datasets/sabersakin/brainmri/Datasest Merged 1/Datasest Merged 1/notumor/image(424).jpg,0
/kaggle/input/datasets/sabersakin/brainmri/Datasest Merged 1/Datasest Merged 1/notumor/Te-no_0387.jpg,/kaggle/input/datasets/sabersakin/brainmri/Datasest Merged 1/Datasest Merged 1/notumor/Tr-no_0420.jpg,0
/kaggle/input/datasets/sabersakin/brainmri/Datasest Merged 1/Datasest Merged 1/notumor/Te-no_0387.jpg,/kaggle/input/datasets/sabersakin/brainmri/Datasest Merged 1/Datasest Merged 1/notumor/Tr-no_1294.jpg,4
/kaggle/input/datasets/sabersakin/brainmri/Datasest Merged 1/Datasest Merged 1/notumor/Te-no_0387.jpg,/kaggle/input/datasets/sabersakin/brainmri/Datasest Merged 1/Datasest Merged 1/notumor/Tr-no_1403.jpg,0
/kaggle/input/datasets/sabersakin/brainmri/Datasest Merged 1/Datasest Merged 1/meningioma/Tr-me_0576.jpg,/kaggle/input/datasets/sabersakin/brainmri/Datasest Merged 1/Datasest Merged 1/meningioma/m3 (127).jpg,0
/kaggle/input/datasets/sabersakin/brainmri/Datasest Merged 1/Datasest Merged 1/meningioma/Tr-me_0306.jpg,/kaggle/input/datasets/sabersakin/brainmri/Datasest Merged 1/Datasest Merged 1/meningioma/m1(42).jpg,0
/kaggle/input/datasets/sabersakin/brainmri/Datasest Merged 1/Datasest Merged 1/notumor/Tr-no_1089.jpg,/kaggle/input/datasets/sabersakin/brainmri/Datasest Merged 1/Datasest Merged 1/notumor/Te-noTr_0007.jpg,0
/kaggle/input/datasets/sabersakin/brainmri/Datasest Merged 1/Datasest Merged 1/notumor/Tr-no_1089.jpg,/kaggle/input/datasets/sabersakin/brainmri/Datasest Merged 1/Datasest Merged 1/notumor/Tr-no_0352.jpg,0
/kaggle/input/datasets/sabersakin/brainmri/Datasest Merged 1/Datasest Merged 1/notumor/Tr-no_1089.jpg,/kaggle/input/datasets/sabersakin/brainmri/Datasest Merged 1/Datasest Merged 1/notumor/image (52).jpg,0
/kaggle/input/datasets/sabersakin/brainmri/Datasest Merged 1/Datasest Merged 1/notumor/Tr-no_1089.jpg,/kaggle/input/datasets/sabersakin/brainmri/Datasest Merged 1/Datasest Merged 1/notumor/image(386).jpg,0
/kaggle/input/datasets/sabersakin/brainmri/Datasest Merged 1/Datasest Merged 1/notumor/Tr-no_1089.jpg,/kaggle/input/datasets/sabersakin/brainmri/Datasest Merged 1/Datasest Merged 1/glioma/Tr-gl_0242.jpg,4
/kaggle/input/datasets/sabersakin/brainmri/Datasest Merged 1/Datasest Merged 1/notumor/Tr-no_1089.jpg,/kaggle/input/datasets/sabersakin/brainmri/Datasest Merged 1/Datasest Merged 1/notumor/image(85).jpg,0
/kaggle/input/datasets/sabersakin/brainmri/Datasest Merged 1/Datasest Merged 1/notumor/Tr-no_1089.jpg,/kaggle/input/datasets/sabersakin/brainmri/Datasest Merged 1/Datasest Merged 1/notumor/Te-no_0088.jpg,0
/kaggle/input/datasets/sabersakin/brainmri/Datasest Merged 1/Datasest Merged 1/meningioma/Tr-me_0771.jpg,/kaggle/input/datasets/sabersakin/brainmri/Datasest Merged 1/Datasest Merged 1/meningioma/m3 (81).jpg,0
/kaggle/input/datasets/sabersakin/brainmri/Datasest Merged 1/Datasest Merged 1/notumor/image(15).jpg,/kaggle/input/datasets/sabersakin/brainmri/Datasest Merged 1/Datasest Merged 1/notumor/image(354).jpg,0
/kaggle/input/datasets/sabersakin/brainmri/Datasest Merged 1/Datasest Merged 1/notumor/image(15).jpg,/kaggle/input/datasets/sabersakin/brainmri/Datasest Merged 1/Datasest Merged 1/notumor/Tr-no_0982.jpg,0
/kaggle/input/datasets/sabersakin/brainmri/Datasest Merged 1/Datasest Merged 1/notumor/image(15).jpg,/kaggle/input/datasets/sabersakin/brainmri/Datasest Merged 1/Datasest Merged 1/notumor/image(49).jpg,0
/kaggle/input/datasets/sabersakin/brainmri/Datasest Merged 1/Datasest Merged 1/notumor/image(15).jpg,/kaggle/input/datasets/sabersakin/brainmri/Datasest Merged 1/Datasest Merged 1/notumor/image(53).jpg,0
/kaggle/input/datasets/sabersakin/brainmri/Datasest Merged 1/Datasest Merged 1/notumor/image(15).jpg,/kaggle/input/datasets/sabersakin/brainmri/Datasest Merged 1/Datasest Merged 1/notumor/Tr-no_0224.jpg,0
/kaggle/input/datasets/sabersakin/brainmri/Datasest Merged 1/Datasest Merged 1/notumor/image(15).jpg,/kaggle/input/datasets/sabersakin/brainmri/Datasest Merged 1/Datasest Merged 1/notumor/Tr-no_0268.jpg,0
/kaggle/input/datasets/sabersakin/brainmri/Datasest Merged 1/Datasest Merged 1/notumor/image(15).jpg,/kaggle/input/datasets/sabersakin/brainmri/Datasest Merged 1/Datasest Merged 1/notumor/image(350).jpg,0
/kaggle/input/datasets/sabersakin/brainmri/Datasest Merged 1/Datasest Merged 1/notumor/image(15).jpg,/kaggle/input/datasets/sabersakin/brainmri/Datasest Merged 1/Datasest Merged 1/notumor/image(385).jpg,0
/kaggle/input/datasets/sabersakin/brainmri/Datasest Merged 1/Datasest Merged 1/notumor/image(15).jpg,/kaggle/input/datasets/sabersakin/brainmri/Datasest Merged 1/Datasest Merged 1/notumor/Te-no_0068.jpg,0
/kaggle/input/datasets/sabersakin/brainmri/Datasest Merged 1/Datasest Merged 1/notumor/image(15).jpg,/kaggle/input/datasets/sabersakin/brainmri/Datasest Merged 1/Datasest Merged 1/notumor/image(84).jpg,0
/kaggle/input/datasets/sabersakin/brainmri/Datasest Merged 1/Datasest Merged 1/notumor/image(15).jpg,/kaggle/input/datasets/sabersakin/brainmri/Datasest Merged 1/Datasest Merged 1/notumor/Te-no_0048.jpg,0
/kaggle/input/datasets/sabersakin/brainmri/Datasest Merged 1/Datasest Merged 1/notumor/image(15).jpg,/kaggle/input/datasets/sabersakin/brainmri/Datasest Merged 1/Datasest Merged 1/notumor/Tr-no_0056.jpg,0
/kaggle/input/datasets/sabersakin/brainmri/Datasest Merged 1/Datasest Merged 1/notumor/image(15).jpg,/kaggle/input/datasets/sabersakin/brainmri/Datasest Merged 1/Datasest Merged 1/notumor/Te-no_0087.jpg,0
/kaggle/input/datasets/sabersakin/brainmri/Datasest Merged 1/Datasest Merged 1/notumor/image(15).jpg,/kaggle/input/datasets/sabersakin/brainmri/Datasest Merged 1/Datasest Merged 1/notumor/image(368).jpg,0
/kaggle/input/datasets/sabersakin/brainmri/Datasest Merged 1/Datasest Merged 1/notumor/image(15).jpg,/kaggle/input/datasets/sabersakin/brainmri/Datasest Merged 1/Datasest Merged 1/notumor/Te-no_0053.jpg,0
/kaggle/input/datasets/sabersakin/brainmri/Datasest Merged 1/Datasest Merged 1/notumor/image(15).jpg,/kaggle/input/datasets/sabersakin/brainmri/Datasest Merged 1/Datasest Merged 1/notumor/Tr-no_0332.jpg,0
/kaggle/input/datasets/sabersakin/brainmri/Datasest Merged 1/Datasest Merged 1/notumor/image(15).jpg,/kaggle/input/datasets/sabersakin/brainmri/Datasest Merged 1/Datasest Merged 1/notumor/image (56).jpg,0
/kaggle/input/datasets/sabersakin/brainmri/Datasest Merged 1/Datasest Merged 1/meningioma/image(93).jpg,/kaggle/input/datasets/sabersakin/brainmri/Datasest Merged 1/Datasest Merged 1/meningioma/image(126).jpg,2
/kaggle/input/datasets/sabersakin/brainmri/Datasest Merged 1/Datasest Merged 1/meningioma/image(93).jpg,/kaggle/input/datasets/sabersakin/brainmri/Datasest Merged 1/Datasest Merged 1/meningioma/Tr-me_0190.jpg,2
/kaggle/input/datasets/sabersakin/brainmri/Datasest Merged 1/Datasest Merged 1/meningioma/image(93).jpg,/kaggle/input/datasets/sabersakin/brainmri/Datasest Merged 1/Datasest Merged 1/meningioma/Te-me_0107.jpg,0
/kaggle/input/datasets/sabersakin/brainmri/Datasest Merged 1/Datasest Merged 1/meningioma/image(93).jpg,/kaggle/input/datasets/sabersakin/brainmri/Datasest Merged 1/Datasest Merged 1/meningioma/image(106).jpg,2
/kaggle/input/datasets/sabersakin/brainmri/Datasest Merged 1/Datasest Merged 1/meningioma/image(93).jpg,/kaggle/input/datasets/sabersakin/brainmri/Datasest Merged 1/Datasest Merged 1/meningioma/Tr-me_0595.jpg,2
/kaggle/input/datasets/sabersakin/brainmri/Datasest Merged 1/Datasest Merged 1/meningioma/image(93).jpg,/kaggle/input/datasets/sabersakin/brainmri/Datasest Merged 1/Datasest Merged 1/meningioma/Te-me_0017.jpg,2
/kaggle/input/datasets/sabersakin/brainmri/Datasest Merged 1/Datasest Merged 1/meningioma/image(93).jpg,/kaggle/input/datasets/sabersakin/brainmri/Datasest Merged 1/Datasest Merged 1/meningioma/m1(114).jpg,2
/kaggle/input/datasets/sabersakin/brainmri/Datasest Merged 1/Datasest Merged 1/meningioma/image(93).jpg,/kaggle/input/datasets/sabersakin/brainmri/Datasest Merged 1/Datasest Merged 1/meningioma/Tr-me_0292.jpg,0
/kaggle/input/datasets/sabersakin/brainmri/Datasest Merged 1/Datasest Merged 1/meningioma/image(93).jpg,/kaggle/input/datasets/sabersakin/brainmri/Datasest Merged 1/Datasest Merged 1/meningioma/Te-meTr_0004.jpg,2
/kaggle/input/datasets/sabersakin/brainmri/Datasest Merged 1/Datasest Merged 1/meningioma/image(93).jpg,/kaggle/input/datasets/sabersakin/brainmri/Datasest Merged 1/Datasest Merged 1/meningioma/m1(3).jpg,0
/kaggle/input/datasets/sabersakin/brainmri/Datasest Merged 1/Datasest Merged 1/notumor/Tr-no_0956.jpg,/kaggle/input/datasets/sabersakin/brainmri/Datasest Merged 1/Datasest Merged 1/notumor/Te-no_0138.jpg,4
/kaggle/input/datasets/sabersakin/brainmri/Datasest Merged 1/Datasest Merged 1/notumor/Tr-no_0956.jpg,/kaggle/input/datasets/sabersakin/brainmri/Datasest Merged 1/Datasest Merged 1/notumor/Tr-no_0473.jpg,4
/kaggle/input/datasets/sabersakin/brainmri/Datasest Merged 1/Datasest Merged 1/notumor/Tr-no_0956.jpg,/kaggle/input/datasets/sabersakin/brainmri/Datasest Merged 1/Datasest Merged 1/notumor/Tr-no_0855.jpg,2
/kaggle/input/datasets/sabersakin/brainmri/Datasest Merged 1/Datasest Merged 1/notumor/Tr-no_0956.jpg,/kaggle/input/datasets/sabersakin/brainmri/Datasest Merged 1/Datasest Merged 1/notumor/Tr-no_1433.jpg,2
/kaggle/input/datasets/sabersakin/brainmri/Datasest Merged 1/Datasest Merged 1/notumor/image(168).jpg,/kaggle/input/datasets/sabersakin/brainmri/Datasest Merged 1/Datasest Merged 1/notumor/Tr-no_1024.jpg,2
/kaggle/input/datasets/sabersakin/brainmri/Datasest Merged 1/Datasest Merged 1/notumor/image(168).jpg,/kaggle/input/datasets/sabersakin/brainmri/Datasest Merged 1/Datasest Merged 1/notumor/Tr-no_0144.jpg,0
/kaggle/input/datasets/sabersakin/brainmri/Datasest Merged 1/Datasest Merged 1/notumor/image(168).jpg,/kaggle/input/datasets/sabersakin/brainmri/Datasest Merged 1/Datasest Merged 1/notumor/Te-no_0221.jpg,0
/kaggle/input/datasets/sabersakin/brainmri/Datasest Merged 1/Datasest Merged 1/notumor/image(168).jpg,/kaggle/input/datasets/sabersakin/brainmri/Datasest Merged 1/Datasest Merged 1/notumor/Tr-no_1043.jpg,0
/kaggle/input/datasets/sabersakin/brainmri/Datasest Merged 1/Datasest Merged 1/notumor/image(168).jpg,/kaggle/input/datasets/sabersakin/brainmri/Datasest Merged 1/Datasest Merged 1/notumor/Tr-no_0497.jpg,4
/kaggle/input/datasets/sabersakin/brainmri/Datasest Merged 1/Datasest Merged 1/notumor/image(168).jpg,/kaggle/input/datasets/sabersakin/brainmri/Datasest Merged 1/Datasest Merged 1/notumor/Tr-no_1255.jpg,4
/kaggle/input/datasets/sabersakin/brainmri/Datasest Merged 1/Datasest Merged 1/notumor/image(168).jpg,/kaggle/input/datasets/sabersakin/brainmri/Datasest Merged 1/Datasest Merged 1/notumor/Tr-no_0294.jpg,0
/kaggle/input/datasets/sabersakin/brainmri/Datasest Merged 1/Datasest Merged 1/notumor/image(168).jpg,/kaggle/input/datasets/sabersakin/brainmri/Datasest Merged 1/Datasest Merged 1/notumor/Tr-no_1220.jpg,2
/kaggle/input/datasets/sabersakin/brainmri/Datasest Merged 1/Datasest Merged 1/meningioma/m (156).jpg,/kaggle/input/datasets/sabersakin/brainmri/Datasest Merged 1/Datasest Merged 1/meningioma/Tr-me_0047.jpg,4
/kaggle/input/datasets/sabersakin/brainmri/Datasest Merged 1/Datasest Merged 1/meningioma/m (156).jpg,/kaggle/input/datasets/sabersakin/brainmri/Datasest Merged 1/Datasest Merged 1/meningioma/m (155).jpg,4
/kaggle/input/datasets/sabersakin/brainmri/Datasest Merged 1/Datasest Merged 1/meningioma/Te-me_0234.jpg,/kaggle/input/datasets/sabersakin/brainmri/Datasest Merged 1/Datasest Merged 1/meningioma/Tr-me_1076.jpg,4
/kaggle/input/datasets/sabersakin/brainmri/Datasest Merged 1/Datasest Merged 1/notumor/Tr-no_1388.jpg,/kaggle/input/datasets/sabersakin/brainmri/Datasest Merged 1/Datasest Merged 1/notumor/Te-no_0115.jpg,0
/kaggle/input/datasets/sabersakin/brainmri/Datasest Merged 1/Datasest Merged 1/notumor/Tr-no_1388.jpg,/kaggle/input/datasets/sabersakin/brainmri/Datasest Merged 1/Datasest Merged 1/notumor/Tr-no_1551.jpg,0
/kaggle/input/datasets/sabersakin/brainmri/Datasest Merged 1/Datasest Merged 1/meningioma/m3 (10).jpg,/kaggle/input/datasets/sabersakin/brainmri/Datasest Merged 1/Datasest Merged 1/meningioma/Tr-me_0546.jpg,0
/kaggle/input/datasets/sabersakin/brainmri/Datasest Merged 1/Datasest Merged 1/meningioma/m3 (10).jpg,/kaggle/input/datasets/sabersakin/brainmri/Datasest Merged 1/Datasest Merged 1/meningioma/Tr-me_0780.jpg,4
/kaggle/input/datasets/sabersakin/brainmri/Datasest Merged 1/Datasest Merged 1/meningioma/m3 (10).jpg,/kaggle/input/datasets/sabersakin/brainmri/Datasest Merged 1/Datasest Merged 1/meningioma/m3 (9).jpg,4
/kaggle/input/datasets/sabersakin/brainmri/Datasest Merged 1/Datasest Merged 1/pituitary/p (687).jpg,/kaggle/input/datasets/sabersakin/brainmri/Datasest Merged 1/Datasest Merged 1/pituitary/Tr-pi_0621.jpg,4
/kaggle/input/datasets/sabersakin/brainmri/Datasest Merged 1/Datasest Merged 1/pituitary/p (687).jpg,/kaggle/input/datasets/sabersakin/brainmri/Datasest Merged 1/Datasest Merged 1/pituitary/p (686).jpg,4
/kaggle/input/datasets/sabersakin/brainmri/Datasest Merged 1/Datasest Merged 1/pituitary/p (687).jpg,/kaggle/input/datasets/sabersakin/brainmri/Datasest Merged 1/Datasest Merged 1/pituitary/Tr-pi_0619.jpg,4
/kaggle/input/datasets/sabersakin/brainmri/Datasest Merged 1/Datasest Merged 1/pituitary/p (687).jpg,/kaggle/input/datasets/sabersakin/brainmri/Datasest Merged 1/Datasest Merged 1/pituitary/Tr-pi_0620.jpg,0
/kaggle/input/datasets/sabersakin/brainmri/Datasest Merged 1/Datasest Merged 1/pituitary/p (687).jpg,/kaggle/input/datasets/sabersakin/brainmri/Datasest Merged 1/Datasest Merged 1/pituitary/p (688).jpg,4
/kaggle/input/datasets/sabersakin/brainmri/Datasest Merged 1/Datasest Merged 1/glioma/Tr-gl_0514.jpg,/kaggle/input/datasets/sabersakin/brainmri/Datasest Merged 1/Datasest Merged 1/glioma/Tr-gl_0523.jpg,4
/kaggle/input/datasets/sabersakin/brainmri/Datasest Merged 1/Datasest Merged 1/pituitary/p (744).jpg,/kaggle/input/datasets/sabersakin/brainmri/Datasest Merged 1/Datasest Merged 1/pituitary/Tr-pi_0670.jpg,0
/kaggle/input/datasets/sabersakin/brainmri/Datasest Merged 1/Datasest Merged 1/notumor/Tr-no_1228.jpg,/kaggle/input/datasets/sabersakin/brainmri/Datasest Merged 1/Datasest Merged 1/notumor/Tr-no_1134.jpg,2
/kaggle/input/datasets/sabersakin/brainmri/Datasest Merged 1/Datasest Merged 1/notumor/Tr-no_1228.jpg,/kaggle/input/datasets/sabersakin/brainmri/Datasest Merged 1/Datasest Merged 1/notumor/Tr-no_0650.jpg,4
/kaggle/input/datasets/sabersakin/brainmri/Datasest Merged 1/Datasest Merged 1/notumor/Tr-no_1228.jpg,/kaggle/input/datasets/sabersakin/brainmri/Datasest Merged 1/Datasest Merged 1/notumor/Tr-no_0828.jpg,2
/kaggle/input/datasets/sabersakin/brainmri/Datasest Merged 1/Datasest Merged 1/notumor/Tr-no_0684.jpg,/kaggle/input/datasets/sabersakin/brainmri/Datasest Merged 1/Datasest Merged 1/notumor/Tr-no_1411.jpg,2
/kaggle/input/datasets/sabersakin/brainmri/Datasest Merged 1/Datasest Merged 1/notumor/Tr-no_0684.jpg,/kaggle/input/datasets/sabersakin/brainmri/Datasest Merged 1/Datasest Merged 1/notumor/Tr-no_0705.jpg,4
/kaggle/input/datasets/sabersakin/brainmri/Datasest Merged 1/Datasest Merged 1/notumor/Tr-no_0684.jpg,/kaggle/input/datasets/sabersakin/brainmri/Datasest Merged 1/Datasest Merged 1/notumor/Tr-no_0889.jpg,2
/kaggle/input/datasets/sabersakin/brainmri/Datasest Merged 1/Datasest Merged 1/notumor/Tr-no_0684.jpg,/kaggle/input/datasets/sabersakin/brainmri/Datasest Merged 1/Datasest Merged 1/notumor/Tr-no_1180.jpg,4
/kaggle/input/datasets/sabersakin/brainmri/Datasest Merged 1/Datasest Merged 1/notumor/Tr-no_0684.jpg,/kaggle/input/datasets/sabersakin/brainmri/Datasest Merged 1/Datasest Merged 1/notumor/Tr-no_0558.jpg,2
/kaggle/input/datasets/sabersakin/brainmri/Datasest Merged 1/Datasest Merged 1/notumor/Tr-no_0684.jpg,/kaggle/input/datasets/sabersakin/brainmri/Datasest Merged 1/Datasest Merged 1/notumor/Tr-no_0178.jpg,4
/kaggle/input/datasets/sabersakin/brainmri/Datasest Merged 1/Datasest Merged 1/notumor/Tr-no_0684.jpg,/kaggle/input/datasets/sabersakin/brainmri/Datasest Merged 1/Datasest Merged 1/notumor/image(199).jpg,4
/kaggle/input/datasets/sabersakin/brainmri/Datasest Merged 1/Datasest Merged 1/notumor/Tr-no_0684.jpg,/kaggle/input/datasets/sabersakin/brainmri/Datasest Merged 1/Datasest Merged 1/notumor/Tr-no_1138.jpg,4
/kaggle/input/datasets/sabersakin/brainmri/Datasest Merged 1/Datasest Merged 1/glioma/1773.jpg,/kaggle/input/datasets/sabersakin/brainmri/Datasest Merged 1/Datasest Merged 1/glioma/1779.jpg,4
/kaggle/input/datasets/sabersakin/brainmri/Datasest Merged 1/Datasest Merged 1/glioma/1773.jpg,/kaggle/input/datasets/sabersakin/brainmri/Datasest Merged 1/Datasest Merged 1/glioma/1774.jpg,2
/kaggle/input/datasets/sabersakin/brainmri/Datasest Merged 1/Datasest Merged 1/glioma/1773.jpg,/kaggle/input/datasets/sabersakin/brainmri/Datasest Merged 1/Datasest Merged 1/glioma/1780.jpg,4
/kaggle/input/datasets/sabersakin/brainmri/Datasest Merged 1/Datasest Merged 1/glioma/1773.jpg,/kaggle/input/datasets/sabersakin/brainmri/Datasest Merged 1/Datasest Merged 1/glioma/1775.jpg,4
/kaggle/input/datasets/sabersakin/brainmri/Datasest Merged 1/Datasest Merged 1/glioma/1773.jpg,/kaggle/input/datasets/sabersakin/brainmri/Datasest Merged 1/Datasest Merged 1/glioma/1778.jpg,4
/kaggle/input/datasets/sabersakin/brainmri/Datasest Merged 1/Datasest Merged 1/notumor/Tr-no_0882.jpg,/kaggle/input/datasets/sabersakin/brainmri/Datasest Merged 1/Datasest Merged 1/notumor/Tr-no_1584.jpg,2
/kaggle/input/datasets/sabersakin/brainmri/Datasest Merged 1/Datasest Merged 1/notumor/Tr-no_0882.jpg,/kaggle/input/datasets/sabersakin/brainmri/Datasest Merged 1/Datasest Merged 1/notumor/Tr-no_1358.jpg,2
/kaggle/input/datasets/sabersakin/brainmri/Datasest Merged 1/Datasest Merged 1/pituitary/Tr-pi_0848.jpg,/kaggle/input/datasets/sabersakin/brainmri/Datasest Merged 1/Datasest Merged 1/pituitary/Te-pi_0103.jpg,4
/kaggle/input/datasets/sabersakin/brainmri/Datasest Merged 1/Datasest Merged 1/notumor/Tr-no_0109.jpg,/kaggle/input/datasets/sabersakin/brainmri/Datasest Merged 1/Datasest Merged 1/notumor/Tr-no_0187.jpg,0
/kaggle/input/datasets/sabersakin/brainmri/Datasest Merged 1/Datasest Merged 1/notumor/Tr-no_0109.jpg,/kaggle/input/datasets/sabersakin/brainmri/Datasest Merged 1/Datasest Merged 1/notumor/image(204).jpg,0
/kaggle/input/datasets/sabersakin/brainmri/Datasest Merged 1/Datasest Merged 1/notumor/Tr-no_0109.jpg,/kaggle/input/datasets/sabersakin/brainmri/Datasest Merged 1/Datasest Merged 1/notumor/Te-no_0211.jpg,0
/kaggle/input/datasets/sabersakin/brainmri/Datasest Merged 1/Datasest Merged 1/notumor/Tr-no_0109.jpg,/kaggle/input/datasets/sabersakin/brainmri/Datasest Merged 1/Datasest Merged 1/notumor/Tr-no_0185.jpg,0
/kaggle/input/datasets/sabersakin/brainmri/Datasest Merged 1/Datasest Merged 1/notumor/Tr-no_0109.jpg,/kaggle/input/datasets/sabersakin/brainmri/Datasest Merged 1/Datasest Merged 1/notumor/image(206).jpg,0
/kaggle/input/datasets/sabersakin/brainmri/Datasest Merged 1/Datasest Merged 1/notumor/Tr-no_0109.jpg,/kaggle/input/datasets/sabersakin/brainmri/Datasest Merged 1/Datasest Merged 1/notumor/image(136).jpg,0
/kaggle/input/datasets/sabersakin/brainmri/Datasest Merged 1/Datasest Merged 1/notumor/Tr-no_0109.jpg,/kaggle/input/datasets/sabersakin/brainmri/Datasest Merged 1/Datasest Merged 1/notumor/Te-no_0307.jpg,0
/kaggle/input/datasets/sabersakin/brainmri/Datasest Merged 1/Datasest Merged 1/notumor/Tr-no_0109.jpg,/kaggle/input/datasets/sabersakin/brainmri/Datasest Merged 1/Datasest Merged 1/notumor/Tr-no_1015.jpg,0
/kaggle/input/datasets/sabersakin/brainmri/Datasest Merged 1/Datasest Merged 1/glioma/931.jpg,/kaggle/input/datasets/sabersakin/brainmri/Datasest Merged 1/Datasest Merged 1/glioma/932.jpg,2
/kaggle/input/datasets/sabersakin/brainmri/Datasest Merged 1/Datasest Merged 1/meningioma/Tr-me_0861.jpg,/kaggle/input/datasets/sabersakin/brainmri/Datasest Merged 1/Datasest Merged 1/meningioma/Te-me_0165.jpg,4
/kaggle/input/datasets/sabersakin/brainmri/Datasest Merged 1/Datasest Merged 1/notumor/Tr-no_1334.jpg,/kaggle/input/datasets/sabersakin/brainmri/Datasest Merged 1/Datasest Merged 1/notumor/Tr-no_1435.jpg,2
/kaggle/input/datasets/sabersakin/brainmri/Datasest Merged 1/Datasest Merged 1/notumor/Tr-no_1334.jpg,/kaggle/input/datasets/sabersakin/brainmri/Datasest Merged 1/Datasest Merged 1/notumor/Tr-no_0626.jpg,2
/kaggle/input/datasets/sabersakin/brainmri/Datasest Merged 1/Datasest Merged 1/notumor/Tr-no_1334.jpg,/kaggle/input/datasets/sabersakin/brainmri/Datasest Merged 1/Datasest Merged 1/notumor/Tr-no_0474.jpg,0
/kaggle/input/datasets/sabersakin/brainmri/Datasest Merged 1/Datasest Merged 1/notumor/Tr-no_1334.jpg,/kaggle/input/datasets/sabersakin/brainmri/Datasest Merged 1/Datasest Merged 1/notumor/Tr-no_1413.jpg,4
/kaggle/input/datasets/sabersakin/brainmri/Datasest Merged 1/Datasest Merged 1/notumor/Tr-no_1334.jpg,/kaggle/input/datasets/sabersakin/brainmri/Datasest Merged 1/Datasest Merged 1/notumor/Tr-no_0461.jpg,2
/kaggle/input/datasets/sabersakin/brainmri/Datasest Merged 1/Datasest Merged 1/notumor/Tr-no_1334.jpg,/kaggle/input/datasets/sabersakin/brainmri/Datasest Merged 1/Datasest Merged 1/notumor/Tr-no_1304.jpg,2
/kaggle/input/datasets/sabersakin/brainmri/Datasest Merged 1/Datasest Merged 1/notumor/Tr-no_1334.jpg,/kaggle/input/datasets/sabersakin/brainmri/Datasest Merged 1/Datasest Merged 1/notumor/Tr-no_0959.jpg,4
/kaggle/input/datasets/sabersakin/brainmri/Datasest Merged 1/Datasest Merged 1/notumor/Tr-no_1334.jpg,/kaggle/input/datasets/sabersakin/brainmri/Datasest Merged 1/Datasest Merged 1/notumor/Te-no_0140.jpg,2
/kaggle/input/datasets/sabersakin/brainmri/Datasest Merged 1/Datasest Merged 1/notumor/Tr-no_1334.jpg,/kaggle/input/datasets/sabersakin/brainmri/Datasest Merged 1/Datasest Merged 1/notumor/Tr-no_0732.jpg,4
/kaggle/input/datasets/sabersakin/brainmri/Datasest Merged 1/Datasest Merged 1/notumor/Tr-no_1334.jpg,/kaggle/input/datasets/sabersakin/brainmri/Datasest Merged 1/Datasest Merged 1/notumor/Te-no_0390.jpg,2
/kaggle/input/datasets/sabersakin/brainmri/Datasest Merged 1/Datasest Merged 1/notumor/Tr-no_1334.jpg,/kaggle/input/datasets/sabersakin/brainmri/Datasest Merged 1/Datasest Merged 1/notumor/Tr-no_0427.jpg,2
/kaggle/input/datasets/sabersakin/brainmri/Datasest Merged 1/Datasest Merged 1/notumor/Tr-no_1334.jpg,/kaggle/input/datasets/sabersakin/brainmri/Datasest Merged 1/Datasest Merged 1/notumor/Tr-no_0709.jpg,4
/kaggle/input/datasets/sabersakin/brainmri/Datasest Merged 1/Datasest Merged 1/meningioma/Te-me_0220.jpg,/kaggle/input/datasets/sabersakin/brainmri/Datasest Merged 1/Datasest Merged 1/meningioma/Tr-me_1032.jpg,4
/kaggle/input/datasets/sabersakin/brainmri/Datasest Merged 1/Datasest Merged 1/meningioma/m2 (158).jpg,/kaggle/input/datasets/sabersakin/brainmri/Datasest Merged 1/Datasest Merged 1/meningioma/Tr-me_0433.jpg,0
/kaggle/input/datasets/sabersakin/brainmri/Datasest Merged 1/Datasest Merged 1/notumor/Tr-no_0653.jpg,/kaggle/input/datasets/sabersakin/brainmri/Datasest Merged 1/Datasest Merged 1/notumor/Tr-no_0415.jpg,0
/kaggle/input/datasets/sabersakin/brainmri/Datasest Merged 1/Datasest Merged 1/notumor/Tr-no_0653.jpg,/kaggle/input/datasets/sabersakin/brainmri/Datasest Merged 1/Datasest Merged 1/notumor/Tr-no_0014.jpg,0
/kaggle/input/datasets/sabersakin/brainmri/Datasest Merged 1/Datasest Merged 1/notumor/Tr-no_0653.jpg,/kaggle/input/datasets/sabersakin/brainmri/Datasest Merged 1/Datasest Merged 1/notumor/Tr-no_0963.jpg,2
/kaggle/input/datasets/sabersakin/brainmri/Datasest Merged 1/Datasest Merged 1/notumor/Tr-no_0653.jpg,/kaggle/input/datasets/sabersakin/brainmri/Datasest Merged 1/Datasest Merged 1/notumor/Tr-no_0775.jpg,2
/kaggle/input/datasets/sabersakin/brainmri/Datasest Merged 1/Datasest Merged 1/notumor/Tr-no_0653.jpg,/kaggle/input/datasets/sabersakin/brainmri/Datasest Merged 1/Datasest Merged 1/notumor/Tr-no_1040.jpg,0
/kaggle/input/datasets/sabersakin/brainmri/Datasest Merged 1/Datasest Merged 1/notumor/Tr-no_0653.jpg,/kaggle/input/datasets/sabersakin/brainmri/Datasest Merged 1/Datasest Merged 1/notumor/Tr-no_1130.jpg,0
/kaggle/input/datasets/sabersakin/brainmri/Datasest Merged 1/Datasest Merged 1/notumor/Tr-no_0653.jpg,/kaggle/input/datasets/sabersakin/brainmri/Datasest Merged 1/Datasest Merged 1/notumor/Tr-no_0229.jpg,0
/kaggle/input/datasets/sabersakin/brainmri/Datasest Merged 1/Datasest Merged 1/notumor/Tr-no_0653.jpg,/kaggle/input/datasets/sabersakin/brainmri/Datasest Merged 1/Datasest Merged 1/notumor/Tr-no_0013.jpg,0
/kaggle/input/datasets/sabersakin/brainmri/Datasest Merged 1/Datasest Merged 1/notumor/Tr-no_0653.jpg,/kaggle/input/datasets/sabersakin/brainmri/Datasest Merged 1/Datasest Merged 1/notumor/Tr-no_1454.jpg,2
/kaggle/input/datasets/sabersakin/brainmri/Datasest Merged 1/Datasest Merged 1/notumor/Tr-no_0653.jpg,/kaggle/input/datasets/sabersakin/brainmri/Datasest Merged 1/Datasest Merged 1/notumor/image (16).jpg,0
/kaggle/input/datasets/sabersakin/brainmri/Datasest Merged 1/Datasest Merged 1/notumor/Tr-no_0653.jpg,/kaggle/input/datasets/sabersakin/brainmri/Datasest Merged 1/Datasest Merged 1/notumor/Te-no_0203.jpg,0
/kaggle/input/datasets/sabersakin/brainmri/Datasest Merged 1/Datasest Merged 1/notumor/Tr-no_0653.jpg,/kaggle/input/datasets/sabersakin/brainmri/Datasest Merged 1/Datasest Merged 1/notumor/Te-no_0213.jpg,0
/kaggle/input/datasets/sabersakin/brainmri/Datasest Merged 1/Datasest Merged 1/notumor/Tr-no_0653.jpg,/kaggle/input/datasets/sabersakin/brainmri/Datasest Merged 1/Datasest Merged 1/notumor/Te-no_0163.jpg,0
/kaggle/input/datasets/sabersakin/brainmri/Datasest Merged 1/Datasest Merged 1/notumor/Tr-no_0653.jpg,/kaggle/input/datasets/sabersakin/brainmri/Datasest Merged 1/Datasest Merged 1/notumor/Tr-no_0710.jpg,2
/kaggle/input/datasets/sabersakin/brainmri/Datasest Merged 1/Datasest Merged 1/notumor/Tr-no_0653.jpg,/kaggle/input/datasets/sabersakin/brainmri/Datasest Merged 1/Datasest Merged 1/notumor/image(213).jpg,0
/kaggle/input/datasets/sabersakin/brainmri/Datasest Merged 1/Datasest Merged 1/notumor/Tr-no_0653.jpg,/kaggle/input/datasets/sabersakin/brainmri/Datasest Merged 1/Datasest Merged 1/notumor/image (15).jpg,0
/kaggle/input/datasets/sabersakin/brainmri/Datasest Merged 1/Datasest Merged 1/notumor/Tr-no_0653.jpg,/kaggle/input/datasets/sabersakin/brainmri/Datasest Merged 1/Datasest Merged 1/notumor/Tr-no_1236.jpg,2
/kaggle/input/datasets/sabersakin/brainmri/Datasest Merged 1/Datasest Merged 1/notumor/Tr-no_0653.jpg,/kaggle/input/datasets/sabersakin/brainmri/Datasest Merged 1/Datasest Merged 1/notumor/Tr-no_1331.jpg,0
/kaggle/input/datasets/sabersakin/brainmri/Datasest Merged 1/Datasest Merged 1/notumor/Tr-no_0653.jpg,/kaggle/input/datasets/sabersakin/brainmri/Datasest Merged 1/Datasest Merged 1/notumor/Tr-no_1031.jpg,0
/kaggle/input/datasets/sabersakin/brainmri/Datasest Merged 1/Datasest Merged 1/notumor/Tr-no_0653.jpg,/kaggle/input/datasets/sabersakin/brainmri/Datasest Merged 1/Datasest Merged 1/notumor/Te-no_0269.jpg,0
/kaggle/input/datasets/sabersakin/brainmri/Datasest Merged 1/Datasest Merged 1/notumor/Tr-no_0653.jpg,/kaggle/input/datasets/sabersakin/brainmri/Datasest Merged 1/Datasest Merged 1/notumor/image(244).jpg,0
/kaggle/input/datasets/sabersakin/brainmri/Datasest Merged 1/Datasest Merged 1/notumor/Tr-no_0653.jpg,/kaggle/input/datasets/sabersakin/brainmri/Datasest Merged 1/Datasest Merged 1/notumor/Tr-no_1225.jpg,0
/kaggle/input/datasets/sabersakin/brainmri/Datasest Merged 1/Datasest Merged 1/notumor/Tr-no_0653.jpg,/kaggle/input/datasets/sabersakin/brainmri/Datasest Merged 1/Datasest Merged 1/notumor/Te-no_0363.jpg,0
/kaggle/input/datasets/sabersakin/brainmri/Datasest Merged 1/Datasest Merged 1/notumor/Tr-no_0301.jpg,/kaggle/input/datasets/sabersakin/brainmri/Datasest Merged 1/Datasest Merged 1/notumor/image(309).jpg,0
/kaggle/input/datasets/sabersakin/brainmri/Datasest Merged 1/Datasest Merged 1/glioma/gg (611).jpg,/kaggle/input/datasets/sabersakin/brainmri/Datasest Merged 1/Datasest Merged 1/glioma/gg (610).jpg,4
/kaggle/input/datasets/sabersakin/brainmri/Datasest Merged 1/Datasest Merged 1/meningioma/Tr-me_0059.jpg,/kaggle/input/datasets/sabersakin/brainmri/Datasest Merged 1/Datasest Merged 1/meningioma/m (169).jpg,0
/kaggle/input/datasets/sabersakin/brainmri/Datasest Merged 1/Datasest Merged 1/meningioma/Tr-me_0059.jpg,/kaggle/input/datasets/sabersakin/brainmri/Datasest Merged 1/Datasest Merged 1/meningioma/m (170).jpg,4
/kaggle/input/datasets/sabersakin/brainmri/Datasest Merged 1/Datasest Merged 1/meningioma/Tr-me_0059.jpg,/kaggle/input/datasets/sabersakin/brainmri/Datasest Merged 1/Datasest Merged 1/meningioma/Te-me_0132.jpg,4
/kaggle/input/datasets/sabersakin/brainmri/Datasest Merged 1/Datasest Merged 1/notumor/Tr-no_1426.jpg,/kaggle/input/datasets/sabersakin/brainmri/Datasest Merged 1/Datasest Merged 1/notumor/Tr-no_1254.jpg,0
/kaggle/input/datasets/sabersakin/brainmri/Datasest Merged 1/Datasest Merged 1/notumor/Tr-no_1426.jpg,/kaggle/input/datasets/sabersakin/brainmri/Datasest Merged 1/Datasest Merged 1/notumor/Tr-no_1323.jpg,0
/kaggle/input/datasets/sabersakin/brainmri/Datasest Merged 1/Datasest Merged 1/notumor/Tr-no_1426.jpg,/kaggle/input/datasets/sabersakin/brainmri/Datasest Merged 1/Datasest Merged 1/notumor/Te-no_0351.jpg,4
/kaggle/input/datasets/sabersakin/brainmri/Datasest Merged 1/Datasest Merged 1/notumor/Tr-no_1426.jpg,/kaggle/input/datasets/sabersakin/brainmri/Datasest Merged 1/Datasest Merged 1/notumor/Tr-no_0949.jpg,2
/kaggle/input/datasets/sabersakin/brainmri/Datasest Merged 1/Datasest Merged 1/notumor/Tr-no_1426.jpg,/kaggle/input/datasets/sabersakin/brainmri/Datasest Merged 1/Datasest Merged 1/notumor/Tr-no_0723.jpg,4
/kaggle/input/datasets/sabersakin/brainmri/Datasest Merged 1/Datasest Merged 1/notumor/Tr-no_1426.jpg,/kaggle/input/datasets/sabersakin/brainmri/Datasest Merged 1/Datasest Merged 1/notumor/Tr-no_1541.jpg,0
/kaggle/input/datasets/sabersakin/brainmri/Datasest Merged 1/Datasest Merged 1/notumor/Tr-no_1426.jpg,/kaggle/input/datasets/sabersakin/brainmri/Datasest Merged 1/Datasest Merged 1/notumor/Tr-no_0470.jpg,2
/kaggle/input/datasets/sabersakin/brainmri/Datasest Merged 1/Datasest Merged 1/notumor/Tr-no_1426.jpg,/kaggle/input/datasets/sabersakin/brainmri/Datasest Merged 1/Datasest Merged 1/notumor/Te-no_0135.jpg,0
/kaggle/input/datasets/sabersakin/brainmri/Datasest Merged 1/Datasest Merged 1/notumor/Tr-no_1426.jpg,/kaggle/input/datasets/sabersakin/brainmri/Datasest Merged 1/Datasest Merged 1/notumor/Tr-no_0847.jpg,2
/kaggle/input/datasets/sabersakin/brainmri/Datasest Merged 1/Datasest Merged 1/notumor/Tr-no_0220.jpg,/kaggle/input/datasets/sabersakin/brainmri/Datasest Merged 1/Datasest Merged 1/notumor/Tr-no_1083.jpg,0
/kaggle/input/datasets/sabersakin/brainmri/Datasest Merged 1/Datasest Merged 1/glioma/1303.jpg,/kaggle/input/datasets/sabersakin/brainmri/Datasest Merged 1/Datasest Merged 1/glioma/1301.jpg,4
/kaggle/input/datasets/sabersakin/brainmri/Datasest Merged 1/Datasest Merged 1/glioma/1303.jpg,/kaggle/input/datasets/sabersakin/brainmri/Datasest Merged 1/Datasest Merged 1/glioma/1302.jpg,0
/kaggle/input/datasets/sabersakin/brainmri/Datasest Merged 1/Datasest Merged 1/notumor/Tr-no_1493.jpg,/kaggle/input/datasets/sabersakin/brainmri/Datasest Merged 1/Datasest Merged 1/notumor/Tr-no_0832.jpg,4
/kaggle/input/datasets/sabersakin/brainmri/Datasest Merged 1/Datasest Merged 1/notumor/Tr-no_1493.jpg,/kaggle/input/datasets/sabersakin/brainmri/Datasest Merged 1/Datasest Merged 1/notumor/Te-no_0362.jpg,4
/kaggle/input/datasets/sabersakin/brainmri/Datasest Merged 1/Datasest Merged 1/notumor/Tr-no_1493.jpg,/kaggle/input/datasets/sabersakin/brainmri/Datasest Merged 1/Datasest Merged 1/notumor/Tr-no_0685.jpg,0
/kaggle/input/datasets/sabersakin/brainmri/Datasest Merged 1/Datasest Merged 1/notumor/Tr-no_0114.jpg,/kaggle/input/datasets/sabersakin/brainmri/Datasest Merged 1/Datasest Merged 1/notumor/image(140).jpg,0
/kaggle/input/datasets/sabersakin/brainmri/Datasest Merged 1/Datasest Merged 1/notumor/Tr-no_0573.jpg,/kaggle/input/datasets/sabersakin/brainmri/Datasest Merged 1/Datasest Merged 1/notumor/Tr-no_1253.jpg,2
/kaggle/input/datasets/sabersakin/brainmri/Datasest Merged 1/Datasest Merged 1/notumor/Tr-no_0573.jpg,/kaggle/input/datasets/sabersakin/brainmri/Datasest Merged 1/Datasest Merged 1/notumor/Tr-no_1032.jpg,2
/kaggle/input/datasets/sabersakin/brainmri/Datasest Merged 1/Datasest Merged 1/notumor/Tr-no_0573.jpg,/kaggle/input/datasets/sabersakin/brainmri/Datasest Merged 1/Datasest Merged 1/notumor/Tr-no_0796.jpg,2
/kaggle/input/datasets/sabersakin/brainmri/Datasest Merged 1/Datasest Merged 1/notumor/Tr-no_0573.jpg,/kaggle/input/datasets/sabersakin/brainmri/Datasest Merged 1/Datasest Merged 1/notumor/Tr-no_0747.jpg,2
/kaggle/input/datasets/sabersakin/brainmri/Datasest Merged 1/Datasest Merged 1/notumor/Tr-no_0573.jpg,/kaggle/input/datasets/sabersakin/brainmri/Datasest Merged 1/Datasest Merged 1/notumor/Te-no_0297.jpg,2
/kaggle/input/datasets/sabersakin/brainmri/Datasest Merged 1/Datasest Merged 1/notumor/Tr-no_0573.jpg,/kaggle/input/datasets/sabersakin/brainmri/Datasest Merged 1/Datasest Merged 1/notumor/Tr-no_0496.jpg,2
/kaggle/input/datasets/sabersakin/brainmri/Datasest Merged 1/Datasest Merged 1/notumor/Tr-no_0573.jpg,/kaggle/input/datasets/sabersakin/brainmri/Datasest Merged 1/Datasest Merged 1/notumor/image(300).jpg,0
/kaggle/input/datasets/sabersakin/brainmri/Datasest Merged 1/Datasest Merged 1/meningioma/Tr-me_0624.jpg,/kaggle/input/datasets/sabersakin/brainmri/Datasest Merged 1/Datasest Merged 1/meningioma/m3 (171).jpg,0
/kaggle/input/datasets/sabersakin/brainmri/Datasest Merged 1/Datasest Merged 1/meningioma/Tr-me_0624.jpg,/kaggle/input/datasets/sabersakin/brainmri/Datasest Merged 1/Datasest Merged 1/meningioma/m3 (170).jpg,2
/kaggle/input/datasets/sabersakin/brainmri/Datasest Merged 1/Datasest Merged 1/meningioma/Tr-me_0624.jpg,/kaggle/input/datasets/sabersakin/brainmri/Datasest Merged 1/Datasest Merged 1/meningioma/Tr-me_0623.jpg,2
/kaggle/input/datasets/sabersakin/brainmri/Datasest Merged 1/Datasest Merged 1/glioma/1258.jpg,/kaggle/input/datasets/sabersakin/brainmri/Datasest Merged 1/Datasest Merged 1/glioma/1260.jpg,4
/kaggle/input/datasets/sabersakin/brainmri/Datasest Merged 1/Datasest Merged 1/glioma/1258.jpg,/kaggle/input/datasets/sabersakin/brainmri/Datasest Merged 1/Datasest Merged 1/glioma/1256.jpg,4
/kaggle/input/datasets/sabersakin/brainmri/Datasest Merged 1/Datasest Merged 1/glioma/1258.jpg,/kaggle/input/datasets/sabersakin/brainmri/Datasest Merged 1/Datasest Merged 1/glioma/1259.jpg,4
/kaggle/input/datasets/sabersakin/brainmri/Datasest Merged 1/Datasest Merged 1/glioma/Tr-gl_0397.jpg,/kaggle/input/datasets/sabersakin/brainmri/Datasest Merged 1/Datasest Merged 1/glioma/Tr-gl_0396.jpg,2
/kaggle/input/datasets/sabersakin/brainmri/Datasest Merged 1/Datasest Merged 1/glioma/Tr-gl_0397.jpg,/kaggle/input/datasets/sabersakin/brainmri/Datasest Merged 1/Datasest Merged 1/glioma/Tr-gl_0395.jpg,4
/kaggle/input/datasets/sabersakin/brainmri/Datasest Merged 1/Datasest Merged 1/notumor/Tr-no_1149.jpg,/kaggle/input/datasets/sabersakin/brainmri/Datasest Merged 1/Datasest Merged 1/notumor/image(276).jpg,0
/kaggle/input/datasets/sabersakin/brainmri/Datasest Merged 1/Datasest Merged 1/notumor/Tr-no_1149.jpg,/kaggle/input/datasets/sabersakin/brainmri/Datasest Merged 1/Datasest Merged 1/notumor/image(281).jpg,0
/kaggle/input/datasets/sabersakin/brainmri/Datasest Merged 1/Datasest Merged 1/notumor/Tr-no_1149.jpg,/kaggle/input/datasets/sabersakin/brainmri/Datasest Merged 1/Datasest Merged 1/notumor/Tr-no_0270.jpg,0
/kaggle/input/datasets/sabersakin/brainmri/Datasest Merged 1/Datasest Merged 1/notumor/Tr-no_1149.jpg,/kaggle/input/datasets/sabersakin/brainmri/Datasest Merged 1/Datasest Merged 1/notumor/Tr-no_0264.jpg,0
/kaggle/input/datasets/sabersakin/brainmri/Datasest Merged 1/Datasest Merged 1/pituitary/Te-piTr_0004.jpg,/kaggle/input/datasets/sabersakin/brainmri/Datasest Merged 1/Datasest Merged 1/pituitary/p (576).jpg,4
/kaggle/input/datasets/sabersakin/brainmri/Datasest Merged 1/Datasest Merged 1/pituitary/Te-piTr_0004.jpg,/kaggle/input/datasets/sabersakin/brainmri/Datasest Merged 1/Datasest Merged 1/pituitary/Tr-pi_0525.jpg,4
/kaggle/input/datasets/sabersakin/brainmri/Datasest Merged 1/Datasest Merged 1/pituitary/Te-piTr_0004.jpg,/kaggle/input/datasets/sabersakin/brainmri/Datasest Merged 1/Datasest Merged 1/pituitary/p (575).jpg,4
/kaggle/input/datasets/sabersakin/brainmri/Datasest Merged 1/Datasest Merged 1/pituitary/Te-piTr_0004.jpg,/kaggle/input/datasets/sabersakin/brainmri/Datasest Merged 1/Datasest Merged 1/pituitary/Tr-pi_0524.jpg,4
/kaggle/input/datasets/sabersakin/brainmri/Datasest Merged 1/Datasest Merged 1/pituitary/2567.jpg,/kaggle/input/datasets/sabersakin/brainmri/Datasest Merged 1/Datasest Merged 1/pituitary/2568.jpg,4
/kaggle/input/datasets/sabersakin/brainmri/Datasest Merged 1/Datasest Merged 1/meningioma/image(90).jpg,/kaggle/input/datasets/sabersakin/brainmri/Datasest Merged 1/Datasest Merged 1/meningioma/Te-me_0025.jpg,0
/kaggle/input/datasets/sabersakin/brainmri/Datasest Merged 1/Datasest Merged 1/meningioma/image(90).jpg,/kaggle/input/datasets/sabersakin/brainmri/Datasest Merged 1/Datasest Merged 1/meningioma/m1(200).jpg,0
/kaggle/input/datasets/sabersakin/brainmri/Datasest Merged 1/Datasest Merged 1/meningioma/image(90).jpg,/kaggle/input/datasets/sabersakin/brainmri/Datasest Merged 1/Datasest Merged 1/meningioma/image(19).jpg,0
/kaggle/input/datasets/sabersakin/brainmri/Datasest Merged 1/Datasest Merged 1/meningioma/image(90).jpg,/kaggle/input/datasets/sabersakin/brainmri/Datasest Merged 1/Datasest Merged 1/meningioma/Te-me_0104.jpg,0
/kaggle/input/datasets/sabersakin/brainmri/Datasest Merged 1/Datasest Merged 1/meningioma/image(90).jpg,/kaggle/input/datasets/sabersakin/brainmri/Datasest Merged 1/Datasest Merged 1/meningioma/m1(100).jpg,0
/kaggle/input/datasets/sabersakin/brainmri/Datasest Merged 1/Datasest Merged 1/meningioma/image(90).jpg,/kaggle/input/datasets/sabersakin/brainmri/Datasest Merged 1/Datasest Merged 1/meningioma/Tr-me_0281.jpg,0
/kaggle/input/datasets/sabersakin/brainmri/Datasest Merged 1/Datasest Merged 1/meningioma/image(90).jpg,/kaggle/input/datasets/sabersakin/brainmri/Datasest Merged 1/Datasest Merged 1/meningioma/Tr-me_0175.jpg,0
/kaggle/input/datasets/sabersakin/brainmri/Datasest Merged 1/Datasest Merged 1/meningioma/image(90).jpg,/kaggle/input/datasets/sabersakin/brainmri/Datasest Merged 1/Datasest Merged 1/meningioma/Tr-me_0205.jpg,0
/kaggle/input/datasets/sabersakin/brainmri/Datasest Merged 1/Datasest Merged 1/meningioma/image(90).jpg,/kaggle/input/datasets/sabersakin/brainmri/Datasest Merged 1/Datasest Merged 1/meningioma/m1(129).jpg,0
/kaggle/input/datasets/sabersakin/brainmri/Datasest Merged 1/Datasest Merged 1/pituitary/Te-pi_0138.jpg,/kaggle/input/datasets/sabersakin/brainmri/Datasest Merged 1/Datasest Merged 1/pituitary/Tr-pi_0969.jpg,4
/kaggle/input/datasets/sabersakin/brainmri/Datasest Merged 1/Datasest Merged 1/pituitary/Tr-pi_0416.jpg,/kaggle/input/datasets/sabersakin/brainmri/Datasest Merged 1/Datasest Merged 1/pituitary/p (474).jpg,0
/kaggle/input/datasets/sabersakin/brainmri/Datasest Merged 1/Datasest Merged 1/notumor/Tr-no_1071.jpg,/kaggle/input/datasets/sabersakin/brainmri/Datasest Merged 1/Datasest Merged 1/notumor/Tr-no_0218.jpg,0
/kaggle/input/datasets/sabersakin/brainmri/Datasest Merged 1/Datasest Merged 1/notumor/Tr-no_1071.jpg,/kaggle/input/datasets/sabersakin/brainmri/Datasest Merged 1/Datasest Merged 1/notumor/image(234).jpg,0
/kaggle/input/datasets/sabersakin/brainmri/Datasest Merged 1/Datasest Merged 1/pituitary/p (700).jpg,/kaggle/input/datasets/sabersakin/brainmri/Datasest Merged 1/Datasest Merged 1/pituitary/Tr-pi_0633.jpg,0
/kaggle/input/datasets/sabersakin/brainmri/Datasest Merged 1/Datasest Merged 1/notumor/Tr-no_0058.jpg,/kaggle/input/datasets/sabersakin/brainmri/Datasest Merged 1/Datasest Merged 1/notumor/Te-no_0013.jpg,0
/kaggle/input/datasets/sabersakin/brainmri/Datasest Merged 1/Datasest Merged 1/notumor/Tr-no_0058.jpg,/kaggle/input/datasets/sabersakin/brainmri/Datasest Merged 1/Datasest Merged 1/notumor/image (58).jpg,0
/kaggle/input/datasets/sabersakin/brainmri/Datasest Merged 1/Datasest Merged 1/pituitary/p (153).jpg,/kaggle/input/datasets/sabersakin/brainmri/Datasest Merged 1/Datasest Merged 1/pituitary/Tr-pi_0060.jpg,0
/kaggle/input/datasets/sabersakin/brainmri/Datasest Merged 1/Datasest Merged 1/meningioma/image(84).jpg,/kaggle/input/datasets/sabersakin/brainmri/Datasest Merged 1/Datasest Merged 1/meningioma/Te-me_0097.jpg,0
/kaggle/input/datasets/sabersakin/brainmri/Datasest Merged 1/Datasest Merged 1/meningioma/image(84).jpg,/kaggle/input/datasets/sabersakin/brainmri/Datasest Merged 1/Datasest Merged 1/meningioma/m1(194).jpg,0
/kaggle/input/datasets/sabersakin/brainmri/Datasest Merged 1/Datasest Merged 1/pituitary/Tr-pi_0089.jpg,/kaggle/input/datasets/sabersakin/brainmri/Datasest Merged 1/Datasest Merged 1/pituitary/p (18).jpg,0
/kaggle/input/datasets/sabersakin/brainmri/Datasest Merged 1/Datasest Merged 1/meningioma/m1(140).jpg,/kaggle/input/datasets/sabersakin/brainmri/Datasest Merged 1/Datasest Merged 1/meningioma/image(30).jpg,0
/kaggle/input/datasets/sabersakin/brainmri/Datasest Merged 1/Datasest Merged 1/meningioma/m1(140).jpg,/kaggle/input/datasets/sabersakin/brainmri/Datasest Merged 1/Datasest Merged 1/meningioma/Te-me_0038.jpg,0
/kaggle/input/datasets/sabersakin/brainmri/Datasest Merged 1/Datasest Merged 1/meningioma/m1(140).jpg,/kaggle/input/datasets/sabersakin/brainmri/Datasest Merged 1/Datasest Merged 1/meningioma/Tr-me_0217.jpg,0
/kaggle/input/datasets/sabersakin/brainmri/Datasest Merged 1/Datasest Merged 1/meningioma/Tr-me_0570.jpg,/kaggle/input/datasets/sabersakin/brainmri/Datasest Merged 1/Datasest Merged 1/meningioma/m3 (121).jpg,0
/kaggle/input/datasets/sabersakin/brainmri/Datasest Merged 1/Datasest Merged 1/pituitary/Tr-pi_0135.jpg,/kaggle/input/datasets/sabersakin/brainmri/Datasest Merged 1/Datasest Merged 1/pituitary/p (218).jpg,2
/kaggle/input/datasets/sabersakin/brainmri/Datasest Merged 1/Datasest Merged 1/pituitary/Tr-pi_0135.jpg,/kaggle/input/datasets/sabersakin/brainmri/Datasest Merged 1/Datasest Merged 1/pituitary/p (220).jpg,0
/kaggle/input/datasets/sabersakin/brainmri/Datasest Merged 1/Datasest Merged 1/pituitary/Tr-pi_0135.jpg,/kaggle/input/datasets/sabersakin/brainmri/Datasest Merged 1/Datasest Merged 1/pituitary/Tr-pi_0132.jpg,2
/kaggle/input/datasets/sabersakin/brainmri/Datasest Merged 1/Datasest Merged 1/pituitary/Tr-pi_0135.jpg,/kaggle/input/datasets/sabersakin/brainmri/Datasest Merged 1/Datasest Merged 1/pituitary/p (219).jpg,2
/kaggle/input/datasets/sabersakin/brainmri/Datasest Merged 1/Datasest Merged 1/pituitary/Tr-pi_0135.jpg,/kaggle/input/datasets/sabersakin/brainmri/Datasest Merged 1/Datasest Merged 1/pituitary/Tr-pi_0133.jpg,2
/kaggle/input/datasets/sabersakin/brainmri/Datasest Merged 1/Datasest Merged 1/pituitary/Tr-pi_0701.jpg,/kaggle/input/datasets/sabersakin/brainmri/Datasest Merged 1/Datasest Merged 1/pituitary/Te-pi_0055.jpg,0
/kaggle/input/datasets/sabersakin/brainmri/Datasest Merged 1/Datasest Merged 1/glioma/Tr-gl_0030.jpg,/kaggle/input/datasets/sabersakin/brainmri/Datasest Merged 1/Datasest Merged 1/glioma/gg (392).jpg,0
/kaggle/input/datasets/sabersakin/brainmri/Datasest Merged 1/Datasest Merged 1/pituitary/Tr-pi_0195.jpg,/kaggle/input/datasets/sabersakin/brainmri/Datasest Merged 1/Datasest Merged 1/pituitary/p (274).jpg,4
/kaggle/input/datasets/sabersakin/brainmri/Datasest Merged 1/Datasest Merged 1/pituitary/Tr-pi_0195.jpg,/kaggle/input/datasets/sabersakin/brainmri/Datasest Merged 1/Datasest Merged 1/pituitary/Tr-pi_0190.jpg,4
/kaggle/input/datasets/sabersakin/brainmri/Datasest Merged 1/Datasest Merged 1/pituitary/Tr-pi_0195.jpg,/kaggle/input/datasets/sabersakin/brainmri/Datasest Merged 1/Datasest Merged 1/pituitary/Tr-pi_0194.jpg,4
/kaggle/input/datasets/sabersakin/brainmri/Datasest Merged 1/Datasest Merged 1/pituitary/Tr-pi_0195.jpg,/kaggle/input/datasets/sabersakin/brainmri/Datasest Merged 1/Datasest Merged 1/pituitary/p (275).jpg,0
/kaggle/input/datasets/sabersakin/brainmri/Datasest Merged 1/Datasest Merged 1/pituitary/Tr-pi_0195.jpg,/kaggle/input/datasets/sabersakin/brainmri/Datasest Merged 1/Datasest Merged 1/pituitary/p (270).jpg,4
/kaggle/input/datasets/sabersakin/brainmri/Datasest Merged 1/Datasest Merged 1/pituitary/p (752).jpg,/kaggle/input/datasets/sabersakin/brainmri/Datasest Merged 1/Datasest Merged 1/pituitary/p (751).jpg,0
/kaggle/input/datasets/sabersakin/brainmri/Datasest Merged 1/Datasest Merged 1/pituitary/p (752).jpg,/kaggle/input/datasets/sabersakin/brainmri/Datasest Merged 1/Datasest Merged 1/pituitary/Tr-pi_0677.jpg,0
/kaggle/input/datasets/sabersakin/brainmri/Datasest Merged 1/Datasest Merged 1/pituitary/p (752).jpg,/kaggle/input/datasets/sabersakin/brainmri/Datasest Merged 1/Datasest Merged 1/pituitary/Tr-pi_0676.jpg,0
/kaggle/input/datasets/sabersakin/brainmri/Datasest Merged 1/Datasest Merged 1/meningioma/m1(12).jpg,/kaggle/input/datasets/sabersakin/brainmri/Datasest Merged 1/Datasest Merged 1/meningioma/Te-meTr_0003.jpg,0
/kaggle/input/datasets/sabersakin/brainmri/Datasest Merged 1/Datasest Merged 1/meningioma/m1(12).jpg,/kaggle/input/datasets/sabersakin/brainmri/Datasest Merged 1/Datasest Merged 1/meningioma/image(102).jpg,0
/kaggle/input/datasets/sabersakin/brainmri/Datasest Merged 1/Datasest Merged 1/meningioma/Te-me_0053.jpg,/kaggle/input/datasets/sabersakin/brainmri/Datasest Merged 1/Datasest Merged 1/meningioma/image(44).jpg,0
/kaggle/input/datasets/sabersakin/brainmri/Datasest Merged 1/Datasest Merged 1/meningioma/Te-me_0053.jpg,/kaggle/input/datasets/sabersakin/brainmri/Datasest Merged 1/Datasest Merged 1/meningioma/m1(154).jpg,0
/kaggle/input/datasets/sabersakin/brainmri/Datasest Merged 1/Datasest Merged 1/meningioma/Te-me_0053.jpg,/kaggle/input/datasets/sabersakin/brainmri/Datasest Merged 1/Datasest Merged 1/meningioma/Tr-me_0232.jpg,0
/kaggle/input/datasets/sabersakin/brainmri/Datasest Merged 1/Datasest Merged 1/notumor/Te-no_0093.jpg,/kaggle/input/datasets/sabersakin/brainmri/Datasest Merged 1/Datasest Merged 1/notumor/Tr-no_0050.jpg,0
/kaggle/input/datasets/sabersakin/brainmri/Datasest Merged 1/Datasest Merged 1/notumor/Te-no_0093.jpg,/kaggle/input/datasets/sabersakin/brainmri/Datasest Merged 1/Datasest Merged 1/notumor/image(381).jpg,0
/kaggle/input/datasets/sabersakin/brainmri/Datasest Merged 1/Datasest Merged 1/notumor/Te-no_0093.jpg,/kaggle/input/datasets/sabersakin/brainmri/Datasest Merged 1/Datasest Merged 1/notumor/image (50).jpg,0
/kaggle/input/datasets/sabersakin/brainmri/Datasest Merged 1/Datasest Merged 1/notumor/Te-no_0093.jpg,/kaggle/input/datasets/sabersakin/brainmri/Datasest Merged 1/Datasest Merged 1/notumor/Tr-no_0346.jpg,0
/kaggle/input/datasets/sabersakin/brainmri/Datasest Merged 1/Datasest Merged 1/notumor/Te-no_0093.jpg,/kaggle/input/datasets/sabersakin/brainmri/Datasest Merged 1/Datasest Merged 1/notumor/image(9).jpg,0
/kaggle/input/datasets/sabersakin/brainmri/Datasest Merged 1/Datasest Merged 1/notumor/Te-no_0093.jpg,/kaggle/input/datasets/sabersakin/brainmri/Datasest Merged 1/Datasest Merged 1/notumor/image(80).jpg,0
/kaggle/input/datasets/sabersakin/brainmri/Datasest Merged 1/Datasest Merged 1/glioma/1692.jpg,/kaggle/input/datasets/sabersakin/brainmri/Datasest Merged 1/Datasest Merged 1/glioma/1697.jpg,4
/kaggle/input/datasets/sabersakin/brainmri/Datasest Merged 1/Datasest Merged 1/pituitary/p (258).jpg,/kaggle/input/datasets/sabersakin/brainmri/Datasest Merged 1/Datasest Merged 1/pituitary/Tr-pi_0175.jpg,4
/kaggle/input/datasets/sabersakin/brainmri/Datasest Merged 1/Datasest Merged 1/pituitary/p (258).jpg,/kaggle/input/datasets/sabersakin/brainmri/Datasest Merged 1/Datasest Merged 1/pituitary/p (257).jpg,4
/kaggle/input/datasets/sabersakin/brainmri/Datasest Merged 1/Datasest Merged 1/meningioma/m (178).jpg,/kaggle/input/datasets/sabersakin/brainmri/Datasest Merged 1/Datasest Merged 1/meningioma/Tr-me_0067.jpg,2
/kaggle/input/datasets/sabersakin/brainmri/Datasest Merged 1/Datasest Merged 1/meningioma/m (178).jpg,/kaggle/input/datasets/sabersakin/brainmri/Datasest Merged 1/Datasest Merged 1/meningioma/m (179).jpg,2
/kaggle/input/datasets/sabersakin/brainmri/Datasest Merged 1/Datasest Merged 1/meningioma/m (178).jpg,/kaggle/input/datasets/sabersakin/brainmri/Datasest Merged 1/Datasest Merged 1/meningioma/Te-me_0134.jpg,0
/kaggle/input/datasets/sabersakin/brainmri/Datasest Merged 1/Datasest Merged 1/notumor/Tr-no_0067.jpg,/kaggle/input/datasets/sabersakin/brainmri/Datasest Merged 1/Datasest Merged 1/notumor/image (8).jpg,0
/kaggle/input/datasets/sabersakin/brainmri/Datasest Merged 1/Datasest Merged 1/pituitary/p (86).jpg,/kaggle/input/datasets/sabersakin/brainmri/Datasest Merged 1/Datasest Merged 1/pituitary/p (85).jpg,4
/kaggle/input/datasets/sabersakin/brainmri/Datasest Merged 1/Datasest Merged 1/pituitary/p (86).jpg,/kaggle/input/datasets/sabersakin/brainmri/Datasest Merged 1/Datasest Merged 1/pituitary/Tr-pi_0744.jpg,4
/kaggle/input/datasets/sabersakin/brainmri/Datasest Merged 1/Datasest Merged 1/pituitary/p (86).jpg,/kaggle/input/datasets/sabersakin/brainmri/Datasest Merged 1/Datasest Merged 1/pituitary/Tr-pi_0745.jpg,0
/kaggle/input/datasets/sabersakin/brainmri/Datasest Merged 1/Datasest Merged 1/pituitary/p (436).jpg,/kaggle/input/datasets/sabersakin/brainmri/Datasest Merged 1/Datasest Merged 1/pituitary/Tr-pi_0374.jpg,0
/kaggle/input/datasets/sabersakin/brainmri/Datasest Merged 1/Datasest Merged 1/pituitary/p (330).jpg,/kaggle/input/datasets/sabersakin/brainmri/Datasest Merged 1/Datasest Merged 1/pituitary/Tr-pi_0257.jpg,0
/kaggle/input/datasets/sabersakin/brainmri/Datasest Merged 1/Datasest Merged 1/notumor/Tr-no_0421.jpg,/kaggle/input/datasets/sabersakin/brainmri/Datasest Merged 1/Datasest Merged 1/notumor/Tr-no_1564.jpg,2
/kaggle/input/datasets/sabersakin/brainmri/Datasest Merged 1/Datasest Merged 1/notumor/Tr-no_0421.jpg,/kaggle/input/datasets/sabersakin/brainmri/Datasest Merged 1/Datasest Merged 1/notumor/Te-no_0132.jpg,2
/kaggle/input/datasets/sabersakin/brainmri/Datasest Merged 1/Datasest Merged 1/notumor/Tr-no_0421.jpg,/kaggle/input/datasets/sabersakin/brainmri/Datasest Merged 1/Datasest Merged 1/notumor/Tr-no_1404.jpg,0
/kaggle/input/datasets/sabersakin/brainmri/Datasest Merged 1/Datasest Merged 1/notumor/Tr-no_0421.jpg,/kaggle/input/datasets/sabersakin/brainmri/Datasest Merged 1/Datasest Merged 1/notumor/Tr-no_1424.jpg,2
/kaggle/input/datasets/sabersakin/brainmri/Datasest Merged 1/Datasest Merged 1/notumor/Tr-no_0421.jpg,/kaggle/input/datasets/sabersakin/brainmri/Datasest Merged 1/Datasest Merged 1/notumor/Tr-no_0947.jpg,2
/kaggle/input/datasets/sabersakin/brainmri/Datasest Merged 1/Datasest Merged 1/pituitary/p (280).jpg,/kaggle/input/datasets/sabersakin/brainmri/Datasest Merged 1/Datasest Merged 1/pituitary/Tr-pi_0201.jpg,0
/kaggle/input/datasets/sabersakin/brainmri/Datasest Merged 1/Datasest Merged 1/notumor/Tr-no_1434.jpg,/kaggle/input/datasets/sabersakin/brainmri/Datasest Merged 1/Datasest Merged 1/notumor/Tr-no_1333.jpg,2
/kaggle/input/datasets/sabersakin/brainmri/Datasest Merged 1/Datasest Merged 1/notumor/Tr-no_1434.jpg,/kaggle/input/datasets/sabersakin/brainmri/Datasest Merged 1/Datasest Merged 1/notumor/Tr-no_0857.jpg,2
/kaggle/input/datasets/sabersakin/brainmri/Datasest Merged 1/Datasest Merged 1/notumor/Tr-no_1434.jpg,/kaggle/input/datasets/sabersakin/brainmri/Datasest Merged 1/Datasest Merged 1/notumor/Tr-no_0958.jpg,2
/kaggle/input/datasets/sabersakin/brainmri/Datasest Merged 1/Datasest Merged 1/glioma/Tr-gl_1126.jpg,/kaggle/input/datasets/sabersakin/brainmri/Datasest Merged 1/Datasest Merged 1/glioma/Tr-gl_1125.jpg,2
/kaggle/input/datasets/sabersakin/brainmri/Datasest Merged 1/Datasest Merged 1/pituitary/Tr-pi_0258.jpg,/kaggle/input/datasets/sabersakin/brainmri/Datasest Merged 1/Datasest Merged 1/pituitary/p (331).jpg,0
/kaggle/input/datasets/sabersakin/brainmri/Datasest Merged 1/Datasest Merged 1/meningioma/Tr-me_0564.jpg,/kaggle/input/datasets/sabersakin/brainmri/Datasest Merged 1/Datasest Merged 1/meningioma/m3 (116).jpg,0
/kaggle/input/datasets/sabersakin/brainmri/Datasest Merged 1/Datasest Merged 1/notumor/Tr-no_1151.jpg,/kaggle/input/datasets/sabersakin/brainmri/Datasest Merged 1/Datasest Merged 1/notumor/Tr-no_0024.jpg,2
/kaggle/input/datasets/sabersakin/brainmri/Datasest Merged 1/Datasest Merged 1/notumor/Tr-no_1151.jpg,/kaggle/input/datasets/sabersakin/brainmri/Datasest Merged 1/Datasest Merged 1/notumor/Tr-no_1298.jpg,2
/kaggle/input/datasets/sabersakin/brainmri/Datasest Merged 1/Datasest Merged 1/notumor/Tr-no_1151.jpg,/kaggle/input/datasets/sabersakin/brainmri/Datasest Merged 1/Datasest Merged 1/notumor/Tr-no_1249.jpg,2
/kaggle/input/datasets/sabersakin/brainmri/Datasest Merged 1/Datasest Merged 1/notumor/Tr-no_1151.jpg,/kaggle/input/datasets/sabersakin/brainmri/Datasest Merged 1/Datasest Merged 1/notumor/Tr-no_0568.jpg,0
/kaggle/input/datasets/sabersakin/brainmri/Datasest Merged 1/Datasest Merged 1/notumor/Tr-no_1151.jpg,/kaggle/input/datasets/sabersakin/brainmri/Datasest Merged 1/Datasest Merged 1/notumor/Tr-no_0231.jpg,2
/kaggle/input/datasets/sabersakin/brainmri/Datasest Merged 1/Datasest Merged 1/notumor/Tr-no_1151.jpg,/kaggle/input/datasets/sabersakin/brainmri/Datasest Merged 1/Datasest Merged 1/notumor/Tr-no_0012.jpg,2
/kaggle/input/datasets/sabersakin/brainmri/Datasest Merged 1/Datasest Merged 1/notumor/Tr-no_1151.jpg,/kaggle/input/datasets/sabersakin/brainmri/Datasest Merged 1/Datasest Merged 1/notumor/Tr-no_1160.jpg,0
/kaggle/input/datasets/sabersakin/brainmri/Datasest Merged 1/Datasest Merged 1/notumor/Tr-no_1151.jpg,/kaggle/input/datasets/sabersakin/brainmri/Datasest Merged 1/Datasest Merged 1/notumor/Tr-no_0298.jpg,2
/kaggle/input/datasets/sabersakin/brainmri/Datasest Merged 1/Datasest Merged 1/notumor/Tr-no_1151.jpg,/kaggle/input/datasets/sabersakin/brainmri/Datasest Merged 1/Datasest Merged 1/notumor/image(215).jpg,0
/kaggle/input/datasets/sabersakin/brainmri/Datasest Merged 1/Datasest Merged 1/notumor/Tr-no_1151.jpg,/kaggle/input/datasets/sabersakin/brainmri/Datasest Merged 1/Datasest Merged 1/notumor/Tr-no_1131.jpg,2
/kaggle/input/datasets/sabersakin/brainmri/Datasest Merged 1/Datasest Merged 1/notumor/Tr-no_1151.jpg,/kaggle/input/datasets/sabersakin/brainmri/Datasest Merged 1/Datasest Merged 1/notumor/image (13).jpg,2
/kaggle/input/datasets/sabersakin/brainmri/Datasest Merged 1/Datasest Merged 1/notumor/Tr-no_1151.jpg,/kaggle/input/datasets/sabersakin/brainmri/Datasest Merged 1/Datasest Merged 1/notumor/Tr-no_0921.jpg,0
/kaggle/input/datasets/sabersakin/brainmri/Datasest Merged 1/Datasest Merged 1/notumor/Tr-no_1151.jpg,/kaggle/input/datasets/sabersakin/brainmri/Datasest Merged 1/Datasest Merged 1/notumor/image (26).jpg,2
/kaggle/input/datasets/sabersakin/brainmri/Datasest Merged 1/Datasest Merged 1/notumor/Tr-no_1151.jpg,/kaggle/input/datasets/sabersakin/brainmri/Datasest Merged 1/Datasest Merged 1/notumor/Tr-no_0197.jpg,0
/kaggle/input/datasets/sabersakin/brainmri/Datasest Merged 1/Datasest Merged 1/notumor/Tr-no_1151.jpg,/kaggle/input/datasets/sabersakin/brainmri/Datasest Merged 1/Datasest Merged 1/notumor/Te-no_0167.jpg,2
/kaggle/input/datasets/sabersakin/brainmri/Datasest Merged 1/Datasest Merged 1/notumor/Tr-no_1151.jpg,/kaggle/input/datasets/sabersakin/brainmri/Datasest Merged 1/Datasest Merged 1/notumor/Tr-no_0276.jpg,0
/kaggle/input/datasets/sabersakin/brainmri/Datasest Merged 1/Datasest Merged 1/notumor/Tr-no_1151.jpg,/kaggle/input/datasets/sabersakin/brainmri/Datasest Merged 1/Datasest Merged 1/notumor/Tr-no_1041.jpg,0
/kaggle/input/datasets/sabersakin/brainmri/Datasest Merged 1/Datasest Merged 1/notumor/Tr-no_1151.jpg,/kaggle/input/datasets/sabersakin/brainmri/Datasest Merged 1/Datasest Merged 1/notumor/Tr-no_0011.jpg,2
/kaggle/input/datasets/sabersakin/brainmri/Datasest Merged 1/Datasest Merged 1/notumor/Tr-no_1291.jpg,/kaggle/input/datasets/sabersakin/brainmri/Datasest Merged 1/Datasest Merged 1/notumor/Tr-no_1560.jpg,2
/kaggle/input/datasets/sabersakin/brainmri/Datasest Merged 1/Datasest Merged 1/notumor/Tr-no_1291.jpg,/kaggle/input/datasets/sabersakin/brainmri/Datasest Merged 1/Datasest Merged 1/notumor/Te-no_0368.jpg,0
/kaggle/input/datasets/sabersakin/brainmri/Datasest Merged 1/Datasest Merged 1/notumor/Tr-no_1291.jpg,/kaggle/input/datasets/sabersakin/brainmri/Datasest Merged 1/Datasest Merged 1/notumor/Tr-no_0419.jpg,2
/kaggle/input/datasets/sabersakin/brainmri/Datasest Merged 1/Datasest Merged 1/notumor/Tr-no_1291.jpg,/kaggle/input/datasets/sabersakin/brainmri/Datasest Merged 1/Datasest Merged 1/notumor/Tr-no_1399.jpg,2
/kaggle/input/datasets/sabersakin/brainmri/Datasest Merged 1/Datasest Merged 1/notumor/Tr-no_1291.jpg,/kaggle/input/datasets/sabersakin/brainmri/Datasest Merged 1/Datasest Merged 1/notumor/Tr-no_0457.jpg,0
/kaggle/input/datasets/sabersakin/brainmri/Datasest Merged 1/Datasest Merged 1/pituitary/Tr-pi_0826.jpg,/kaggle/input/datasets/sabersakin/brainmri/Datasest Merged 1/Datasest Merged 1/pituitary/Te-pi_0089.jpg,4
/kaggle/input/datasets/sabersakin/brainmri/Datasest Merged 1/Datasest Merged 1/meningioma/Tr-me_0941.jpg,/kaggle/input/datasets/sabersakin/brainmri/Datasest Merged 1/Datasest Merged 1/meningioma/Tr-me_0940.jpg,4
/kaggle/input/datasets/sabersakin/brainmri/Datasest Merged 1/Datasest Merged 1/pituitary/Te-pi_0039.jpg,/kaggle/input/datasets/sabersakin/brainmri/Datasest Merged 1/Datasest Merged 1/pituitary/p (717).jpg,0
/kaggle/input/datasets/sabersakin/brainmri/Datasest Merged 1/Datasest Merged 1/pituitary/Te-pi_0253.jpg,/kaggle/input/datasets/sabersakin/brainmri/Datasest Merged 1/Datasest Merged 1/pituitary/Tr-pi_1314.jpg,2
/kaggle/input/datasets/sabersakin/brainmri/Datasest Merged 1/Datasest Merged 1/pituitary/Te-pi_0253.jpg,/kaggle/input/datasets/sabersakin/brainmri/Datasest Merged 1/Datasest Merged 1/pituitary/Tr-pi_1315.jpg,0
/kaggle/input/datasets/sabersakin/brainmri/Datasest Merged 1/Datasest Merged 1/pituitary/Te-pi_0253.jpg,/kaggle/input/datasets/sabersakin/brainmri/Datasest Merged 1/Datasest Merged 1/pituitary/Tr-pi_1316.jpg,2
/kaggle/input/datasets/sabersakin/brainmri/Datasest Merged 1/Datasest Merged 1/pituitary/Tr-pi_0176.jpg,/kaggle/input/datasets/sabersakin/brainmri/Datasest Merged 1/Datasest Merged 1/pituitary/Tr-pi_0175.jpg,4
/kaggle/input/datasets/sabersakin/brainmri/Datasest Merged 1/Datasest Merged 1/pituitary/Tr-pi_0176.jpg,/kaggle/input/datasets/sabersakin/brainmri/Datasest Merged 1/Datasest Merged 1/pituitary/p (257).jpg,4
/kaggle/input/datasets/sabersakin/brainmri/Datasest Merged 1/Datasest Merged 1/notumor/Tr-no_0636.jpg,/kaggle/input/datasets/sabersakin/brainmri/Datasest Merged 1/Datasest Merged 1/notumor/Tr-no_0859.jpg,4
/kaggle/input/datasets/sabersakin/brainmri/Datasest Merged 1/Datasest Merged 1/notumor/Tr-no_0636.jpg,/kaggle/input/datasets/sabersakin/brainmri/Datasest Merged 1/Datasest Merged 1/notumor/Tr-no_1335.jpg,2
/kaggle/input/datasets/sabersakin/brainmri/Datasest Merged 1/Datasest Merged 1/notumor/Tr-no_0636.jpg,/kaggle/input/datasets/sabersakin/brainmri/Datasest Merged 1/Datasest Merged 1/notumor/Te-no_0238.jpg,2
/kaggle/input/datasets/sabersakin/brainmri/Datasest Merged 1/Datasest Merged 1/notumor/image(330).jpg,/kaggle/input/datasets/sabersakin/brainmri/Datasest Merged 1/Datasest Merged 1/notumor/image(28).jpg,0
/kaggle/input/datasets/sabersakin/brainmri/Datasest Merged 1/Datasest Merged 1/notumor/image(330).jpg,/kaggle/input/datasets/sabersakin/brainmri/Datasest Merged 1/Datasest Merged 1/notumor/Tr-no_0329.jpg,0
/kaggle/input/datasets/sabersakin/brainmri/Datasest Merged 1/Datasest Merged 1/notumor/image(330).jpg,/kaggle/input/datasets/sabersakin/brainmri/Datasest Merged 1/Datasest Merged 1/notumor/Te-no_0025.jpg,0
/kaggle/input/datasets/sabersakin/brainmri/Datasest Merged 1/Datasest Merged 1/notumor/image(236).jpg,/kaggle/input/datasets/sabersakin/brainmri/Datasest Merged 1/Datasest Merged 1/notumor/Tr-no_1083.jpg,0
/kaggle/input/datasets/sabersakin/brainmri/Datasest Merged 1/Datasest Merged 1/pituitary/p (51).jpg,/kaggle/input/datasets/sabersakin/brainmri/Datasest Merged 1/Datasest Merged 1/pituitary/p (50).jpg,4
/kaggle/input/datasets/sabersakin/brainmri/Datasest Merged 1/Datasest Merged 1/pituitary/p (51).jpg,/kaggle/input/datasets/sabersakin/brainmri/Datasest Merged 1/Datasest Merged 1/pituitary/Tr-pi_0433.jpg,4
/kaggle/input/datasets/sabersakin/brainmri/Datasest Merged 1/Datasest Merged 1/pituitary/p (51).jpg,/kaggle/input/datasets/sabersakin/brainmri/Datasest Merged 1/Datasest Merged 1/pituitary/Tr-pi_0445.jpg,4
/kaggle/input/datasets/sabersakin/brainmri/Datasest Merged 1/Datasest Merged 1/pituitary/p (51).jpg,/kaggle/input/datasets/sabersakin/brainmri/Datasest Merged 1/Datasest Merged 1/pituitary/p (49).jpg,4
/kaggle/input/datasets/sabersakin/brainmri/Datasest Merged 1/Datasest Merged 1/pituitary/p (51).jpg,/kaggle/input/datasets/sabersakin/brainmri/Datasest Merged 1/Datasest Merged 1/pituitary/Tr-pi_0456.jpg,0
/kaggle/input/datasets/sabersakin/brainmri/Datasest Merged 1/Datasest Merged 1/pituitary/Tr-pi_0847.jpg,/kaggle/input/datasets/sabersakin/brainmri/Datasest Merged 1/Datasest Merged 1/pituitary/Te-pi_0103.jpg,2
/kaggle/input/datasets/sabersakin/brainmri/Datasest Merged 1/Datasest Merged 1/pituitary/Tr-pi_0847.jpg,/kaggle/input/datasets/sabersakin/brainmri/Datasest Merged 1/Datasest Merged 1/pituitary/Tr-pi_0846.jpg,4
/kaggle/input/datasets/sabersakin/brainmri/Datasest Merged 1/Datasest Merged 1/pituitary/Tr-pi_0847.jpg,/kaggle/input/datasets/sabersakin/brainmri/Datasest Merged 1/Datasest Merged 1/pituitary/Tr-pi_0868.jpg,4
/kaggle/input/datasets/sabersakin/brainmri/Datasest Merged 1/Datasest Merged 1/meningioma/m1(37).jpg,/kaggle/input/datasets/sabersakin/brainmri/Datasest Merged 1/Datasest Merged 1/meningioma/27.jpg,4
/kaggle/input/datasets/sabersakin/brainmri/Datasest Merged 1/Datasest Merged 1/glioma/gg (174).jpg,/kaggle/input/datasets/sabersakin/brainmri/Datasest Merged 1/Datasest Merged 1/glioma/gg (173).jpg,2
/kaggle/input/datasets/sabersakin/brainmri/Datasest Merged 1/Datasest Merged 1/pituitary/Te-pi_0156.jpg,/kaggle/input/datasets/sabersakin/brainmri/Datasest Merged 1/Datasest Merged 1/pituitary/Tr-pi_1022.jpg,4
/kaggle/input/datasets/sabersakin/brainmri/Datasest Merged 1/Datasest Merged 1/meningioma/Tr-me_0096.jpg,/kaggle/input/datasets/sabersakin/brainmri/Datasest Merged 1/Datasest Merged 1/meningioma/m (28).jpg,0
/kaggle/input/datasets/sabersakin/brainmri/Datasest Merged 1/Datasest Merged 1/meningioma/Tr-me_0096.jpg,/kaggle/input/datasets/sabersakin/brainmri/Datasest Merged 1/Datasest Merged 1/meningioma/m (29).jpg,4
/kaggle/input/datasets/sabersakin/brainmri/Datasest Merged 1/Datasest Merged 1/pituitary/2405.jpg,/kaggle/input/datasets/sabersakin/brainmri/Datasest Merged 1/Datasest Merged 1/pituitary/2406.jpg,2
/kaggle/input/datasets/sabersakin/brainmri/Datasest Merged 1/Datasest Merged 1/meningioma/Tr-me_0291.jpg,/kaggle/input/datasets/sabersakin/brainmri/Datasest Merged 1/Datasest Merged 1/meningioma/m1(30).jpg,4
/kaggle/input/datasets/sabersakin/brainmri/Datasest Merged 1/Datasest Merged 1/meningioma/Tr-me_0291.jpg,/kaggle/input/datasets/sabersakin/brainmri/Datasest Merged 1/Datasest Merged 1/meningioma/Tr-me_0293.jpg,4
/kaggle/input/datasets/sabersakin/brainmri/Datasest Merged 1/Datasest Merged 1/meningioma/Tr-me_0291.jpg,/kaggle/input/datasets/sabersakin/brainmri/Datasest Merged 1/Datasest Merged 1/meningioma/m1(29).jpg,0
/kaggle/input/datasets/sabersakin/brainmri/Datasest Merged 1/Datasest Merged 1/pituitary/Tr-pi_0260.jpg,/kaggle/input/datasets/sabersakin/brainmri/Datasest Merged 1/Datasest Merged 1/pituitary/p (333).jpg,0
/kaggle/input/datasets/sabersakin/brainmri/Datasest Merged 1/Datasest Merged 1/pituitary/p (188).jpg,/kaggle/input/datasets/sabersakin/brainmri/Datasest Merged 1/Datasest Merged 1/pituitary/Tr-pi_0098.jpg,0
/kaggle/input/datasets/sabersakin/brainmri/Datasest Merged 1/Datasest Merged 1/notumor/Tr-no_0349.jpg,/kaggle/input/datasets/sabersakin/brainmri/Datasest Merged 1/Datasest Merged 1/notumor/Tr-no_0964.jpg,0
/kaggle/input/datasets/sabersakin/brainmri/Datasest Merged 1/Datasest Merged 1/notumor/Tr-no_0349.jpg,/kaggle/input/datasets/sabersakin/brainmri/Datasest Merged 1/Datasest Merged 1/notumor/image(384).jpg,0
/kaggle/input/datasets/sabersakin/brainmri/Datasest Merged 1/Datasest Merged 1/notumor/Tr-no_0349.jpg,/kaggle/input/datasets/sabersakin/brainmri/Datasest Merged 1/Datasest Merged 1/notumor/Te-no_0086.jpg,0
/kaggle/input/datasets/sabersakin/brainmri/Datasest Merged 1/Datasest Merged 1/glioma/1717.jpg,/kaggle/input/datasets/sabersakin/brainmri/Datasest Merged 1/Datasest Merged 1/glioma/1719.jpg,4
/kaggle/input/datasets/sabersakin/brainmri/Datasest Merged 1/Datasest Merged 1/notumor/Tr-no_0296.jpg,/kaggle/input/datasets/sabersakin/brainmri/Datasest Merged 1/Datasest Merged 1/notumor/Tr-no_0083.jpg,0
/kaggle/input/datasets/sabersakin/brainmri/Datasest Merged 1/Datasest Merged 1/notumor/Tr-no_0296.jpg,/kaggle/input/datasets/sabersakin/brainmri/Datasest Merged 1/Datasest Merged 1/notumor/image(112).jpg,0
/kaggle/input/datasets/sabersakin/brainmri/Datasest Merged 1/Datasest Merged 1/meningioma/Tr-me_0230.jpg,/kaggle/input/datasets/sabersakin/brainmri/Datasest Merged 1/Datasest Merged 1/meningioma/Te-me_0051.jpg,0
/kaggle/input/datasets/sabersakin/brainmri/Datasest Merged 1/Datasest Merged 1/meningioma/Tr-me_0230.jpg,/kaggle/input/datasets/sabersakin/brainmri/Datasest Merged 1/Datasest Merged 1/meningioma/m1(152).jpg,0
/kaggle/input/datasets/sabersakin/brainmri/Datasest Merged 1/Datasest Merged 1/notumor/image(95).jpg,/kaggle/input/datasets/sabersakin/brainmri/Datasest Merged 1/Datasest Merged 1/notumor/Te-no_0099.jpg,0
/kaggle/input/datasets/sabersakin/brainmri/Datasest Merged 1/Datasest Merged 1/notumor/image(95).jpg,/kaggle/input/datasets/sabersakin/brainmri/Datasest Merged 1/Datasest Merged 1/notumor/image(396).jpg,0
/kaggle/input/datasets/sabersakin/brainmri/Datasest Merged 1/Datasest Merged 1/notumor/image(95).jpg,/kaggle/input/datasets/sabersakin/brainmri/Datasest Merged 1/Datasest Merged 1/notumor/Tr-no_0363.jpg,0
/kaggle/input/datasets/sabersakin/brainmri/Datasest Merged 1/Datasest Merged 1/notumor/Tr-no_1147.jpg,/kaggle/input/datasets/sabersakin/brainmri/Datasest Merged 1/Datasest Merged 1/notumor/Tr-no_0042.jpg,0
/kaggle/input/datasets/sabersakin/brainmri/Datasest Merged 1/Datasest Merged 1/notumor/Tr-no_1147.jpg,/kaggle/input/datasets/sabersakin/brainmri/Datasest Merged 1/Datasest Merged 1/notumor/image(2).jpg,0
/kaggle/input/datasets/sabersakin/brainmri/Datasest Merged 1/Datasest Merged 1/notumor/Tr-no_1147.jpg,/kaggle/input/datasets/sabersakin/brainmri/Datasest Merged 1/Datasest Merged 1/notumor/Te-no_0016.jpg,0
/kaggle/input/datasets/sabersakin/brainmri/Datasest Merged 1/Datasest Merged 1/notumor/Tr-no_1147.jpg,/kaggle/input/datasets/sabersakin/brainmri/Datasest Merged 1/Datasest Merged 1/notumor/image (43).jpg,0
/kaggle/input/datasets/sabersakin/brainmri/Datasest Merged 1/Datasest Merged 1/pituitary/p (217).jpg,/kaggle/input/datasets/sabersakin/brainmri/Datasest Merged 1/Datasest Merged 1/pituitary/Tr-pi_0131.jpg,0
/kaggle/input/datasets/sabersakin/brainmri/Datasest Merged 1/Datasest Merged 1/meningioma/Te-me_0136.jpg,/kaggle/input/datasets/sabersakin/brainmri/Datasest Merged 1/Datasest Merged 1/meningioma/m (186).jpg,0
/kaggle/input/datasets/sabersakin/brainmri/Datasest Merged 1/Datasest Merged 1/pituitary/p (103).jpg,/kaggle/input/datasets/sabersakin/brainmri/Datasest Merged 1/Datasest Merged 1/pituitary/Tr-piTr_0006.jpg,4
/kaggle/input/datasets/sabersakin/brainmri/Datasest Merged 1/Datasest Merged 1/pituitary/p (103).jpg,/kaggle/input/datasets/sabersakin/brainmri/Datasest Merged 1/Datasest Merged 1/pituitary/Tr-piTr_0005.jpg,0
/kaggle/input/datasets/sabersakin/brainmri/Datasest Merged 1/Datasest Merged 1/pituitary/p (103).jpg,/kaggle/input/datasets/sabersakin/brainmri/Datasest Merged 1/Datasest Merged 1/pituitary/p (104).jpg,4
/kaggle/input/datasets/sabersakin/brainmri/Datasest Merged 1/Datasest Merged 1/meningioma/Tr-me_0808.jpg,/kaggle/input/datasets/sabersakin/brainmri/Datasest Merged 1/Datasest Merged 1/meningioma/Te-me_0150.jpg,4
/kaggle/input/datasets/sabersakin/brainmri/Datasest Merged 1/Datasest Merged 1/notumor/Te-no_0157.jpg,/kaggle/input/datasets/sabersakin/brainmri/Datasest Merged 1/Datasest Merged 1/notumor/Tr-no_1207.jpg,0
/kaggle/input/datasets/sabersakin/brainmri/Datasest Merged 1/Datasest Merged 1/notumor/Te-no_0157.jpg,/kaggle/input/datasets/sabersakin/brainmri/Datasest Merged 1/Datasest Merged 1/notumor/Tr-no_1485.jpg,0
/kaggle/input/datasets/sabersakin/brainmri/Datasest Merged 1/Datasest Merged 1/notumor/Te-no_0157.jpg,/kaggle/input/datasets/sabersakin/brainmri/Datasest Merged 1/Datasest Merged 1/notumor/Tr-no_0722.jpg,4
/kaggle/input/datasets/sabersakin/brainmri/Datasest Merged 1/Datasest Merged 1/notumor/Te-no_0157.jpg,/kaggle/input/datasets/sabersakin/brainmri/Datasest Merged 1/Datasest Merged 1/notumor/Tr-no_0764.jpg,4
/kaggle/input/datasets/sabersakin/brainmri/Datasest Merged 1/Datasest Merged 1/notumor/Te-no_0157.jpg,/kaggle/input/datasets/sabersakin/brainmri/Datasest Merged 1/Datasest Merged 1/notumor/Te-no_0281.jpg,2
/kaggle/input/datasets/sabersakin/brainmri/Datasest Merged 1/Datasest Merged 1/notumor/Te-no_0157.jpg,/kaggle/input/datasets/sabersakin/brainmri/Datasest Merged 1/Datasest Merged 1/notumor/Tr-no_0425.jpg,4
/kaggle/input/datasets/sabersakin/brainmri/Datasest Merged 1/Datasest Merged 1/notumor/Te-no_0157.jpg,/kaggle/input/datasets/sabersakin/brainmri/Datasest Merged 1/Datasest Merged 1/notumor/Tr-no_0507.jpg,4
/kaggle/input/datasets/sabersakin/brainmri/Datasest Merged 1/Datasest Merged 1/pituitary/image(55).jpg,/kaggle/input/datasets/sabersakin/brainmri/Datasest Merged 1/Datasest Merged 1/pituitary/image(46).jpg,0
/kaggle/input/datasets/sabersakin/brainmri/Datasest Merged 1/Datasest Merged 1/pituitary/image(55).jpg,/kaggle/input/datasets/sabersakin/brainmri/Datasest Merged 1/Datasest Merged 1/pituitary/image(53).jpg,0
/kaggle/input/datasets/sabersakin/brainmri/Datasest Merged 1/Datasest Merged 1/pituitary/image(55).jpg,/kaggle/input/datasets/sabersakin/brainmri/Datasest Merged 1/Datasest Merged 1/pituitary/image(45).jpg,0
/kaggle/input/datasets/sabersakin/brainmri/Datasest Merged 1/Datasest Merged 1/pituitary/image(55).jpg,/kaggle/input/datasets/sabersakin/brainmri/Datasest Merged 1/Datasest Merged 1/pituitary/image(44).jpg,0
/kaggle/input/datasets/sabersakin/brainmri/Datasest Merged 1/Datasest Merged 1/pituitary/image(55).jpg,/kaggle/input/datasets/sabersakin/brainmri/Datasest Merged 1/Datasest Merged 1/pituitary/image(54).jpg,0
/kaggle/input/datasets/sabersakin/brainmri/Datasest Merged 1/Datasest Merged 1/notumor/Te-no_0353.jpg,/kaggle/input/datasets/sabersakin/brainmri/Datasest Merged 1/Datasest Merged 1/notumor/Tr-no_0605.jpg,0
/kaggle/input/datasets/sabersakin/brainmri/Datasest Merged 1/Datasest Merged 1/meningioma/Tr-me_0440.jpg,/kaggle/input/datasets/sabersakin/brainmri/Datasest Merged 1/Datasest Merged 1/meningioma/m2 (164).jpg,0
/kaggle/input/datasets/sabersakin/brainmri/Datasest Merged 1/Datasest Merged 1/meningioma/m3 (235).jpg,/kaggle/input/datasets/sabersakin/brainmri/Datasest Merged 1/Datasest Merged 1/meningioma/Tr-me_0695.jpg,0
/kaggle/input/datasets/sabersakin/brainmri/Datasest Merged 1/Datasest Merged 1/meningioma/Tr-me_0078.jpg,/kaggle/input/datasets/sabersakin/brainmri/Datasest Merged 1/Datasest Merged 1/meningioma/m (191).jpg,0
/kaggle/input/datasets/sabersakin/brainmri/Datasest Merged 1/Datasest Merged 1/meningioma/Tr-me_0265.jpg,/kaggle/input/datasets/sabersakin/brainmri/Datasest Merged 1/Datasest Merged 1/meningioma/m1(186).jpg,0
/kaggle/input/datasets/sabersakin/brainmri/Datasest Merged 1/Datasest Merged 1/meningioma/Tr-me_0265.jpg,/kaggle/input/datasets/sabersakin/brainmri/Datasest Merged 1/Datasest Merged 1/meningioma/Te-me_0088.jpg,0
/kaggle/input/datasets/sabersakin/brainmri/Datasest Merged 1/Datasest Merged 1/meningioma/Tr-me_0265.jpg,/kaggle/input/datasets/sabersakin/brainmri/Datasest Merged 1/Datasest Merged 1/meningioma/image(76).jpg,0
/kaggle/input/datasets/sabersakin/brainmri/Datasest Merged 1/Datasest Merged 1/pituitary/p (96).jpg,/kaggle/input/datasets/sabersakin/brainmri/Datasest Merged 1/Datasest Merged 1/pituitary/Tr-pi_0756.jpg,0
/kaggle/input/datasets/sabersakin/brainmri/Datasest Merged 1/Datasest Merged 1/meningioma/m1(34).jpg,/kaggle/input/datasets/sabersakin/brainmri/Datasest Merged 1/Datasest Merged 1/meningioma/Tr-me_0297.jpg,0
/kaggle/input/datasets/sabersakin/brainmri/Datasest Merged 1/Datasest Merged 1/meningioma/image(67).jpg,/kaggle/input/datasets/sabersakin/brainmri/Datasest Merged 1/Datasest Merged 1/meningioma/Te-me_0078.jpg,0
/kaggle/input/datasets/sabersakin/brainmri/Datasest Merged 1/Datasest Merged 1/pituitary/p (55).jpg,/kaggle/input/datasets/sabersakin/brainmri/Datasest Merged 1/Datasest Merged 1/pituitary/Tr-pi_0478.jpg,2
/kaggle/input/datasets/sabersakin/brainmri/Datasest Merged 1/Datasest Merged 1/pituitary/p (55).jpg,/kaggle/input/datasets/sabersakin/brainmri/Datasest Merged 1/Datasest Merged 1/pituitary/Tr-pi_0500.jpg,0
/kaggle/input/datasets/sabersakin/brainmri/Datasest Merged 1/Datasest Merged 1/pituitary/p (55).jpg,/kaggle/input/datasets/sabersakin/brainmri/Datasest Merged 1/Datasest Merged 1/pituitary/Tr-pi_0489.jpg,4
/kaggle/input/datasets/sabersakin/brainmri/Datasest Merged 1/Datasest Merged 1/pituitary/p (55).jpg,/kaggle/input/datasets/sabersakin/brainmri/Datasest Merged 1/Datasest Merged 1/pituitary/p (53).jpg,2
/kaggle/input/datasets/sabersakin/brainmri/Datasest Merged 1/Datasest Merged 1/notumor/image (14).jpg,/kaggle/input/datasets/sabersakin/brainmri/Datasest Merged 1/Datasest Merged 1/notumor/Tr-no_0024.jpg,0
/kaggle/input/datasets/sabersakin/brainmri/Datasest Merged 1/Datasest Merged 1/notumor/image (14).jpg,/kaggle/input/datasets/sabersakin/brainmri/Datasest Merged 1/Datasest Merged 1/notumor/Tr-no_1298.jpg,2
/kaggle/input/datasets/sabersakin/brainmri/Datasest Merged 1/Datasest Merged 1/notumor/image (14).jpg,/kaggle/input/datasets/sabersakin/brainmri/Datasest Merged 1/Datasest Merged 1/notumor/Tr-no_1249.jpg,2
/kaggle/input/datasets/sabersakin/brainmri/Datasest Merged 1/Datasest Merged 1/notumor/image (14).jpg,/kaggle/input/datasets/sabersakin/brainmri/Datasest Merged 1/Datasest Merged 1/notumor/Tr-no_0568.jpg,2
/kaggle/input/datasets/sabersakin/brainmri/Datasest Merged 1/Datasest Merged 1/notumor/image (14).jpg,/kaggle/input/datasets/sabersakin/brainmri/Datasest Merged 1/Datasest Merged 1/notumor/Tr-no_0231.jpg,0
/kaggle/input/datasets/sabersakin/brainmri/Datasest Merged 1/Datasest Merged 1/notumor/image (14).jpg,/kaggle/input/datasets/sabersakin/brainmri/Datasest Merged 1/Datasest Merged 1/notumor/Tr-no_0012.jpg,0
/kaggle/input/datasets/sabersakin/brainmri/Datasest Merged 1/Datasest Merged 1/notumor/image (14).jpg,/kaggle/input/datasets/sabersakin/brainmri/Datasest Merged 1/Datasest Merged 1/notumor/Tr-no_1160.jpg,2
/kaggle/input/datasets/sabersakin/brainmri/Datasest Merged 1/Datasest Merged 1/notumor/image (14).jpg,/kaggle/input/datasets/sabersakin/brainmri/Datasest Merged 1/Datasest Merged 1/notumor/Tr-no_0298.jpg,0
/kaggle/input/datasets/sabersakin/brainmri/Datasest Merged 1/Datasest Merged 1/notumor/image (14).jpg,/kaggle/input/datasets/sabersakin/brainmri/Datasest Merged 1/Datasest Merged 1/notumor/image(215).jpg,2
/kaggle/input/datasets/sabersakin/brainmri/Datasest Merged 1/Datasest Merged 1/notumor/image (14).jpg,/kaggle/input/datasets/sabersakin/brainmri/Datasest Merged 1/Datasest Merged 1/notumor/Tr-no_1131.jpg,0
/kaggle/input/datasets/sabersakin/brainmri/Datasest Merged 1/Datasest Merged 1/notumor/image (14).jpg,/kaggle/input/datasets/sabersakin/brainmri/Datasest Merged 1/Datasest Merged 1/notumor/image (13).jpg,0
/kaggle/input/datasets/sabersakin/brainmri/Datasest Merged 1/Datasest Merged 1/notumor/image (14).jpg,/kaggle/input/datasets/sabersakin/brainmri/Datasest Merged 1/Datasest Merged 1/notumor/Tr-no_0921.jpg,2
/kaggle/input/datasets/sabersakin/brainmri/Datasest Merged 1/Datasest Merged 1/notumor/image (14).jpg,/kaggle/input/datasets/sabersakin/brainmri/Datasest Merged 1/Datasest Merged 1/notumor/Tr-no_0792.jpg,4
/kaggle/input/datasets/sabersakin/brainmri/Datasest Merged 1/Datasest Merged 1/notumor/image (14).jpg,/kaggle/input/datasets/sabersakin/brainmri/Datasest Merged 1/Datasest Merged 1/notumor/image (26).jpg,0
/kaggle/input/datasets/sabersakin/brainmri/Datasest Merged 1/Datasest Merged 1/notumor/image (14).jpg,/kaggle/input/datasets/sabersakin/brainmri/Datasest Merged 1/Datasest Merged 1/notumor/Tr-no_0197.jpg,2
/kaggle/input/datasets/sabersakin/brainmri/Datasest Merged 1/Datasest Merged 1/notumor/image (14).jpg,/kaggle/input/datasets/sabersakin/brainmri/Datasest Merged 1/Datasest Merged 1/notumor/Te-no_0167.jpg,2
/kaggle/input/datasets/sabersakin/brainmri/Datasest Merged 1/Datasest Merged 1/notumor/image (14).jpg,/kaggle/input/datasets/sabersakin/brainmri/Datasest Merged 1/Datasest Merged 1/notumor/Tr-no_0276.jpg,2
/kaggle/input/datasets/sabersakin/brainmri/Datasest Merged 1/Datasest Merged 1/notumor/image (14).jpg,/kaggle/input/datasets/sabersakin/brainmri/Datasest Merged 1/Datasest Merged 1/notumor/Tr-no_1041.jpg,2
/kaggle/input/datasets/sabersakin/brainmri/Datasest Merged 1/Datasest Merged 1/notumor/image (14).jpg,/kaggle/input/datasets/sabersakin/brainmri/Datasest Merged 1/Datasest Merged 1/notumor/Tr-no_0011.jpg,0
/kaggle/input/datasets/sabersakin/brainmri/Datasest Merged 1/Datasest Merged 1/pituitary/Tr-pi_0041.jpg,/kaggle/input/datasets/sabersakin/brainmri/Datasest Merged 1/Datasest Merged 1/pituitary/p (136).jpg,0
/kaggle/input/datasets/sabersakin/brainmri/Datasest Merged 1/Datasest Merged 1/pituitary/Tr-pi_1218.jpg,/kaggle/input/datasets/sabersakin/brainmri/Datasest Merged 1/Datasest Merged 1/pituitary/Tr-pi_1219.jpg,4
/kaggle/input/datasets/sabersakin/brainmri/Datasest Merged 1/Datasest Merged 1/notumor/Tr-no_1278.jpg,/kaggle/input/datasets/sabersakin/brainmri/Datasest Merged 1/Datasest Merged 1/notumor/Tr-no_0633.jpg,0
/kaggle/input/datasets/sabersakin/brainmri/Datasest Merged 1/Datasest Merged 1/notumor/Tr-no_1278.jpg,/kaggle/input/datasets/sabersakin/brainmri/Datasest Merged 1/Datasest Merged 1/notumor/Tr-no_1512.jpg,0
/kaggle/input/datasets/sabersakin/brainmri/Datasest Merged 1/Datasest Merged 1/notumor/Tr-no_1278.jpg,/kaggle/input/datasets/sabersakin/brainmri/Datasest Merged 1/Datasest Merged 1/notumor/Te-no_0373.jpg,0
/kaggle/input/datasets/sabersakin/brainmri/Datasest Merged 1/Datasest Merged 1/notumor/Tr-no_1278.jpg,/kaggle/input/datasets/sabersakin/brainmri/Datasest Merged 1/Datasest Merged 1/notumor/Te-no_0333.jpg,0
/kaggle/input/datasets/sabersakin/brainmri/Datasest Merged 1/Datasest Merged 1/notumor/Tr-no_1278.jpg,/kaggle/input/datasets/sabersakin/brainmri/Datasest Merged 1/Datasest Merged 1/notumor/Tr-no_0897.jpg,2
/kaggle/input/datasets/sabersakin/brainmri/Datasest Merged 1/Datasest Merged 1/notumor/Tr-no_1278.jpg,/kaggle/input/datasets/sabersakin/brainmri/Datasest Merged 1/Datasest Merged 1/notumor/Tr-no_0401.jpg,0
/kaggle/input/datasets/sabersakin/brainmri/Datasest Merged 1/Datasest Merged 1/notumor/Tr-no_1278.jpg,/kaggle/input/datasets/sabersakin/brainmri/Datasest Merged 1/Datasest Merged 1/notumor/Tr-no_0896.jpg,4
/kaggle/input/datasets/sabersakin/brainmri/Datasest Merged 1/Datasest Merged 1/notumor/Tr-no_1278.jpg,/kaggle/input/datasets/sabersakin/brainmri/Datasest Merged 1/Datasest Merged 1/notumor/Te-no_0259.jpg,0
/kaggle/input/datasets/sabersakin/brainmri/Datasest Merged 1/Datasest Merged 1/notumor/Tr-no_1278.jpg,/kaggle/input/datasets/sabersakin/brainmri/Datasest Merged 1/Datasest Merged 1/notumor/Tr-no_0453.jpg,0
/kaggle/input/datasets/sabersakin/brainmri/Datasest Merged 1/Datasest Merged 1/notumor/Tr-no_1278.jpg,/kaggle/input/datasets/sabersakin/brainmri/Datasest Merged 1/Datasest Merged 1/notumor/Te-no_0142.jpg,0
/kaggle/input/datasets/sabersakin/brainmri/Datasest Merged 1/Datasest Merged 1/notumor/Tr-no_1278.jpg,/kaggle/input/datasets/sabersakin/brainmri/Datasest Merged 1/Datasest Merged 1/notumor/Tr-no_1279.jpg,0
/kaggle/input/datasets/sabersakin/brainmri/Datasest Merged 1/Datasest Merged 1/notumor/2.jpg,/kaggle/input/datasets/sabersakin/brainmri/Datasest Merged 1/Datasest Merged 1/notumor/Tr-noTr_0001.jpg,0
/kaggle/input/datasets/sabersakin/brainmri/Datasest Merged 1/Datasest Merged 1/notumor/Tr-no_0028.jpg,/kaggle/input/datasets/sabersakin/brainmri/Datasest Merged 1/Datasest Merged 1/notumor/Tr-no_1193.jpg,2
/kaggle/input/datasets/sabersakin/brainmri/Datasest Merged 1/Datasest Merged 1/notumor/Tr-no_0028.jpg,/kaggle/input/datasets/sabersakin/brainmri/Datasest Merged 1/Datasest Merged 1/notumor/Tr-no_0750.jpg,4
/kaggle/input/datasets/sabersakin/brainmri/Datasest Merged 1/Datasest Merged 1/notumor/Tr-no_0028.jpg,/kaggle/input/datasets/sabersakin/brainmri/Datasest Merged 1/Datasest Merged 1/notumor/Tr-no_1070.jpg,0
/kaggle/input/datasets/sabersakin/brainmri/Datasest Merged 1/Datasest Merged 1/notumor/Tr-no_0028.jpg,/kaggle/input/datasets/sabersakin/brainmri/Datasest Merged 1/Datasest Merged 1/notumor/Tr-no_0575.jpg,4
/kaggle/input/datasets/sabersakin/brainmri/Datasest Merged 1/Datasest Merged 1/notumor/Tr-no_0028.jpg,/kaggle/input/datasets/sabersakin/brainmri/Datasest Merged 1/Datasest Merged 1/notumor/image (29).jpg,4
/kaggle/input/datasets/sabersakin/brainmri/Datasest Merged 1/Datasest Merged 1/notumor/Tr-no_0028.jpg,/kaggle/input/datasets/sabersakin/brainmri/Datasest Merged 1/Datasest Merged 1/notumor/Tr-no_1069.jpg,4
/kaggle/input/datasets/sabersakin/brainmri/Datasest Merged 1/Datasest Merged 1/notumor/Tr-no_0028.jpg,/kaggle/input/datasets/sabersakin/brainmri/Datasest Merged 1/Datasest Merged 1/notumor/image (30).jpg,0
/kaggle/input/datasets/sabersakin/brainmri/Datasest Merged 1/Datasest Merged 1/meningioma/m3 (173).jpg,/kaggle/input/datasets/sabersakin/brainmri/Datasest Merged 1/Datasest Merged 1/meningioma/Tr-me_0626.jpg,0
/kaggle/input/datasets/sabersakin/brainmri/Datasest Merged 1/Datasest Merged 1/pituitary/p (653).jpg,/kaggle/input/datasets/sabersakin/brainmri/Datasest Merged 1/Datasest Merged 1/pituitary/Te-pi_0023.jpg,0
/kaggle/input/datasets/sabersakin/brainmri/Datasest Merged 1/Datasest Merged 1/notumor/Tr-no_1097.jpg,/kaggle/input/datasets/sabersakin/brainmri/Datasest Merged 1/Datasest Merged 1/notumor/Tr-no_1377.jpg,2
/kaggle/input/datasets/sabersakin/brainmri/Datasest Merged 1/Datasest Merged 1/notumor/Tr-no_1097.jpg,/kaggle/input/datasets/sabersakin/brainmri/Datasest Merged 1/Datasest Merged 1/notumor/Tr-no_0552.jpg,0
/kaggle/input/datasets/sabersakin/brainmri/Datasest Merged 1/Datasest Merged 1/notumor/Tr-no_1097.jpg,/kaggle/input/datasets/sabersakin/brainmri/Datasest Merged 1/Datasest Merged 1/notumor/Tr-no_1227.jpg,4
/kaggle/input/datasets/sabersakin/brainmri/Datasest Merged 1/Datasest Merged 1/notumor/Tr-no_1097.jpg,/kaggle/input/datasets/sabersakin/brainmri/Datasest Merged 1/Datasest Merged 1/notumor/Tr-no_0803.jpg,0
/kaggle/input/datasets/sabersakin/brainmri/Datasest Merged 1/Datasest Merged 1/notumor/Tr-no_1097.jpg,/kaggle/input/datasets/sabersakin/brainmri/Datasest Merged 1/Datasest Merged 1/notumor/Tr-no_0630.jpg,2
/kaggle/input/datasets/sabersakin/brainmri/Datasest Merged 1/Datasest Merged 1/notumor/Tr-no_1097.jpg,/kaggle/input/datasets/sabersakin/brainmri/Datasest Merged 1/Datasest Merged 1/notumor/Tr-no_0649.jpg,4
/kaggle/input/datasets/sabersakin/brainmri/Datasest Merged 1/Datasest Merged 1/pituitary/Tr-pi_1167.jpg,/kaggle/input/datasets/sabersakin/brainmri/Datasest Merged 1/Datasest Merged 1/pituitary/Te-pi_0205.jpg,4
/kaggle/input/datasets/sabersakin/brainmri/Datasest Merged 1/Datasest Merged 1/pituitary/Tr-pi_0519.jpg,/kaggle/input/datasets/sabersakin/brainmri/Datasest Merged 1/Datasest Merged 1/pituitary/p (57).jpg,0
/kaggle/input/datasets/sabersakin/brainmri/Datasest Merged 1/Datasest Merged 1/notumor/Tr-no_0267.jpg,/kaggle/input/datasets/sabersakin/brainmri/Datasest Merged 1/Datasest Merged 1/notumor/Tr-no_1146.jpg,0
/kaggle/input/datasets/sabersakin/brainmri/Datasest Merged 1/Datasest Merged 1/notumor/Tr-no_0267.jpg,/kaggle/input/datasets/sabersakin/brainmri/Datasest Merged 1/Datasest Merged 1/notumor/Tr-no_1168.jpg,0
/kaggle/input/datasets/sabersakin/brainmri/Datasest Merged 1/Datasest Merged 1/notumor/Tr-no_0267.jpg,/kaggle/input/datasets/sabersakin/brainmri/Datasest Merged 1/Datasest Merged 1/notumor/image(252).jpg,0
/kaggle/input/datasets/sabersakin/brainmri/Datasest Merged 1/Datasest Merged 1/notumor/Tr-no_0267.jpg,/kaggle/input/datasets/sabersakin/brainmri/Datasest Merged 1/Datasest Merged 1/notumor/image(279).jpg,0
/kaggle/input/datasets/sabersakin/brainmri/Datasest Merged 1/Datasest Merged 1/pituitary/p (540).jpg,/kaggle/input/datasets/sabersakin/brainmri/Datasest Merged 1/Datasest Merged 1/pituitary/Tr-pi_0490.jpg,0
/kaggle/input/datasets/sabersakin/brainmri/Datasest Merged 1/Datasest Merged 1/pituitary/p (356).jpg,/kaggle/input/datasets/sabersakin/brainmri/Datasest Merged 1/Datasest Merged 1/pituitary/Tr-pi_0285.jpg,0
/kaggle/input/datasets/sabersakin/brainmri/Datasest Merged 1/Datasest Merged 1/meningioma/Tr-me_0555.jpg,/kaggle/input/datasets/sabersakin/brainmri/Datasest Merged 1/Datasest Merged 1/meningioma/m3 (108).jpg,0
/kaggle/input/datasets/sabersakin/brainmri/Datasest Merged 1/Datasest Merged 1/pituitary/Tr-pi_0395.jpg,/kaggle/input/datasets/sabersakin/brainmri/Datasest Merged 1/Datasest Merged 1/pituitary/p (455).jpg,0
/kaggle/input/datasets/sabersakin/brainmri/Datasest Merged 1/Datasest Merged 1/notumor/Tr-no_0997.jpg,/kaggle/input/datasets/sabersakin/brainmri/Datasest Merged 1/Datasest Merged 1/notumor/Tr-no_0688.jpg,2
/kaggle/input/datasets/sabersakin/brainmri/Datasest Merged 1/Datasest Merged 1/notumor/Tr-no_0997.jpg,/kaggle/input/datasets/sabersakin/brainmri/Datasest Merged 1/Datasest Merged 1/notumor/Tr-no_0738.jpg,2
/kaggle/input/datasets/sabersakin/brainmri/Datasest Merged 1/Datasest Merged 1/meningioma/390.jpg,/kaggle/input/datasets/sabersakin/brainmri/Datasest Merged 1/Datasest Merged 1/meningioma/391.jpg,4
/kaggle/input/datasets/sabersakin/brainmri/Datasest Merged 1/Datasest Merged 1/notumor/Tr-no_0817.jpg,/kaggle/input/datasets/sabersakin/brainmri/Datasest Merged 1/Datasest Merged 1/notumor/Te-no_0331.jpg,0
/kaggle/input/datasets/sabersakin/brainmri/Datasest Merged 1/Datasest Merged 1/notumor/Tr-no_0817.jpg,/kaggle/input/datasets/sabersakin/brainmri/Datasest Merged 1/Datasest Merged 1/notumor/Tr-no_0891.jpg,4
/kaggle/input/datasets/sabersakin/brainmri/Datasest Merged 1/Datasest Merged 1/notumor/Tr-no_0817.jpg,/kaggle/input/datasets/sabersakin/brainmri/Datasest Merged 1/Datasest Merged 1/notumor/Te-no_0404.jpg,0
/kaggle/input/datasets/sabersakin/brainmri/Datasest Merged 1/Datasest Merged 1/notumor/Tr-no_0817.jpg,/kaggle/input/datasets/sabersakin/brainmri/Datasest Merged 1/Datasest Merged 1/notumor/Tr-no_0866.jpg,2
/kaggle/input/datasets/sabersakin/brainmri/Datasest Merged 1/Datasest Merged 1/notumor/Tr-no_0817.jpg,/kaggle/input/datasets/sabersakin/brainmri/Datasest Merged 1/Datasest Merged 1/notumor/Tr-no_1448.jpg,0
/kaggle/input/datasets/sabersakin/brainmri/Datasest Merged 1/Datasest Merged 1/notumor/Tr-no_0817.jpg,/kaggle/input/datasets/sabersakin/brainmri/Datasest Merged 1/Datasest Merged 1/notumor/Tr-no_1520.jpg,2
/kaggle/input/datasets/sabersakin/brainmri/Datasest Merged 1/Datasest Merged 1/notumor/Tr-no_0817.jpg,/kaggle/input/datasets/sabersakin/brainmri/Datasest Merged 1/Datasest Merged 1/notumor/Te-no_0242.jpg,0
/kaggle/input/datasets/sabersakin/brainmri/Datasest Merged 1/Datasest Merged 1/notumor/Tr-no_0817.jpg,/kaggle/input/datasets/sabersakin/brainmri/Datasest Merged 1/Datasest Merged 1/notumor/Tr-no_1274.jpg,2
/kaggle/input/datasets/sabersakin/brainmri/Datasest Merged 1/Datasest Merged 1/meningioma/image(41).jpg,/kaggle/input/datasets/sabersakin/brainmri/Datasest Merged 1/Datasest Merged 1/meningioma/m1(151).jpg,0
/kaggle/input/datasets/sabersakin/brainmri/Datasest Merged 1/Datasest Merged 1/notumor/Tr-no_1259.jpg,/kaggle/input/datasets/sabersakin/brainmri/Datasest Merged 1/Datasest Merged 1/notumor/Tr-no_1502.jpg,4
/kaggle/input/datasets/sabersakin/brainmri/Datasest Merged 1/Datasest Merged 1/notumor/Tr-no_1259.jpg,/kaggle/input/datasets/sabersakin/brainmri/Datasest Merged 1/Datasest Merged 1/notumor/Tr-no_1300.jpg,4
/kaggle/input/datasets/sabersakin/brainmri/Datasest Merged 1/Datasest Merged 1/notumor/Tr-no_1259.jpg,/kaggle/input/datasets/sabersakin/brainmri/Datasest Merged 1/Datasest Merged 1/notumor/Tr-no_0834.jpg,2
/kaggle/input/datasets/sabersakin/brainmri/Datasest Merged 1/Datasest Merged 1/notumor/Tr-no_1259.jpg,/kaggle/input/datasets/sabersakin/brainmri/Datasest Merged 1/Datasest Merged 1/notumor/Tr-no_0623.jpg,4
/kaggle/input/datasets/sabersakin/brainmri/Datasest Merged 1/Datasest Merged 1/glioma/Tr-gl_0415.jpg,/kaggle/input/datasets/sabersakin/brainmri/Datasest Merged 1/Datasest Merged 1/glioma/Tr-gl_0199.jpg,4
/kaggle/input/datasets/sabersakin/brainmri/Datasest Merged 1/Datasest Merged 1/glioma/Tr-gl_0415.jpg,/kaggle/input/datasets/sabersakin/brainmri/Datasest Merged 1/Datasest Merged 1/meningioma/Tr-me_0860.jpg,4
/kaggle/input/datasets/sabersakin/brainmri/Datasest Merged 1/Datasest Merged 1/meningioma/Tr-me_0142.jpg,/kaggle/input/datasets/sabersakin/brainmri/Datasest Merged 1/Datasest Merged 1/meningioma/m (7).jpg,0
/kaggle/input/datasets/sabersakin/brainmri/Datasest Merged 1/Datasest Merged 1/glioma/Tr-gl_0235.jpg,/kaggle/input/datasets/sabersakin/brainmri/Datasest Merged 1/Datasest Merged 1/glioma/Tr-gl_0236.jpg,2
/kaggle/input/datasets/sabersakin/brainmri/Datasest Merged 1/Datasest Merged 1/glioma/Tr-gl_0235.jpg,/kaggle/input/datasets/sabersakin/brainmri/Datasest Merged 1/Datasest Merged 1/glioma/Tr-gl_0224.jpg,2
/kaggle/input/datasets/sabersakin/brainmri/Datasest Merged 1/Datasest Merged 1/glioma/937.jpg,/kaggle/input/datasets/sabersakin/brainmri/Datasest Merged 1/Datasest Merged 1/glioma/938.jpg,4
/kaggle/input/datasets/sabersakin/brainmri/Datasest Merged 1/Datasest Merged 1/notumor/Te-no_0083.jpg,/kaggle/input/datasets/sabersakin/brainmri/Datasest Merged 1/Datasest Merged 1/notumor/Tr-no_0050.jpg,0
/kaggle/input/datasets/sabersakin/brainmri/Datasest Merged 1/Datasest Merged 1/notumor/Te-no_0083.jpg,/kaggle/input/datasets/sabersakin/brainmri/Datasest Merged 1/Datasest Merged 1/notumor/image(381).jpg,0
/kaggle/input/datasets/sabersakin/brainmri/Datasest Merged 1/Datasest Merged 1/notumor/Te-no_0083.jpg,/kaggle/input/datasets/sabersakin/brainmri/Datasest Merged 1/Datasest Merged 1/notumor/image (50).jpg,0
/kaggle/input/datasets/sabersakin/brainmri/Datasest Merged 1/Datasest Merged 1/notumor/Te-no_0083.jpg,/kaggle/input/datasets/sabersakin/brainmri/Datasest Merged 1/Datasest Merged 1/notumor/Tr-no_0346.jpg,0
/kaggle/input/datasets/sabersakin/brainmri/Datasest Merged 1/Datasest Merged 1/notumor/Te-no_0083.jpg,/kaggle/input/datasets/sabersakin/brainmri/Datasest Merged 1/Datasest Merged 1/notumor/image(9).jpg,0
/kaggle/input/datasets/sabersakin/brainmri/Datasest Merged 1/Datasest Merged 1/notumor/Te-no_0083.jpg,/kaggle/input/datasets/sabersakin/brainmri/Datasest Merged 1/Datasest Merged 1/notumor/image(80).jpg,0
/kaggle/input/datasets/sabersakin/brainmri/Datasest Merged 1/Datasest Merged 1/meningioma/m1(176).jpg,/kaggle/input/datasets/sabersakin/brainmri/Datasest Merged 1/Datasest Merged 1/meningioma/Tr-me_0255.jpg,0
/kaggle/input/datasets/sabersakin/brainmri/Datasest Merged 1/Datasest Merged 1/meningioma/m1(176).jpg,/kaggle/input/datasets/sabersakin/brainmri/Datasest Merged 1/Datasest Merged 1/meningioma/Te-me_0077.jpg,0
/kaggle/input/datasets/sabersakin/brainmri/Datasest Merged 1/Datasest Merged 1/meningioma/m1(176).jpg,/kaggle/input/datasets/sabersakin/brainmri/Datasest Merged 1/Datasest Merged 1/meningioma/image(66).jpg,0
/kaggle/input/datasets/sabersakin/brainmri/Datasest Merged 1/Datasest Merged 1/pituitary/Tr-pi_0850.jpg,/kaggle/input/datasets/sabersakin/brainmri/Datasest Merged 1/Datasest Merged 1/pituitary/Tr-pi_0849.jpg,2
/kaggle/input/datasets/sabersakin/brainmri/Datasest Merged 1/Datasest Merged 1/pituitary/Tr-pi_0850.jpg,/kaggle/input/datasets/sabersakin/brainmri/Datasest Merged 1/Datasest Merged 1/pituitary/Tr-pi_0851.jpg,2
/kaggle/input/datasets/sabersakin/brainmri/Datasest Merged 1/Datasest Merged 1/pituitary/Tr-pi_0850.jpg,/kaggle/input/datasets/sabersakin/brainmri/Datasest Merged 1/Datasest Merged 1/pituitary/Tr-pi_0852.jpg,4
/kaggle/input/datasets/sabersakin/brainmri/Datasest Merged 1/Datasest Merged 1/pituitary/Tr-pi_0850.jpg,/kaggle/input/datasets/sabersakin/brainmri/Datasest Merged 1/Datasest Merged 1/pituitary/Te-pi_0098.jpg,4
/kaggle/input/datasets/sabersakin/brainmri/Datasest Merged 1/Datasest Merged 1/notumor/image(197).jpg,/kaggle/input/datasets/sabersakin/brainmri/Datasest Merged 1/Datasest Merged 1/notumor/Tr-no_1175.jpg,0
/kaggle/input/datasets/sabersakin/brainmri/Datasest Merged 1/Datasest Merged 1/notumor/image(197).jpg,/kaggle/input/datasets/sabersakin/brainmri/Datasest Merged 1/Datasest Merged 1/notumor/Tr-no_0557.jpg,0
/kaggle/input/datasets/sabersakin/brainmri/Datasest Merged 1/Datasest Merged 1/notumor/image(197).jpg,/kaggle/input/datasets/sabersakin/brainmri/Datasest Merged 1/Datasest Merged 1/notumor/Tr-no_0877.jpg,0
/kaggle/input/datasets/sabersakin/brainmri/Datasest Merged 1/Datasest Merged 1/notumor/image(197).jpg,/kaggle/input/datasets/sabersakin/brainmri/Datasest Merged 1/Datasest Merged 1/notumor/Tr-no_0176.jpg,0
/kaggle/input/datasets/sabersakin/brainmri/Datasest Merged 1/Datasest Merged 1/notumor/image(197).jpg,/kaggle/input/datasets/sabersakin/brainmri/Datasest Merged 1/Datasest Merged 1/notumor/Te-no_0272.jpg,2
/kaggle/input/datasets/sabersakin/brainmri/Datasest Merged 1/Datasest Merged 1/notumor/image(197).jpg,/kaggle/input/datasets/sabersakin/brainmri/Datasest Merged 1/Datasest Merged 1/notumor/Tr-no_1235.jpg,2
/kaggle/input/datasets/sabersakin/brainmri/Datasest Merged 1/Datasest Merged 1/notumor/image(197).jpg,/kaggle/input/datasets/sabersakin/brainmri/Datasest Merged 1/Datasest Merged 1/notumor/Tr-no_0678.jpg,4
/kaggle/input/datasets/sabersakin/brainmri/Datasest Merged 1/Datasest Merged 1/pituitary/p (403).jpg,/kaggle/input/datasets/sabersakin/brainmri/Datasest Merged 1/Datasest Merged 1/pituitary/Tr-pi_0338.jpg,0
/kaggle/input/datasets/sabersakin/brainmri/Datasest Merged 1/Datasest Merged 1/notumor/Tr-no_0345.jpg,/kaggle/input/datasets/sabersakin/brainmri/Datasest Merged 1/Datasest Merged 1/notumor/image(37).jpg,0
/kaggle/input/datasets/sabersakin/brainmri/Datasest Merged 1/Datasest Merged 1/notumor/Tr-no_0345.jpg,/kaggle/input/datasets/sabersakin/brainmri/Datasest Merged 1/Datasest Merged 1/notumor/Tr-no_0091.jpg,0
/kaggle/input/datasets/sabersakin/brainmri/Datasest Merged 1/Datasest Merged 1/notumor/Tr-no_0345.jpg,/kaggle/input/datasets/sabersakin/brainmri/Datasest Merged 1/Datasest Merged 1/notumor/Te-no_0081.jpg,0
/kaggle/input/datasets/sabersakin/brainmri/Datasest Merged 1/Datasest Merged 1/notumor/Tr-no_0345.jpg,/kaggle/input/datasets/sabersakin/brainmri/Datasest Merged 1/Datasest Merged 1/notumor/Te-no_0035.jpg,0
/kaggle/input/datasets/sabersakin/brainmri/Datasest Merged 1/Datasest Merged 1/notumor/Tr-no_0345.jpg,/kaggle/input/datasets/sabersakin/brainmri/Datasest Merged 1/Datasest Merged 1/notumor/image(338).jpg,0
/kaggle/input/datasets/sabersakin/brainmri/Datasest Merged 1/Datasest Merged 1/notumor/Tr-no_0345.jpg,/kaggle/input/datasets/sabersakin/brainmri/Datasest Merged 1/Datasest Merged 1/notumor/image(79).jpg,0
/kaggle/input/datasets/sabersakin/brainmri/Datasest Merged 1/Datasest Merged 1/notumor/Tr-no_0345.jpg,/kaggle/input/datasets/sabersakin/brainmri/Datasest Merged 1/Datasest Merged 1/notumor/Tr-no_0985.jpg,0
/kaggle/input/datasets/sabersakin/brainmri/Datasest Merged 1/Datasest Merged 1/notumor/Tr-no_0996.jpg,/kaggle/input/datasets/sabersakin/brainmri/Datasest Merged 1/Datasest Merged 1/notumor/image(241).jpg,2
/kaggle/input/datasets/sabersakin/brainmri/Datasest Merged 1/Datasest Merged 1/meningioma/Tr-me_0234.jpg,/kaggle/input/datasets/sabersakin/brainmri/Datasest Merged 1/Datasest Merged 1/meningioma/image(35).jpg,2
/kaggle/input/datasets/sabersakin/brainmri/Datasest Merged 1/Datasest Merged 1/meningioma/Tr-me_0234.jpg,/kaggle/input/datasets/sabersakin/brainmri/Datasest Merged 1/Datasest Merged 1/meningioma/Tr-me_0222.jpg,2
/kaggle/input/datasets/sabersakin/brainmri/Datasest Merged 1/Datasest Merged 1/meningioma/Tr-me_0234.jpg,/kaggle/input/datasets/sabersakin/brainmri/Datasest Merged 1/Datasest Merged 1/meningioma/Te-me_0055.jpg,0
/kaggle/input/datasets/sabersakin/brainmri/Datasest Merged 1/Datasest Merged 1/meningioma/Tr-me_0234.jpg,/kaggle/input/datasets/sabersakin/brainmri/Datasest Merged 1/Datasest Merged 1/meningioma/image(46).jpg,0
/kaggle/input/datasets/sabersakin/brainmri/Datasest Merged 1/Datasest Merged 1/meningioma/Tr-me_0234.jpg,/kaggle/input/datasets/sabersakin/brainmri/Datasest Merged 1/Datasest Merged 1/meningioma/m1(156).jpg,0
/kaggle/input/datasets/sabersakin/brainmri/Datasest Merged 1/Datasest Merged 1/meningioma/Tr-me_0234.jpg,/kaggle/input/datasets/sabersakin/brainmri/Datasest Merged 1/Datasest Merged 1/meningioma/Te-me_0043.jpg,2
/kaggle/input/datasets/sabersakin/brainmri/Datasest Merged 1/Datasest Merged 1/meningioma/Tr-me_0234.jpg,/kaggle/input/datasets/sabersakin/brainmri/Datasest Merged 1/Datasest Merged 1/meningioma/m1(145).jpg,2
/kaggle/input/datasets/sabersakin/brainmri/Datasest Merged 1/Datasest Merged 1/notumor/Tr-no_1340.jpg,/kaggle/input/datasets/sabersakin/brainmri/Datasest Merged 1/Datasest Merged 1/notumor/Tr-no_0863.jpg,2
/kaggle/input/datasets/sabersakin/brainmri/Datasest Merged 1/Datasest Merged 1/notumor/Tr-no_1340.jpg,/kaggle/input/datasets/sabersakin/brainmri/Datasest Merged 1/Datasest Merged 1/notumor/Tr-no_1273.jpg,0
/kaggle/input/datasets/sabersakin/brainmri/Datasest Merged 1/Datasest Merged 1/notumor/Tr-no_1340.jpg,/kaggle/input/datasets/sabersakin/brainmri/Datasest Merged 1/Datasest Merged 1/notumor/Tr-no_0814.jpg,4
/kaggle/input/datasets/sabersakin/brainmri/Datasest Merged 1/Datasest Merged 1/notumor/Tr-no_1340.jpg,/kaggle/input/datasets/sabersakin/brainmri/Datasest Merged 1/Datasest Merged 1/notumor/Tr-no_0641.jpg,0
/kaggle/input/datasets/sabersakin/brainmri/Datasest Merged 1/Datasest Merged 1/notumor/image (59).jpg,/kaggle/input/datasets/sabersakin/brainmri/Datasest Merged 1/Datasest Merged 1/notumor/image(18).jpg,0
/kaggle/input/datasets/sabersakin/brainmri/Datasest Merged 1/Datasest Merged 1/notumor/image (59).jpg,/kaggle/input/datasets/sabersakin/brainmri/Datasest Merged 1/Datasest Merged 1/notumor/Tr-no_0059.jpg,0
/kaggle/input/datasets/sabersakin/brainmri/Datasest Merged 1/Datasest Merged 1/notumor/image (59).jpg,/kaggle/input/datasets/sabersakin/brainmri/Datasest Merged 1/Datasest Merged 1/notumor/Tr-no_1173.jpg,0
/kaggle/input/datasets/sabersakin/brainmri/Datasest Merged 1/Datasest Merged 1/pituitary/p (406).jpg,/kaggle/input/datasets/sabersakin/brainmri/Datasest Merged 1/Datasest Merged 1/pituitary/Tr-pi_0341.jpg,0
/kaggle/input/datasets/sabersakin/brainmri/Datasest Merged 1/Datasest Merged 1/notumor/image(51).jpg,/kaggle/input/datasets/sabersakin/brainmri/Datasest Merged 1/Datasest Merged 1/notumor/Tr-no_1182.jpg,0
/kaggle/input/datasets/sabersakin/brainmri/Datasest Merged 1/Datasest Merged 1/notumor/image(51).jpg,/kaggle/input/datasets/sabersakin/brainmri/Datasest Merged 1/Datasest Merged 1/notumor/image(352).jpg,0
/kaggle/input/datasets/sabersakin/brainmri/Datasest Merged 1/Datasest Merged 1/notumor/image(51).jpg,/kaggle/input/datasets/sabersakin/brainmri/Datasest Merged 1/Datasest Merged 1/notumor/Tr-no_0246.jpg,0
/kaggle/input/datasets/sabersakin/brainmri/Datasest Merged 1/Datasest Merged 1/notumor/image(51).jpg,/kaggle/input/datasets/sabersakin/brainmri/Datasest Merged 1/Datasest Merged 1/notumor/Te-no_0051.jpg,0
/kaggle/input/datasets/sabersakin/brainmri/Datasest Merged 1/Datasest Merged 1/pituitary/p (139).jpg,/kaggle/input/datasets/sabersakin/brainmri/Datasest Merged 1/Datasest Merged 1/pituitary/Tr-pi_0044.jpg,0
/kaggle/input/datasets/sabersakin/brainmri/Datasest Merged 1/Datasest Merged 1/pituitary/p (139).jpg,/kaggle/input/datasets/sabersakin/brainmri/Datasest Merged 1/Datasest Merged 1/pituitary/image(87).jpg,0
/kaggle/input/datasets/sabersakin/brainmri/Datasest Merged 1/Datasest Merged 1/pituitary/p (139).jpg,/kaggle/input/datasets/sabersakin/brainmri/Datasest Merged 1/Datasest Merged 1/pituitary/image(88).jpg,0
/kaggle/input/datasets/sabersakin/brainmri/Datasest Merged 1/Datasest Merged 1/glioma/Tr-gl_0820.jpg,/kaggle/input/datasets/sabersakin/brainmri/Datasest Merged 1/Datasest Merged 1/glioma/Tr-gl_0647.jpg,4
/kaggle/input/datasets/sabersakin/brainmri/Datasest Merged 1/Datasest Merged 1/meningioma/m1(99).jpg,/kaggle/input/datasets/sabersakin/brainmri/Datasest Merged 1/Datasest Merged 1/meningioma/m1(195).jpg,4
/kaggle/input/datasets/sabersakin/brainmri/Datasest Merged 1/Datasest Merged 1/meningioma/m1(99).jpg,/kaggle/input/datasets/sabersakin/brainmri/Datasest Merged 1/Datasest Merged 1/meningioma/image(85).jpg,4
/kaggle/input/datasets/sabersakin/brainmri/Datasest Merged 1/Datasest Merged 1/meningioma/m1(99).jpg,/kaggle/input/datasets/sabersakin/brainmri/Datasest Merged 1/Datasest Merged 1/meningioma/Te-me_0098.jpg,4
/kaggle/input/datasets/sabersakin/brainmri/Datasest Merged 1/Datasest Merged 1/meningioma/m1(99).jpg,/kaggle/input/datasets/sabersakin/brainmri/Datasest Merged 1/Datasest Merged 1/meningioma/Tr-me_0367.jpg,0
/kaggle/input/datasets/sabersakin/brainmri/Datasest Merged 1/Datasest Merged 1/glioma/Tr-gl_0501.jpg,/kaggle/input/datasets/sabersakin/brainmri/Datasest Merged 1/Datasest Merged 1/glioma/Tr-gl_0500.jpg,4
/kaggle/input/datasets/sabersakin/brainmri/Datasest Merged 1/Datasest Merged 1/glioma/Tr-gl_0501.jpg,/kaggle/input/datasets/sabersakin/brainmri/Datasest Merged 1/Datasest Merged 1/glioma/Tr-gl_0502.jpg,4
/kaggle/input/datasets/sabersakin/brainmri/Datasest Merged 1/Datasest Merged 1/meningioma/Tr-me_0261.jpg,/kaggle/input/datasets/sabersakin/brainmri/Datasest Merged 1/Datasest Merged 1/meningioma/m1(182).jpg,0
/kaggle/input/datasets/sabersakin/brainmri/Datasest Merged 1/Datasest Merged 1/meningioma/Tr-me_0261.jpg,/kaggle/input/datasets/sabersakin/brainmri/Datasest Merged 1/Datasest Merged 1/meningioma/image(72).jpg,0
/kaggle/input/datasets/sabersakin/brainmri/Datasest Merged 1/Datasest Merged 1/notumor/Tr-no_1008.jpg,/kaggle/input/datasets/sabersakin/brainmri/Datasest Merged 1/Datasest Merged 1/notumor/Tr-no_0149.jpg,0
/kaggle/input/datasets/sabersakin/brainmri/Datasest Merged 1/Datasest Merged 1/notumor/Tr-no_1008.jpg,/kaggle/input/datasets/sabersakin/brainmri/Datasest Merged 1/Datasest Merged 1/notumor/Te-no_0164.jpg,2
/kaggle/input/datasets/sabersakin/brainmri/Datasest Merged 1/Datasest Merged 1/notumor/Tr-no_1008.jpg,/kaggle/input/datasets/sabersakin/brainmri/Datasest Merged 1/Datasest Merged 1/notumor/image(217).jpg,0
/kaggle/input/datasets/sabersakin/brainmri/Datasest Merged 1/Datasest Merged 1/notumor/Tr-no_1008.jpg,/kaggle/input/datasets/sabersakin/brainmri/Datasest Merged 1/Datasest Merged 1/notumor/Tr-no_1497.jpg,4
/kaggle/input/datasets/sabersakin/brainmri/Datasest Merged 1/Datasest Merged 1/notumor/Tr-no_1008.jpg,/kaggle/input/datasets/sabersakin/brainmri/Datasest Merged 1/Datasest Merged 1/notumor/Tr-no_1238.jpg,2
/kaggle/input/datasets/sabersakin/brainmri/Datasest Merged 1/Datasest Merged 1/notumor/Tr-no_1008.jpg,/kaggle/input/datasets/sabersakin/brainmri/Datasest Merged 1/Datasest Merged 1/notumor/Tr-no_0988.jpg,0
/kaggle/input/datasets/sabersakin/brainmri/Datasest Merged 1/Datasest Merged 1/notumor/Tr-no_1008.jpg,/kaggle/input/datasets/sabersakin/brainmri/Datasest Merged 1/Datasest Merged 1/notumor/Tr-no_1000.jpg,0
/kaggle/input/datasets/sabersakin/brainmri/Datasest Merged 1/Datasest Merged 1/notumor/Tr-no_1008.jpg,/kaggle/input/datasets/sabersakin/brainmri/Datasest Merged 1/Datasest Merged 1/notumor/Te-no_0276.jpg,2
/kaggle/input/datasets/sabersakin/brainmri/Datasest Merged 1/Datasest Merged 1/notumor/Tr-no_1008.jpg,/kaggle/input/datasets/sabersakin/brainmri/Datasest Merged 1/Datasest Merged 1/notumor/Tr-no_1046.jpg,0
/kaggle/input/datasets/sabersakin/brainmri/Datasest Merged 1/Datasest Merged 1/notumor/Tr-no_1008.jpg,/kaggle/input/datasets/sabersakin/brainmri/Datasest Merged 1/Datasest Merged 1/notumor/Tr-no_0564.jpg,0
/kaggle/input/datasets/sabersakin/brainmri/Datasest Merged 1/Datasest Merged 1/notumor/Tr-no_1008.jpg,/kaggle/input/datasets/sabersakin/brainmri/Datasest Merged 1/Datasest Merged 1/notumor/image(166).jpg,0
/kaggle/input/datasets/sabersakin/brainmri/Datasest Merged 1/Datasest Merged 1/notumor/Tr-no_1008.jpg,/kaggle/input/datasets/sabersakin/brainmri/Datasest Merged 1/Datasest Merged 1/notumor/Tr-no_0785.jpg,2
/kaggle/input/datasets/sabersakin/brainmri/Datasest Merged 1/Datasest Merged 1/notumor/Tr-no_1008.jpg,/kaggle/input/datasets/sabersakin/brainmri/Datasest Merged 1/Datasest Merged 1/notumor/Tr-no_0733.jpg,4
/kaggle/input/datasets/sabersakin/brainmri/Datasest Merged 1/Datasest Merged 1/notumor/Tr-no_1008.jpg,/kaggle/input/datasets/sabersakin/brainmri/Datasest Merged 1/Datasest Merged 1/notumor/image(167).jpg,0
/kaggle/input/datasets/sabersakin/brainmri/Datasest Merged 1/Datasest Merged 1/notumor/Tr-no_1008.jpg,/kaggle/input/datasets/sabersakin/brainmri/Datasest Merged 1/Datasest Merged 1/notumor/Te-no_0310.jpg,0
/kaggle/input/datasets/sabersakin/brainmri/Datasest Merged 1/Datasest Merged 1/notumor/Tr-no_1008.jpg,/kaggle/input/datasets/sabersakin/brainmri/Datasest Merged 1/Datasest Merged 1/notumor/Tr-no_1239.jpg,2
/kaggle/input/datasets/sabersakin/brainmri/Datasest Merged 1/Datasest Merged 1/notumor/Tr-no_1008.jpg,/kaggle/input/datasets/sabersakin/brainmri/Datasest Merged 1/Datasest Merged 1/notumor/image(172).jpg,0
/kaggle/input/datasets/sabersakin/brainmri/Datasest Merged 1/Datasest Merged 1/notumor/Tr-no_1008.jpg,/kaggle/input/datasets/sabersakin/brainmri/Datasest Merged 1/Datasest Merged 1/notumor/Tr-no_1483.jpg,2
/kaggle/input/datasets/sabersakin/brainmri/Datasest Merged 1/Datasest Merged 1/notumor/Tr-no_1008.jpg,/kaggle/input/datasets/sabersakin/brainmri/Datasest Merged 1/Datasest Merged 1/notumor/Tr-no_0712.jpg,0
/kaggle/input/datasets/sabersakin/brainmri/Datasest Merged 1/Datasest Merged 1/notumor/Tr-no_1008.jpg,/kaggle/input/datasets/sabersakin/brainmri/Datasest Merged 1/Datasest Merged 1/notumor/Te-no_0274.jpg,2
/kaggle/input/datasets/sabersakin/brainmri/Datasest Merged 1/Datasest Merged 1/notumor/Tr-no_1008.jpg,/kaggle/input/datasets/sabersakin/brainmri/Datasest Merged 1/Datasest Merged 1/notumor/Tr-no_0142.jpg,0
/kaggle/input/datasets/sabersakin/brainmri/Datasest Merged 1/Datasest Merged 1/notumor/Tr-no_1008.jpg,/kaggle/input/datasets/sabersakin/brainmri/Datasest Merged 1/Datasest Merged 1/notumor/Tr-no_0143.jpg,0
/kaggle/input/datasets/sabersakin/brainmri/Datasest Merged 1/Datasest Merged 1/pituitary/2663.jpg,/kaggle/input/datasets/sabersakin/brainmri/Datasest Merged 1/Datasest Merged 1/pituitary/2662.jpg,4
/kaggle/input/datasets/sabersakin/brainmri/Datasest Merged 1/Datasest Merged 1/pituitary/p (16).jpg,/kaggle/input/datasets/sabersakin/brainmri/Datasest Merged 1/Datasest Merged 1/pituitary/Tr-pi_0067.jpg,0
/kaggle/input/datasets/sabersakin/brainmri/Datasest Merged 1/Datasest Merged 1/notumor/image(132).jpg,/kaggle/input/datasets/sabersakin/brainmri/Datasest Merged 1/Datasest Merged 1/notumor/Tr-no_0105.jpg,0
/kaggle/input/datasets/sabersakin/brainmri/Datasest Merged 1/Datasest Merged 1/notumor/image(202).jpg,/kaggle/input/datasets/sabersakin/brainmri/Datasest Merged 1/Datasest Merged 1/notumor/Tr-no_1003.jpg,0
/kaggle/input/datasets/sabersakin/brainmri/Datasest Merged 1/Datasest Merged 1/notumor/image(202).jpg,/kaggle/input/datasets/sabersakin/brainmri/Datasest Merged 1/Datasest Merged 1/notumor/Tr-no_0183.jpg,0
/kaggle/input/datasets/sabersakin/brainmri/Datasest Merged 1/Datasest Merged 1/notumor/image(202).jpg,/kaggle/input/datasets/sabersakin/brainmri/Datasest Merged 1/Datasest Merged 1/notumor/Tr-no_1009.jpg,0
/kaggle/input/datasets/sabersakin/brainmri/Datasest Merged 1/Datasest Merged 1/notumor/image(202).jpg,/kaggle/input/datasets/sabersakin/brainmri/Datasest Merged 1/Datasest Merged 1/notumor/Tr-no_0706.jpg,0
/kaggle/input/datasets/sabersakin/brainmri/Datasest Merged 1/Datasest Merged 1/notumor/image(202).jpg,/kaggle/input/datasets/sabersakin/brainmri/Datasest Merged 1/Datasest Merged 1/notumor/Tr-no_1177.jpg,0
/kaggle/input/datasets/sabersakin/brainmri/Datasest Merged 1/Datasest Merged 1/notumor/image(202).jpg,/kaggle/input/datasets/sabersakin/brainmri/Datasest Merged 1/Datasest Merged 1/notumor/Tr-no_0973.jpg,0
/kaggle/input/datasets/sabersakin/brainmri/Datasest Merged 1/Datasest Merged 1/notumor/image(202).jpg,/kaggle/input/datasets/sabersakin/brainmri/Datasest Merged 1/Datasest Merged 1/notumor/Tr-no_0746.jpg,2
/kaggle/input/datasets/sabersakin/brainmri/Datasest Merged 1/Datasest Merged 1/notumor/image(202).jpg,/kaggle/input/datasets/sabersakin/brainmri/Datasest Merged 1/Datasest Merged 1/notumor/image (31).jpg,0
/kaggle/input/datasets/sabersakin/brainmri/Datasest Merged 1/Datasest Merged 1/notumor/image(202).jpg,/kaggle/input/datasets/sabersakin/brainmri/Datasest Merged 1/Datasest Merged 1/notumor/Tr-no_0902.jpg,2
/kaggle/input/datasets/sabersakin/brainmri/Datasest Merged 1/Datasest Merged 1/notumor/image(202).jpg,/kaggle/input/datasets/sabersakin/brainmri/Datasest Merged 1/Datasest Merged 1/notumor/Tr-no_0572.jpg,0
/kaggle/input/datasets/sabersakin/brainmri/Datasest Merged 1/Datasest Merged 1/notumor/image(202).jpg,/kaggle/input/datasets/sabersakin/brainmri/Datasest Merged 1/Datasest Merged 1/notumor/Tr-no_1188.jpg,0
/kaggle/input/datasets/sabersakin/brainmri/Datasest Merged 1/Datasest Merged 1/notumor/image(202).jpg,/kaggle/input/datasets/sabersakin/brainmri/Datasest Merged 1/Datasest Merged 1/notumor/Tr-no_0029.jpg,0
/kaggle/input/datasets/sabersakin/brainmri/Datasest Merged 1/Datasest Merged 1/notumor/image(202).jpg,/kaggle/input/datasets/sabersakin/brainmri/Datasest Merged 1/Datasest Merged 1/notumor/Tr-noTr_0005.jpg,0
/kaggle/input/datasets/sabersakin/brainmri/Datasest Merged 1/Datasest Merged 1/notumor/Tr-no_1586.jpg,/kaggle/input/datasets/sabersakin/brainmri/Datasest Merged 1/Datasest Merged 1/notumor/Tr-no_0521.jpg,0
/kaggle/input/datasets/sabersakin/brainmri/Datasest Merged 1/Datasest Merged 1/notumor/Tr-no_1586.jpg,/kaggle/input/datasets/sabersakin/brainmri/Datasest Merged 1/Datasest Merged 1/notumor/Te-no_0376.jpg,0
/kaggle/input/datasets/sabersakin/brainmri/Datasest Merged 1/Datasest Merged 1/glioma/gg (719).jpg,/kaggle/input/datasets/sabersakin/brainmri/Datasest Merged 1/Datasest Merged 1/glioma/Tr-gl_0100.jpg,0
/kaggle/input/datasets/sabersakin/brainmri/Datasest Merged 1/Datasest Merged 1/notumor/image(47).jpg,/kaggle/input/datasets/sabersakin/brainmri/Datasest Merged 1/Datasest Merged 1/notumor/Tr-no_0113.jpg,2
/kaggle/input/datasets/sabersakin/brainmri/Datasest Merged 1/Datasest Merged 1/notumor/image(47).jpg,/kaggle/input/datasets/sabersakin/brainmri/Datasest Merged 1/Datasest Merged 1/notumor/Te-no_0037.jpg,2
/kaggle/input/datasets/sabersakin/brainmri/Datasest Merged 1/Datasest Merged 1/notumor/image(47).jpg,/kaggle/input/datasets/sabersakin/brainmri/Datasest Merged 1/Datasest Merged 1/notumor/image(39).jpg,2
/kaggle/input/datasets/sabersakin/brainmri/Datasest Merged 1/Datasest Merged 1/notumor/image(47).jpg,/kaggle/input/datasets/sabersakin/brainmri/Datasest Merged 1/Datasest Merged 1/notumor/Tr-no_0967.jpg,0
/kaggle/input/datasets/sabersakin/brainmri/Datasest Merged 1/Datasest Merged 1/notumor/image(47).jpg,/kaggle/input/datasets/sabersakin/brainmri/Datasest Merged 1/Datasest Merged 1/notumor/image(340).jpg,2
/kaggle/input/datasets/sabersakin/brainmri/Datasest Merged 1/Datasest Merged 1/notumor/image(47).jpg,/kaggle/input/datasets/sabersakin/brainmri/Datasest Merged 1/Datasest Merged 1/notumor/Te-no_0064.jpg,4
/kaggle/input/datasets/sabersakin/brainmri/Datasest Merged 1/Datasest Merged 1/notumor/image(47).jpg,/kaggle/input/datasets/sabersakin/brainmri/Datasest Merged 1/Datasest Merged 1/notumor/Tr-no_0202.jpg,0
/kaggle/input/datasets/sabersakin/brainmri/Datasest Merged 1/Datasest Merged 1/notumor/image(47).jpg,/kaggle/input/datasets/sabersakin/brainmri/Datasest Merged 1/Datasest Merged 1/notumor/Tr-no_1153.jpg,2
/kaggle/input/datasets/sabersakin/brainmri/Datasest Merged 1/Datasest Merged 1/notumor/image(47).jpg,/kaggle/input/datasets/sabersakin/brainmri/Datasest Merged 1/Datasest Merged 1/notumor/Te-no_0060.jpg,0
/kaggle/input/datasets/sabersakin/brainmri/Datasest Merged 1/Datasest Merged 1/notumor/image(47).jpg,/kaggle/input/datasets/sabersakin/brainmri/Datasest Merged 1/Datasest Merged 1/notumor/Tr-no_1093.jpg,2
/kaggle/input/datasets/sabersakin/brainmri/Datasest Merged 1/Datasest Merged 1/notumor/image(47).jpg,/kaggle/input/datasets/sabersakin/brainmri/Datasest Merged 1/Datasest Merged 1/notumor/Te-no_0046.jpg,0
/kaggle/input/datasets/sabersakin/brainmri/Datasest Merged 1/Datasest Merged 1/notumor/image(47).jpg,/kaggle/input/datasets/sabersakin/brainmri/Datasest Merged 1/Datasest Merged 1/notumor/image(29).jpg,2
/kaggle/input/datasets/sabersakin/brainmri/Datasest Merged 1/Datasest Merged 1/notumor/image(47).jpg,/kaggle/input/datasets/sabersakin/brainmri/Datasest Merged 1/Datasest Merged 1/notumor/image(6).jpg,0
/kaggle/input/datasets/sabersakin/brainmri/Datasest Merged 1/Datasest Merged 1/notumor/image(47).jpg,/kaggle/input/datasets/sabersakin/brainmri/Datasest Merged 1/Datasest Merged 1/notumor/Tr-no_1178.jpg,0
/kaggle/input/datasets/sabersakin/brainmri/Datasest Merged 1/Datasest Merged 1/notumor/image(47).jpg,/kaggle/input/datasets/sabersakin/brainmri/Datasest Merged 1/Datasest Merged 1/notumor/Tr-no_0340.jpg,2
/kaggle/input/datasets/sabersakin/brainmri/Datasest Merged 1/Datasest Merged 1/notumor/image(47).jpg,/kaggle/input/datasets/sabersakin/brainmri/Datasest Merged 1/Datasest Merged 1/notumor/Tr-no_0970.jpg,4
/kaggle/input/datasets/sabersakin/brainmri/Datasest Merged 1/Datasest Merged 1/notumor/image(47).jpg,/kaggle/input/datasets/sabersakin/brainmri/Datasest Merged 1/Datasest Merged 1/notumor/Tr-no_0046.jpg,0
/kaggle/input/datasets/sabersakin/brainmri/Datasest Merged 1/Datasest Merged 1/notumor/image(47).jpg,/kaggle/input/datasets/sabersakin/brainmri/Datasest Merged 1/Datasest Merged 1/notumor/Tr-no_0327.jpg,4
/kaggle/input/datasets/sabersakin/brainmri/Datasest Merged 1/Datasest Merged 1/notumor/image(47).jpg,/kaggle/input/datasets/sabersakin/brainmri/Datasest Merged 1/Datasest Merged 1/notumor/Te-no_0026.jpg,2
/kaggle/input/datasets/sabersakin/brainmri/Datasest Merged 1/Datasest Merged 1/notumor/image(47).jpg,/kaggle/input/datasets/sabersakin/brainmri/Datasest Merged 1/Datasest Merged 1/notumor/image(348).jpg,0
/kaggle/input/datasets/sabersakin/brainmri/Datasest Merged 1/Datasest Merged 1/notumor/image(47).jpg,/kaggle/input/datasets/sabersakin/brainmri/Datasest Merged 1/Datasest Merged 1/notumor/image(63).jpg,4
/kaggle/input/datasets/sabersakin/brainmri/Datasest Merged 1/Datasest Merged 1/notumor/image(47).jpg,/kaggle/input/datasets/sabersakin/brainmri/Datasest Merged 1/Datasest Merged 1/notumor/image(331).jpg,2
/kaggle/input/datasets/sabersakin/brainmri/Datasest Merged 1/Datasest Merged 1/notumor/Te-no_0214.jpg,/kaggle/input/datasets/sabersakin/brainmri/Datasest Merged 1/Datasest Merged 1/notumor/Tr-no_0149.jpg,0
/kaggle/input/datasets/sabersakin/brainmri/Datasest Merged 1/Datasest Merged 1/notumor/Te-no_0214.jpg,/kaggle/input/datasets/sabersakin/brainmri/Datasest Merged 1/Datasest Merged 1/notumor/Te-no_0164.jpg,2
/kaggle/input/datasets/sabersakin/brainmri/Datasest Merged 1/Datasest Merged 1/notumor/Te-no_0214.jpg,/kaggle/input/datasets/sabersakin/brainmri/Datasest Merged 1/Datasest Merged 1/notumor/image(217).jpg,0
/kaggle/input/datasets/sabersakin/brainmri/Datasest Merged 1/Datasest Merged 1/notumor/Te-no_0214.jpg,/kaggle/input/datasets/sabersakin/brainmri/Datasest Merged 1/Datasest Merged 1/notumor/Tr-no_1497.jpg,4
/kaggle/input/datasets/sabersakin/brainmri/Datasest Merged 1/Datasest Merged 1/notumor/Te-no_0214.jpg,/kaggle/input/datasets/sabersakin/brainmri/Datasest Merged 1/Datasest Merged 1/notumor/Tr-no_1238.jpg,2
/kaggle/input/datasets/sabersakin/brainmri/Datasest Merged 1/Datasest Merged 1/notumor/Te-no_0214.jpg,/kaggle/input/datasets/sabersakin/brainmri/Datasest Merged 1/Datasest Merged 1/notumor/Tr-no_0988.jpg,0
/kaggle/input/datasets/sabersakin/brainmri/Datasest Merged 1/Datasest Merged 1/notumor/Te-no_0214.jpg,/kaggle/input/datasets/sabersakin/brainmri/Datasest Merged 1/Datasest Merged 1/notumor/Tr-no_1000.jpg,0
/kaggle/input/datasets/sabersakin/brainmri/Datasest Merged 1/Datasest Merged 1/notumor/Te-no_0214.jpg,/kaggle/input/datasets/sabersakin/brainmri/Datasest Merged 1/Datasest Merged 1/notumor/Te-no_0276.jpg,2
/kaggle/input/datasets/sabersakin/brainmri/Datasest Merged 1/Datasest Merged 1/notumor/Te-no_0214.jpg,/kaggle/input/datasets/sabersakin/brainmri/Datasest Merged 1/Datasest Merged 1/notumor/Tr-no_1046.jpg,0
/kaggle/input/datasets/sabersakin/brainmri/Datasest Merged 1/Datasest Merged 1/notumor/Te-no_0214.jpg,/kaggle/input/datasets/sabersakin/brainmri/Datasest Merged 1/Datasest Merged 1/notumor/Tr-no_0564.jpg,0
/kaggle/input/datasets/sabersakin/brainmri/Datasest Merged 1/Datasest Merged 1/notumor/Te-no_0214.jpg,/kaggle/input/datasets/sabersakin/brainmri/Datasest Merged 1/Datasest Merged 1/notumor/image(166).jpg,0
/kaggle/input/datasets/sabersakin/brainmri/Datasest Merged 1/Datasest Merged 1/notumor/Te-no_0214.jpg,/kaggle/input/datasets/sabersakin/brainmri/Datasest Merged 1/Datasest Merged 1/notumor/Tr-no_0785.jpg,2
/kaggle/input/datasets/sabersakin/brainmri/Datasest Merged 1/Datasest Merged 1/notumor/Te-no_0214.jpg,/kaggle/input/datasets/sabersakin/brainmri/Datasest Merged 1/Datasest Merged 1/notumor/Tr-no_0733.jpg,4
/kaggle/input/datasets/sabersakin/brainmri/Datasest Merged 1/Datasest Merged 1/notumor/Te-no_0214.jpg,/kaggle/input/datasets/sabersakin/brainmri/Datasest Merged 1/Datasest Merged 1/notumor/image(167).jpg,0
/kaggle/input/datasets/sabersakin/brainmri/Datasest Merged 1/Datasest Merged 1/notumor/Te-no_0214.jpg,/kaggle/input/datasets/sabersakin/brainmri/Datasest Merged 1/Datasest Merged 1/notumor/Te-no_0310.jpg,0
/kaggle/input/datasets/sabersakin/brainmri/Datasest Merged 1/Datasest Merged 1/notumor/Te-no_0214.jpg,/kaggle/input/datasets/sabersakin/brainmri/Datasest Merged 1/Datasest Merged 1/notumor/Tr-no_1239.jpg,2
/kaggle/input/datasets/sabersakin/brainmri/Datasest Merged 1/Datasest Merged 1/notumor/Te-no_0214.jpg,/kaggle/input/datasets/sabersakin/brainmri/Datasest Merged 1/Datasest Merged 1/notumor/image(172).jpg,0
/kaggle/input/datasets/sabersakin/brainmri/Datasest Merged 1/Datasest Merged 1/notumor/Te-no_0214.jpg,/kaggle/input/datasets/sabersakin/brainmri/Datasest Merged 1/Datasest Merged 1/notumor/Tr-no_1483.jpg,2
/kaggle/input/datasets/sabersakin/brainmri/Datasest Merged 1/Datasest Merged 1/notumor/Te-no_0214.jpg,/kaggle/input/datasets/sabersakin/brainmri/Datasest Merged 1/Datasest Merged 1/notumor/Tr-no_0712.jpg,0
/kaggle/input/datasets/sabersakin/brainmri/Datasest Merged 1/Datasest Merged 1/notumor/Te-no_0214.jpg,/kaggle/input/datasets/sabersakin/brainmri/Datasest Merged 1/Datasest Merged 1/notumor/Te-no_0274.jpg,2
/kaggle/input/datasets/sabersakin/brainmri/Datasest Merged 1/Datasest Merged 1/notumor/Te-no_0214.jpg,/kaggle/input/datasets/sabersakin/brainmri/Datasest Merged 1/Datasest Merged 1/notumor/Tr-no_0142.jpg,0
/kaggle/input/datasets/sabersakin/brainmri/Datasest Merged 1/Datasest Merged 1/notumor/Te-no_0214.jpg,/kaggle/input/datasets/sabersakin/brainmri/Datasest Merged 1/Datasest Merged 1/notumor/Tr-no_0143.jpg,0
/kaggle/input/datasets/sabersakin/brainmri/Datasest Merged 1/Datasest Merged 1/notumor/Tr-no_0027.jpg,/kaggle/input/datasets/sabersakin/brainmri/Datasest Merged 1/Datasest Merged 1/notumor/Tr-no_1193.jpg,2
/kaggle/input/datasets/sabersakin/brainmri/Datasest Merged 1/Datasest Merged 1/notumor/Tr-no_0027.jpg,/kaggle/input/datasets/sabersakin/brainmri/Datasest Merged 1/Datasest Merged 1/notumor/Tr-no_1070.jpg,4
/kaggle/input/datasets/sabersakin/brainmri/Datasest Merged 1/Datasest Merged 1/notumor/Tr-no_0027.jpg,/kaggle/input/datasets/sabersakin/brainmri/Datasest Merged 1/Datasest Merged 1/notumor/Tr-no_0575.jpg,0
/kaggle/input/datasets/sabersakin/brainmri/Datasest Merged 1/Datasest Merged 1/notumor/Tr-no_0027.jpg,/kaggle/input/datasets/sabersakin/brainmri/Datasest Merged 1/Datasest Merged 1/notumor/image (29).jpg,0
/kaggle/input/datasets/sabersakin/brainmri/Datasest Merged 1/Datasest Merged 1/notumor/Tr-no_0027.jpg,/kaggle/input/datasets/sabersakin/brainmri/Datasest Merged 1/Datasest Merged 1/notumor/Tr-no_1069.jpg,0
/kaggle/input/datasets/sabersakin/brainmri/Datasest Merged 1/Datasest Merged 1/notumor/Tr-no_0027.jpg,/kaggle/input/datasets/sabersakin/brainmri/Datasest Merged 1/Datasest Merged 1/notumor/image (30).jpg,4
/kaggle/input/datasets/sabersakin/brainmri/Datasest Merged 1/Datasest Merged 1/pituitary/p (479).jpg,/kaggle/input/datasets/sabersakin/brainmri/Datasest Merged 1/Datasest Merged 1/pituitary/Tr-pi_0421.jpg,0
/kaggle/input/datasets/sabersakin/brainmri/Datasest Merged 1/Datasest Merged 1/meningioma/m3 (131).jpg,/kaggle/input/datasets/sabersakin/brainmri/Datasest Merged 1/Datasest Merged 1/meningioma/Tr-me_0581.jpg,0
/kaggle/input/datasets/sabersakin/brainmri/Datasest Merged 1/Datasest Merged 1/pituitary/Tr-pi_0492.jpg,/kaggle/input/datasets/sabersakin/brainmri/Datasest Merged 1/Datasest Merged 1/pituitary/p (542).jpg,0
/kaggle/input/datasets/sabersakin/brainmri/Datasest Merged 1/Datasest Merged 1/pituitary/p (48).jpg,/kaggle/input/datasets/sabersakin/brainmri/Datasest Merged 1/Datasest Merged 1/pituitary/Tr-pi_0422.jpg,0
/kaggle/input/datasets/sabersakin/brainmri/Datasest Merged 1/Datasest Merged 1/pituitary/Tr-pi_0576.jpg,/kaggle/input/datasets/sabersakin/brainmri/Datasest Merged 1/Datasest Merged 1/pituitary/p (635).jpg,0
/kaggle/input/datasets/sabersakin/brainmri/Datasest Merged 1/Datasest Merged 1/pituitary/Tr-pi_0576.jpg,/kaggle/input/datasets/sabersakin/brainmri/Datasest Merged 1/Datasest Merged 1/pituitary/Tr-pi_0575.jpg,4
/kaggle/input/datasets/sabersakin/brainmri/Datasest Merged 1/Datasest Merged 1/notumor/Tr-no_0663.jpg,/kaggle/input/datasets/sabersakin/brainmri/Datasest Merged 1/Datasest Merged 1/notumor/Tr-no_1157.jpg,4
/kaggle/input/datasets/sabersakin/brainmri/Datasest Merged 1/Datasest Merged 1/notumor/Tr-no_0663.jpg,/kaggle/input/datasets/sabersakin/brainmri/Datasest Merged 1/Datasest Merged 1/notumor/Tr-no_1230.jpg,4
/kaggle/input/datasets/sabersakin/brainmri/Datasest Merged 1/Datasest Merged 1/notumor/Tr-no_0663.jpg,/kaggle/input/datasets/sabersakin/brainmri/Datasest Merged 1/Datasest Merged 1/notumor/Te-no_0306.jpg,4
/kaggle/input/datasets/sabersakin/brainmri/Datasest Merged 1/Datasest Merged 1/notumor/Tr-no_0663.jpg,/kaggle/input/datasets/sabersakin/brainmri/Datasest Merged 1/Datasest Merged 1/notumor/Tr-no_1394.jpg,2
/kaggle/input/datasets/sabersakin/brainmri/Datasest Merged 1/Datasest Merged 1/notumor/Tr-no_0663.jpg,/kaggle/input/datasets/sabersakin/brainmri/Datasest Merged 1/Datasest Merged 1/notumor/Tr-no_0960.jpg,4
/kaggle/input/datasets/sabersakin/brainmri/Datasest Merged 1/Datasest Merged 1/notumor/Tr-no_0663.jpg,/kaggle/input/datasets/sabersakin/brainmri/Datasest Merged 1/Datasest Merged 1/notumor/Tr-no_0651.jpg,4
/kaggle/input/datasets/sabersakin/brainmri/Datasest Merged 1/Datasest Merged 1/notumor/Tr-no_0663.jpg,/kaggle/input/datasets/sabersakin/brainmri/Datasest Merged 1/Datasest Merged 1/notumor/Tr-no_0852.jpg,4
/kaggle/input/datasets/sabersakin/brainmri/Datasest Merged 1/Datasest Merged 1/notumor/Tr-no_0663.jpg,/kaggle/input/datasets/sabersakin/brainmri/Datasest Merged 1/Datasest Merged 1/notumor/Tr-no_0781.jpg,2
/kaggle/input/datasets/sabersakin/brainmri/Datasest Merged 1/Datasest Merged 1/notumor/Te-no_0252.jpg,/kaggle/input/datasets/sabersakin/brainmri/Datasest Merged 1/Datasest Merged 1/notumor/Tr-no_1560.jpg,2
/kaggle/input/datasets/sabersakin/brainmri/Datasest Merged 1/Datasest Merged 1/notumor/Te-no_0252.jpg,/kaggle/input/datasets/sabersakin/brainmri/Datasest Merged 1/Datasest Merged 1/notumor/Te-no_0368.jpg,0
/kaggle/input/datasets/sabersakin/brainmri/Datasest Merged 1/Datasest Merged 1/notumor/Te-no_0252.jpg,/kaggle/input/datasets/sabersakin/brainmri/Datasest Merged 1/Datasest Merged 1/notumor/Tr-no_0419.jpg,2
/kaggle/input/datasets/sabersakin/brainmri/Datasest Merged 1/Datasest Merged 1/notumor/Te-no_0252.jpg,/kaggle/input/datasets/sabersakin/brainmri/Datasest Merged 1/Datasest Merged 1/notumor/Tr-no_1399.jpg,2
/kaggle/input/datasets/sabersakin/brainmri/Datasest Merged 1/Datasest Merged 1/notumor/Te-no_0252.jpg,/kaggle/input/datasets/sabersakin/brainmri/Datasest Merged 1/Datasest Merged 1/notumor/Tr-no_0457.jpg,0
/kaggle/input/datasets/sabersakin/brainmri/Datasest Merged 1/Datasest Merged 1/meningioma/m2 (111).jpg,/kaggle/input/datasets/sabersakin/brainmri/Datasest Merged 1/Datasest Merged 1/meningioma/Tr-me_0382.jpg,0
/kaggle/input/datasets/sabersakin/brainmri/Datasest Merged 1/Datasest Merged 1/notumor/Te-no_0236.jpg,/kaggle/input/datasets/sabersakin/brainmri/Datasest Merged 1/Datasest Merged 1/notumor/Te-no_0360.jpg,0
/kaggle/input/datasets/sabersakin/brainmri/Datasest Merged 1/Datasest Merged 1/notumor/Te-no_0236.jpg,/kaggle/input/datasets/sabersakin/brainmri/Datasest Merged 1/Datasest Merged 1/notumor/Tr-no_0754.jpg,0
/kaggle/input/datasets/sabersakin/brainmri/Datasest Merged 1/Datasest Merged 1/notumor/Te-no_0236.jpg,/kaggle/input/datasets/sabersakin/brainmri/Datasest Merged 1/Datasest Merged 1/notumor/Tr-no_1491.jpg,4
/kaggle/input/datasets/sabersakin/brainmri/Datasest Merged 1/Datasest Merged 1/notumor/Te-no_0236.jpg,/kaggle/input/datasets/sabersakin/brainmri/Datasest Merged 1/Datasest Merged 1/notumor/Tr-no_0513.jpg,4
/kaggle/input/datasets/sabersakin/brainmri/Datasest Merged 1/Datasest Merged 1/meningioma/Tr-me_0370.jpg,/kaggle/input/datasets/sabersakin/brainmri/Datasest Merged 1/Datasest Merged 1/meningioma/m2 (100).jpg,0
/kaggle/input/datasets/sabersakin/brainmri/Datasest Merged 1/Datasest Merged 1/glioma/Te-gl_0121.jpg,/kaggle/input/datasets/sabersakin/brainmri/Datasest Merged 1/Datasest Merged 1/glioma/Tr-gl_0413.jpg,2
/kaggle/input/datasets/sabersakin/brainmri/Datasest Merged 1/Datasest Merged 1/meningioma/Tr-me_0062.jpg,/kaggle/input/datasets/sabersakin/brainmri/Datasest Merged 1/Datasest Merged 1/meningioma/m (172).jpg,0
/kaggle/input/datasets/sabersakin/brainmri/Datasest Merged 1/Datasest Merged 1/notumor/image(355).jpg,/kaggle/input/datasets/sabersakin/brainmri/Datasest Merged 1/Datasest Merged 1/notumor/image(54).jpg,0
/kaggle/input/datasets/sabersakin/brainmri/Datasest Merged 1/Datasest Merged 1/notumor/image(355).jpg,/kaggle/input/datasets/sabersakin/brainmri/Datasest Merged 1/Datasest Merged 1/notumor/Te-no_0045.jpg,0
/kaggle/input/datasets/sabersakin/brainmri/Datasest Merged 1/Datasest Merged 1/notumor/image(355).jpg,/kaggle/input/datasets/sabersakin/brainmri/Datasest Merged 1/Datasest Merged 1/notumor/Te-no_0050.jpg,0
/kaggle/input/datasets/sabersakin/brainmri/Datasest Merged 1/Datasest Merged 1/notumor/image(355).jpg,/kaggle/input/datasets/sabersakin/brainmri/Datasest Merged 1/Datasest Merged 1/notumor/image(351).jpg,0
/kaggle/input/datasets/sabersakin/brainmri/Datasest Merged 1/Datasest Merged 1/notumor/image(355).jpg,/kaggle/input/datasets/sabersakin/brainmri/Datasest Merged 1/Datasest Merged 1/notumor/Te-no_0054.jpg,0
/kaggle/input/datasets/sabersakin/brainmri/Datasest Merged 1/Datasest Merged 1/notumor/image(355).jpg,/kaggle/input/datasets/sabersakin/brainmri/Datasest Merged 1/Datasest Merged 1/notumor/Tr-no_0191.jpg,0
/kaggle/input/datasets/sabersakin/brainmri/Datasest Merged 1/Datasest Merged 1/notumor/image(355).jpg,/kaggle/input/datasets/sabersakin/brainmri/Datasest Merged 1/Datasest Merged 1/notumor/image(50).jpg,0
/kaggle/input/datasets/sabersakin/brainmri/Datasest Merged 1/Datasest Merged 1/notumor/image(355).jpg,/kaggle/input/datasets/sabersakin/brainmri/Datasest Merged 1/Datasest Merged 1/notumor/image(347).jpg,0
/kaggle/input/datasets/sabersakin/brainmri/Datasest Merged 1/Datasest Merged 1/notumor/image(355).jpg,/kaggle/input/datasets/sabersakin/brainmri/Datasest Merged 1/Datasest Merged 1/notumor/Tr-no_0235.jpg,0
/kaggle/input/datasets/sabersakin/brainmri/Datasest Merged 1/Datasest Merged 1/notumor/image(402).jpg,/kaggle/input/datasets/sabersakin/brainmri/Datasest Merged 1/Datasest Merged 1/notumor/Tr-no_0117.jpg,0
/kaggle/input/datasets/sabersakin/brainmri/Datasest Merged 1/Datasest Merged 1/notumor/image(402).jpg,/kaggle/input/datasets/sabersakin/brainmri/Datasest Merged 1/Datasest Merged 1/notumor/image(399).jpg,0
/kaggle/input/datasets/sabersakin/brainmri/Datasest Merged 1/Datasest Merged 1/notumor/image(402).jpg,/kaggle/input/datasets/sabersakin/brainmri/Datasest Merged 1/Datasest Merged 1/notumor/Tr-no_0131.jpg,0
/kaggle/input/datasets/sabersakin/brainmri/Datasest Merged 1/Datasest Merged 1/notumor/image(402).jpg,/kaggle/input/datasets/sabersakin/brainmri/Datasest Merged 1/Datasest Merged 1/notumor/Tr-no_0369.jpg,0
/kaggle/input/datasets/sabersakin/brainmri/Datasest Merged 1/Datasest Merged 1/notumor/image(402).jpg,/kaggle/input/datasets/sabersakin/brainmri/Datasest Merged 1/Datasest Merged 1/notumor/Tr-no_0366.jpg,0
/kaggle/input/datasets/sabersakin/brainmri/Datasest Merged 1/Datasest Merged 1/notumor/image(402).jpg,/kaggle/input/datasets/sabersakin/brainmri/Datasest Merged 1/Datasest Merged 1/notumor/image(143).jpg,0
/kaggle/input/datasets/sabersakin/brainmri/Datasest Merged 1/Datasest Merged 1/notumor/image(402).jpg,/kaggle/input/datasets/sabersakin/brainmri/Datasest Merged 1/Datasest Merged 1/notumor/Tr-no_1095.jpg,0
/kaggle/input/datasets/sabersakin/brainmri/Datasest Merged 1/Datasest Merged 1/notumor/image(402).jpg,/kaggle/input/datasets/sabersakin/brainmri/Datasest Merged 1/Datasest Merged 1/notumor/image(156).jpg,0
/kaggle/input/datasets/sabersakin/brainmri/Datasest Merged 1/Datasest Merged 1/notumor/Tr-no_0408.jpg,/kaggle/input/datasets/sabersakin/brainmri/Datasest Merged 1/Datasest Merged 1/notumor/Te-no_0145.jpg,2
/kaggle/input/datasets/sabersakin/brainmri/Datasest Merged 1/Datasest Merged 1/notumor/Tr-no_0408.jpg,/kaggle/input/datasets/sabersakin/brainmri/Datasest Merged 1/Datasest Merged 1/notumor/Te-no_0369.jpg,2
/kaggle/input/datasets/sabersakin/brainmri/Datasest Merged 1/Datasest Merged 1/notumor/Tr-no_0408.jpg,/kaggle/input/datasets/sabersakin/brainmri/Datasest Merged 1/Datasest Merged 1/notumor/Te-no_0124.jpg,0
/kaggle/input/datasets/sabersakin/brainmri/Datasest Merged 1/Datasest Merged 1/notumor/Tr-no_0408.jpg,/kaggle/input/datasets/sabersakin/brainmri/Datasest Merged 1/Datasest Merged 1/notumor/Tr-no_1384.jpg,2
/kaggle/input/datasets/sabersakin/brainmri/Datasest Merged 1/Datasest Merged 1/notumor/Tr-no_0408.jpg,/kaggle/input/datasets/sabersakin/brainmri/Datasest Merged 1/Datasest Merged 1/notumor/Tr-no_0458.jpg,4
/kaggle/input/datasets/sabersakin/brainmri/Datasest Merged 1/Datasest Merged 1/notumor/Tr-no_0408.jpg,/kaggle/input/datasets/sabersakin/brainmri/Datasest Merged 1/Datasest Merged 1/notumor/Tr-no_0618.jpg,2
/kaggle/input/datasets/sabersakin/brainmri/Datasest Merged 1/Datasest Merged 1/notumor/Tr-no_0408.jpg,/kaggle/input/datasets/sabersakin/brainmri/Datasest Merged 1/Datasest Merged 1/notumor/Tr-no_1408.jpg,0
/kaggle/input/datasets/sabersakin/brainmri/Datasest Merged 1/Datasest Merged 1/notumor/Tr-no_0408.jpg,/kaggle/input/datasets/sabersakin/brainmri/Datasest Merged 1/Datasest Merged 1/notumor/Tr-no_0906.jpg,2
/kaggle/input/datasets/sabersakin/brainmri/Datasest Merged 1/Datasest Merged 1/notumor/Tr-no_0408.jpg,/kaggle/input/datasets/sabersakin/brainmri/Datasest Merged 1/Datasest Merged 1/notumor/Tr-no_1495.jpg,2
/kaggle/input/datasets/sabersakin/brainmri/Datasest Merged 1/Datasest Merged 1/glioma/1144.jpg,/kaggle/input/datasets/sabersakin/brainmri/Datasest Merged 1/Datasest Merged 1/glioma/1146.jpg,4
/kaggle/input/datasets/sabersakin/brainmri/Datasest Merged 1/Datasest Merged 1/notumor/Tr-no_0099.jpg,/kaggle/input/datasets/sabersakin/brainmri/Datasest Merged 1/Datasest Merged 1/notumor/image(127).jpg,0
/kaggle/input/datasets/sabersakin/brainmri/Datasest Merged 1/Datasest Merged 1/notumor/Tr-no_0099.jpg,/kaggle/input/datasets/sabersakin/brainmri/Datasest Merged 1/Datasest Merged 1/notumor/Tr-no_0181.jpg,0
/kaggle/input/datasets/sabersakin/brainmri/Datasest Merged 1/Datasest Merged 1/notumor/Tr-no_0099.jpg,/kaggle/input/datasets/sabersakin/brainmri/Datasest Merged 1/Datasest Merged 1/notumor/image(200).jpg,0
/kaggle/input/datasets/sabersakin/brainmri/Datasest Merged 1/Datasest Merged 1/meningioma/Tr-me_0316.jpg,/kaggle/input/datasets/sabersakin/brainmri/Datasest Merged 1/Datasest Merged 1/meningioma/m1(51).jpg,0
/kaggle/input/datasets/sabersakin/brainmri/Datasest Merged 1/Datasest Merged 1/notumor/Tr-no_0314.jpg,/kaggle/input/datasets/sabersakin/brainmri/Datasest Merged 1/Datasest Merged 1/notumor/image(320).jpg,0
/kaggle/input/datasets/sabersakin/brainmri/Datasest Merged 1/Datasest Merged 1/pituitary/Tr-pi_0425.jpg,/kaggle/input/datasets/sabersakin/brainmri/Datasest Merged 1/Datasest Merged 1/pituitary/p (482).jpg,0
/kaggle/input/datasets/sabersakin/brainmri/Datasest Merged 1/Datasest Merged 1/meningioma/m3 (204).jpg,/kaggle/input/datasets/sabersakin/brainmri/Datasest Merged 1/Datasest Merged 1/meningioma/Tr-me_0661.jpg,0
/kaggle/input/datasets/sabersakin/brainmri/Datasest Merged 1/Datasest Merged 1/pituitary/Tr-pi_0027.jpg,/kaggle/input/datasets/sabersakin/brainmri/Datasest Merged 1/Datasest Merged 1/pituitary/p (123).jpg,0
/kaggle/input/datasets/sabersakin/brainmri/Datasest Merged 1/Datasest Merged 1/meningioma/Tr-me_0116.jpg,/kaggle/input/datasets/sabersakin/brainmri/Datasest Merged 1/Datasest Merged 1/meningioma/m (46).jpg,0
/kaggle/input/datasets/sabersakin/brainmri/Datasest Merged 1/Datasest Merged 1/notumor/Te-no_0196.jpg,/kaggle/input/datasets/sabersakin/brainmri/Datasest Merged 1/Datasest Merged 1/notumor/Te-no_0320.jpg,0
/kaggle/input/datasets/sabersakin/brainmri/Datasest Merged 1/Datasest Merged 1/notumor/Te-no_0196.jpg,/kaggle/input/datasets/sabersakin/brainmri/Datasest Merged 1/Datasest Merged 1/notumor/Te-no_0149.jpg,0
/kaggle/input/datasets/sabersakin/brainmri/Datasest Merged 1/Datasest Merged 1/notumor/Te-no_0196.jpg,/kaggle/input/datasets/sabersakin/brainmri/Datasest Merged 1/Datasest Merged 1/notumor/Tr-no_0482.jpg,4
/kaggle/input/datasets/sabersakin/brainmri/Datasest Merged 1/Datasest Merged 1/notumor/Tr-no_0531.jpg,/kaggle/input/datasets/sabersakin/brainmri/Datasest Merged 1/Datasest Merged 1/notumor/Te-no_0161.jpg,0
/kaggle/input/datasets/sabersakin/brainmri/Datasest Merged 1/Datasest Merged 1/notumor/Tr-no_0531.jpg,/kaggle/input/datasets/sabersakin/brainmri/Datasest Merged 1/Datasest Merged 1/notumor/Tr-no_1121.jpg,0
/kaggle/input/datasets/sabersakin/brainmri/Datasest Merged 1/Datasest Merged 1/notumor/Tr-no_0531.jpg,/kaggle/input/datasets/sabersakin/brainmri/Datasest Merged 1/Datasest Merged 1/notumor/Tr-no_0674.jpg,2
/kaggle/input/datasets/sabersakin/brainmri/Datasest Merged 1/Datasest Merged 1/notumor/Tr-no_0531.jpg,/kaggle/input/datasets/sabersakin/brainmri/Datasest Merged 1/Datasest Merged 1/notumor/Tr-no_0542.jpg,0
/kaggle/input/datasets/sabersakin/brainmri/Datasest Merged 1/Datasest Merged 1/notumor/Tr-no_0531.jpg,/kaggle/input/datasets/sabersakin/brainmri/Datasest Merged 1/Datasest Merged 1/notumor/Tr-no_1223.jpg,0
/kaggle/input/datasets/sabersakin/brainmri/Datasest Merged 1/Datasest Merged 1/notumor/Tr-no_0531.jpg,/kaggle/input/datasets/sabersakin/brainmri/Datasest Merged 1/Datasest Merged 1/notumor/Tr-no_0543.jpg,4
/kaggle/input/datasets/sabersakin/brainmri/Datasest Merged 1/Datasest Merged 1/meningioma/Tr-me_0716.jpg,/kaggle/input/datasets/sabersakin/brainmri/Datasest Merged 1/Datasest Merged 1/meningioma/m3 (31).jpg,0
/kaggle/input/datasets/sabersakin/brainmri/Datasest Merged 1/Datasest Merged 1/meningioma/Tr-me_1069.jpg,/kaggle/input/datasets/sabersakin/brainmri/Datasest Merged 1/Datasest Merged 1/meningioma/Tr-me_1068.jpg,2
/kaggle/input/datasets/sabersakin/brainmri/Datasest Merged 1/Datasest Merged 1/notumor/Tr-no_0491.jpg,/kaggle/input/datasets/sabersakin/brainmri/Datasest Merged 1/Datasest Merged 1/notumor/Tr-no_0686.jpg,0
/kaggle/input/datasets/sabersakin/brainmri/Datasest Merged 1/Datasest Merged 1/notumor/Tr-no_0491.jpg,/kaggle/input/datasets/sabersakin/brainmri/Datasest Merged 1/Datasest Merged 1/notumor/image(239).jpg,4
/kaggle/input/datasets/sabersakin/brainmri/Datasest Merged 1/Datasest Merged 1/notumor/Tr-no_0491.jpg,/kaggle/input/datasets/sabersakin/brainmri/Datasest Merged 1/Datasest Merged 1/notumor/Tr-no_0910.jpg,4
/kaggle/input/datasets/sabersakin/brainmri/Datasest Merged 1/Datasest Merged 1/notumor/Tr-no_0491.jpg,/kaggle/input/datasets/sabersakin/brainmri/Datasest Merged 1/Datasest Merged 1/notumor/Tr-no_0223.jpg,4
/kaggle/input/datasets/sabersakin/brainmri/Datasest Merged 1/Datasest Merged 1/notumor/Tr-no_0491.jpg,/kaggle/input/datasets/sabersakin/brainmri/Datasest Merged 1/Datasest Merged 1/notumor/Tr-no_0567.jpg,4
/kaggle/input/datasets/sabersakin/brainmri/Datasest Merged 1/Datasest Merged 1/notumor/Tr-no_0491.jpg,/kaggle/input/datasets/sabersakin/brainmri/Datasest Merged 1/Datasest Merged 1/notumor/Tr-no_1248.jpg,2
/kaggle/input/datasets/sabersakin/brainmri/Datasest Merged 1/Datasest Merged 1/notumor/Tr-no_0491.jpg,/kaggle/input/datasets/sabersakin/brainmri/Datasest Merged 1/Datasest Merged 1/notumor/Tr-no_0983.jpg,4
/kaggle/input/datasets/sabersakin/brainmri/Datasest Merged 1/Datasest Merged 1/notumor/Tr-no_0491.jpg,/kaggle/input/datasets/sabersakin/brainmri/Datasest Merged 1/Datasest Merged 1/notumor/Tr-no_0140.jpg,4
/kaggle/input/datasets/sabersakin/brainmri/Datasest Merged 1/Datasest Merged 1/notumor/Tr-no_0491.jpg,/kaggle/input/datasets/sabersakin/brainmri/Datasest Merged 1/Datasest Merged 1/notumor/Tr-no_1136.jpg,4
/kaggle/input/datasets/sabersakin/brainmri/Datasest Merged 1/Datasest Merged 1/notumor/Tr-no_1362.jpg,/kaggle/input/datasets/sabersakin/brainmri/Datasest Merged 1/Datasest Merged 1/notumor/Tr-no_1588.jpg,0
/kaggle/input/datasets/sabersakin/brainmri/Datasest Merged 1/Datasest Merged 1/pituitary/p (780).jpg,/kaggle/input/datasets/sabersakin/brainmri/Datasest Merged 1/Datasest Merged 1/pituitary/Te-pi_0055.jpg,0
/kaggle/input/datasets/sabersakin/brainmri/Datasest Merged 1/Datasest Merged 1/glioma/1491.jpg,/kaggle/input/datasets/sabersakin/brainmri/Datasest Merged 1/Datasest Merged 1/glioma/1490.jpg,4
/kaggle/input/datasets/sabersakin/brainmri/Datasest Merged 1/Datasest Merged 1/pituitary/Tr-pi_0518.jpg,/kaggle/input/datasets/sabersakin/brainmri/Datasest Merged 1/Datasest Merged 1/pituitary/Tr-pi_0517.jpg,0
/kaggle/input/datasets/sabersakin/brainmri/Datasest Merged 1/Datasest Merged 1/pituitary/Tr-pi_0518.jpg,/kaggle/input/datasets/sabersakin/brainmri/Datasest Merged 1/Datasest Merged 1/pituitary/Te-piTr_0001.jpg,0
/kaggle/input/datasets/sabersakin/brainmri/Datasest Merged 1/Datasest Merged 1/pituitary/Tr-pi_0518.jpg,/kaggle/input/datasets/sabersakin/brainmri/Datasest Merged 1/Datasest Merged 1/pituitary/p (568).jpg,0
/kaggle/input/datasets/sabersakin/brainmri/Datasest Merged 1/Datasest Merged 1/pituitary/Tr-pi_0518.jpg,/kaggle/input/datasets/sabersakin/brainmri/Datasest Merged 1/Datasest Merged 1/pituitary/p (567).jpg,0
/kaggle/input/datasets/sabersakin/brainmri/Datasest Merged 1/Datasest Merged 1/pituitary/Tr-pi_0518.jpg,/kaggle/input/datasets/sabersakin/brainmri/Datasest Merged 1/Datasest Merged 1/pituitary/p (566).jpg,0
/kaggle/input/datasets/sabersakin/brainmri/Datasest Merged 1/Datasest Merged 1/glioma/1757.jpg,/kaggle/input/datasets/sabersakin/brainmri/Datasest Merged 1/Datasest Merged 1/glioma/1755.jpg,4
/kaggle/input/datasets/sabersakin/brainmri/Datasest Merged 1/Datasest Merged 1/glioma/1757.jpg,/kaggle/input/datasets/sabersakin/brainmri/Datasest Merged 1/Datasest Merged 1/glioma/1756.jpg,4
/kaggle/input/datasets/sabersakin/brainmri/Datasest Merged 1/Datasest Merged 1/glioma/1757.jpg,/kaggle/input/datasets/sabersakin/brainmri/Datasest Merged 1/Datasest Merged 1/glioma/1758.jpg,4
/kaggle/input/datasets/sabersakin/brainmri/Datasest Merged 1/Datasest Merged 1/glioma/Tr-gl_0521.jpg,/kaggle/input/datasets/sabersakin/brainmri/Datasest Merged 1/Datasest Merged 1/glioma/Tr-gl_0520.jpg,4
/kaggle/input/datasets/sabersakin/brainmri/Datasest Merged 1/Datasest Merged 1/glioma/1753.jpg,/kaggle/input/datasets/sabersakin/brainmri/Datasest Merged 1/Datasest Merged 1/glioma/1751.jpg,4
/kaggle/input/datasets/sabersakin/brainmri/Datasest Merged 1/Datasest Merged 1/glioma/1753.jpg,/kaggle/input/datasets/sabersakin/brainmri/Datasest Merged 1/Datasest Merged 1/glioma/1752.jpg,4
/kaggle/input/datasets/sabersakin/brainmri/Datasest Merged 1/Datasest Merged 1/pituitary/Tr-pi_0713.jpg,/kaggle/input/datasets/sabersakin/brainmri/Datasest Merged 1/Datasest Merged 1/pituitary/p (795).jpg,0
/kaggle/input/datasets/sabersakin/brainmri/Datasest Merged 1/Datasest Merged 1/pituitary/2306.jpg,/kaggle/input/datasets/sabersakin/brainmri/Datasest Merged 1/Datasest Merged 1/pituitary/2307.jpg,4
/kaggle/input/datasets/sabersakin/brainmri/Datasest Merged 1/Datasest Merged 1/notumor/Te-no_0021.jpg,/kaggle/input/datasets/sabersakin/brainmri/Datasest Merged 1/Datasest Merged 1/notumor/image (2).jpg,0
/kaggle/input/datasets/sabersakin/brainmri/Datasest Merged 1/Datasest Merged 1/notumor/Te-no_0021.jpg,/kaggle/input/datasets/sabersakin/brainmri/Datasest Merged 1/Datasest Merged 1/notumor/image(24).jpg,0
/kaggle/input/datasets/sabersakin/brainmri/Datasest Merged 1/Datasest Merged 1/notumor/Te-no_0021.jpg,/kaggle/input/datasets/sabersakin/brainmri/Datasest Merged 1/Datasest Merged 1/notumor/image(70).jpg,0
/kaggle/input/datasets/sabersakin/brainmri/Datasest Merged 1/Datasest Merged 1/notumor/Te-no_0021.jpg,/kaggle/input/datasets/sabersakin/brainmri/Datasest Merged 1/Datasest Merged 1/notumor/Tr-no_0978.jpg,0
/kaggle/input/datasets/sabersakin/brainmri/Datasest Merged 1/Datasest Merged 1/notumor/Te-no_0021.jpg,/kaggle/input/datasets/sabersakin/brainmri/Datasest Merged 1/Datasest Merged 1/notumor/Tr-no_0335.jpg,0
/kaggle/input/datasets/sabersakin/brainmri/Datasest Merged 1/Datasest Merged 1/notumor/Te-no_0021.jpg,/kaggle/input/datasets/sabersakin/brainmri/Datasest Merged 1/Datasest Merged 1/notumor/Te-no_0072.jpg,0
/kaggle/input/datasets/sabersakin/brainmri/Datasest Merged 1/Datasest Merged 1/notumor/Tr-no_0394.jpg,/kaggle/input/datasets/sabersakin/brainmri/Datasest Merged 1/Datasest Merged 1/notumor/image (2).jpg,0
/kaggle/input/datasets/sabersakin/brainmri/Datasest Merged 1/Datasest Merged 1/notumor/Tr-no_0394.jpg,/kaggle/input/datasets/sabersakin/brainmri/Datasest Merged 1/Datasest Merged 1/notumor/image(24).jpg,0
/kaggle/input/datasets/sabersakin/brainmri/Datasest Merged 1/Datasest Merged 1/notumor/Tr-no_0394.jpg,/kaggle/input/datasets/sabersakin/brainmri/Datasest Merged 1/Datasest Merged 1/notumor/image(70).jpg,0
/kaggle/input/datasets/sabersakin/brainmri/Datasest Merged 1/Datasest Merged 1/notumor/Tr-no_0394.jpg,/kaggle/input/datasets/sabersakin/brainmri/Datasest Merged 1/Datasest Merged 1/notumor/Tr-no_0978.jpg,0
/kaggle/input/datasets/sabersakin/brainmri/Datasest Merged 1/Datasest Merged 1/notumor/Tr-no_0394.jpg,/kaggle/input/datasets/sabersakin/brainmri/Datasest Merged 1/Datasest Merged 1/notumor/Tr-no_0335.jpg,0
/kaggle/input/datasets/sabersakin/brainmri/Datasest Merged 1/Datasest Merged 1/notumor/Tr-no_0394.jpg,/kaggle/input/datasets/sabersakin/brainmri/Datasest Merged 1/Datasest Merged 1/notumor/Te-no_0072.jpg,0
/kaggle/input/datasets/sabersakin/brainmri/Datasest Merged 1/Datasest Merged 1/glioma/Te-glTr_0001.jpg,/kaggle/input/datasets/sabersakin/brainmri/Datasest Merged 1/Datasest Merged 1/glioma/gg (537).jpg,0
/kaggle/input/datasets/sabersakin/brainmri/Datasest Merged 1/Datasest Merged 1/notumor/image(134).jpg,/kaggle/input/datasets/sabersakin/brainmri/Datasest Merged 1/Datasest Merged 1/notumor/Tr-no_0107.jpg,0
/kaggle/input/datasets/sabersakin/brainmri/Datasest Merged 1/Datasest Merged 1/glioma/gg (635).jpg,/kaggle/input/datasets/sabersakin/brainmri/Datasest Merged 1/Datasest Merged 1/glioma/gg (634).jpg,4
/kaggle/input/datasets/sabersakin/brainmri/Datasest Merged 1/Datasest Merged 1/glioma/gg (635).jpg,/kaggle/input/datasets/sabersakin/brainmri/Datasest Merged 1/Datasest Merged 1/glioma/Tr-gl_0084.jpg,4
/kaggle/input/datasets/sabersakin/brainmri/Datasest Merged 1/Datasest Merged 1/pituitary/Tr-pi_0557.jpg,/kaggle/input/datasets/sabersakin/brainmri/Datasest Merged 1/Datasest Merged 1/pituitary/p (612).jpg,0
/kaggle/input/datasets/sabersakin/brainmri/Datasest Merged 1/Datasest Merged 1/pituitary/Tr-pi_0557.jpg,/kaggle/input/datasets/sabersakin/brainmri/Datasest Merged 1/Datasest Merged 1/pituitary/p (611).jpg,4
/kaggle/input/datasets/sabersakin/brainmri/Datasest Merged 1/Datasest Merged 1/pituitary/Tr-pi_0557.jpg,/kaggle/input/datasets/sabersakin/brainmri/Datasest Merged 1/Datasest Merged 1/pituitary/p (613).jpg,2
/kaggle/input/datasets/sabersakin/brainmri/Datasest Merged 1/Datasest Merged 1/pituitary/Tr-pi_0557.jpg,/kaggle/input/datasets/sabersakin/brainmri/Datasest Merged 1/Datasest Merged 1/pituitary/Te-pi_0013.jpg,2
/kaggle/input/datasets/sabersakin/brainmri/Datasest Merged 1/Datasest Merged 1/pituitary/Tr-pi_0557.jpg,/kaggle/input/datasets/sabersakin/brainmri/Datasest Merged 1/Datasest Merged 1/pituitary/Tr-pi_0556.jpg,4
/kaggle/input/datasets/sabersakin/brainmri/Datasest Merged 1/Datasest Merged 1/notumor/Te-no_0156.jpg,/kaggle/input/datasets/sabersakin/brainmri/Datasest Merged 1/Datasest Merged 1/notumor/Tr-no_1333.jpg,0
/kaggle/input/datasets/sabersakin/brainmri/Datasest Merged 1/Datasest Merged 1/notumor/Te-no_0156.jpg,/kaggle/input/datasets/sabersakin/brainmri/Datasest Merged 1/Datasest Merged 1/notumor/Tr-no_0857.jpg,0
/kaggle/input/datasets/sabersakin/brainmri/Datasest Merged 1/Datasest Merged 1/notumor/Te-no_0156.jpg,/kaggle/input/datasets/sabersakin/brainmri/Datasest Merged 1/Datasest Merged 1/notumor/Tr-no_0958.jpg,2
/kaggle/input/datasets/sabersakin/brainmri/Datasest Merged 1/Datasest Merged 1/meningioma/m1(24).jpg,/kaggle/input/datasets/sabersakin/brainmri/Datasest Merged 1/Datasest Merged 1/meningioma/Tr-me_0287.jpg,4
/kaggle/input/datasets/sabersakin/brainmri/Datasest Merged 1/Datasest Merged 1/meningioma/m1(24).jpg,/kaggle/input/datasets/sabersakin/brainmri/Datasest Merged 1/Datasest Merged 1/meningioma/m1(25).jpg,4
/kaggle/input/datasets/sabersakin/brainmri/Datasest Merged 1/Datasest Merged 1/meningioma/m1(24).jpg,/kaggle/input/datasets/sabersakin/brainmri/Datasest Merged 1/Datasest Merged 1/meningioma/m1(23).jpg,2
/kaggle/input/datasets/sabersakin/brainmri/Datasest Merged 1/Datasest Merged 1/meningioma/m1(24).jpg,/kaggle/input/datasets/sabersakin/brainmri/Datasest Merged 1/Datasest Merged 1/meningioma/Tr-me_0286.jpg,0
/kaggle/input/datasets/sabersakin/brainmri/Datasest Merged 1/Datasest Merged 1/meningioma/m1(24).jpg,/kaggle/input/datasets/sabersakin/brainmri/Datasest Merged 1/Datasest Merged 1/meningioma/Tr-me_0285.jpg,2
/kaggle/input/datasets/sabersakin/brainmri/Datasest Merged 1/Datasest Merged 1/notumor/Tr-no_1232.jpg,/kaggle/input/datasets/sabersakin/brainmri/Datasest Merged 1/Datasest Merged 1/notumor/Te-no_0176.jpg,2
/kaggle/input/datasets/sabersakin/brainmri/Datasest Merged 1/Datasest Merged 1/notumor/Tr-no_1232.jpg,/kaggle/input/datasets/sabersakin/brainmri/Datasest Merged 1/Datasest Merged 1/notumor/Tr-no_0586.jpg,0
/kaggle/input/datasets/sabersakin/brainmri/Datasest Merged 1/Datasest Merged 1/notumor/Tr-no_1232.jpg,/kaggle/input/datasets/sabersakin/brainmri/Datasest Merged 1/Datasest Merged 1/notumor/Te-no_0286.jpg,2
/kaggle/input/datasets/sabersakin/brainmri/Datasest Merged 1/Datasest Merged 1/notumor/Tr-no_1232.jpg,/kaggle/input/datasets/sabersakin/brainmri/Datasest Merged 1/Datasest Merged 1/notumor/Te-no_0356.jpg,0
/kaggle/input/datasets/sabersakin/brainmri/Datasest Merged 1/Datasest Merged 1/meningioma/m (38).jpg,/kaggle/input/datasets/sabersakin/brainmri/Datasest Merged 1/Datasest Merged 1/meningioma/Tr-me_0107.jpg,0
/kaggle/input/datasets/sabersakin/brainmri/Datasest Merged 1/Datasest Merged 1/meningioma/264.jpg,/kaggle/input/datasets/sabersakin/brainmri/Datasest Merged 1/Datasest Merged 1/meningioma/263.jpg,2
/kaggle/input/datasets/sabersakin/brainmri/Datasest Merged 1/Datasest Merged 1/pituitary/Tr-pi_1094.jpg,/kaggle/input/datasets/sabersakin/brainmri/Datasest Merged 1/Datasest Merged 1/pituitary/Te-pi_0180.jpg,2
/kaggle/input/datasets/sabersakin/brainmri/Datasest Merged 1/Datasest Merged 1/glioma/Te-gl_0296.jpg,/kaggle/input/datasets/sabersakin/brainmri/Datasest Merged 1/Datasest Merged 1/glioma/Tr-gl_0243.jpg,4
/kaggle/input/datasets/sabersakin/brainmri/Datasest Merged 1/Datasest Merged 1/notumor/image(304).jpg,/kaggle/input/datasets/sabersakin/brainmri/Datasest Merged 1/Datasest Merged 1/notumor/Tr-no_0083.jpg,0
/kaggle/input/datasets/sabersakin/brainmri/Datasest Merged 1/Datasest Merged 1/notumor/image(304).jpg,/kaggle/input/datasets/sabersakin/brainmri/Datasest Merged 1/Datasest Merged 1/notumor/image(112).jpg,0
/kaggle/input/datasets/sabersakin/brainmri/Datasest Merged 1/Datasest Merged 1/pituitary/Te-pi_0280.jpg,/kaggle/input/datasets/sabersakin/brainmri/Datasest Merged 1/Datasest Merged 1/pituitary/Tr-pi_1395.jpg,2
/kaggle/input/datasets/sabersakin/brainmri/Datasest Merged 1/Datasest Merged 1/pituitary/Te-pi_0280.jpg,/kaggle/input/datasets/sabersakin/brainmri/Datasest Merged 1/Datasest Merged 1/pituitary/Tr-pi_1400.jpg,4
/kaggle/input/datasets/sabersakin/brainmri/Datasest Merged 1/Datasest Merged 1/pituitary/Te-pi_0284.jpg,/kaggle/input/datasets/sabersakin/brainmri/Datasest Merged 1/Datasest Merged 1/pituitary/Tr-pi_1404.jpg,2
/kaggle/input/datasets/sabersakin/brainmri/Datasest Merged 1/Datasest Merged 1/pituitary/2722.jpg,/kaggle/input/datasets/sabersakin/brainmri/Datasest Merged 1/Datasest Merged 1/pituitary/2720.jpg,2
/kaggle/input/datasets/sabersakin/brainmri/Datasest Merged 1/Datasest Merged 1/pituitary/2722.jpg,/kaggle/input/datasets/sabersakin/brainmri/Datasest Merged 1/Datasest Merged 1/pituitary/2721.jpg,4
/kaggle/input/datasets/sabersakin/brainmri/Datasest Merged 1/Datasest Merged 1/notumor/image(22).jpg,/kaggle/input/datasets/sabersakin/brainmri/Datasest Merged 1/Datasest Merged 1/notumor/Tr-no_0325.jpg,0
/kaggle/input/datasets/sabersakin/brainmri/Datasest Merged 1/Datasest Merged 1/notumor/image(22).jpg,/kaggle/input/datasets/sabersakin/brainmri/Datasest Merged 1/Datasest Merged 1/notumor/Te-no_0073.jpg,0
/kaggle/input/datasets/sabersakin/brainmri/Datasest Merged 1/Datasest Merged 1/notumor/image(22).jpg,/kaggle/input/datasets/sabersakin/brainmri/Datasest Merged 1/Datasest Merged 1/notumor/Tr-no_1183.jpg,0
/kaggle/input/datasets/sabersakin/brainmri/Datasest Merged 1/Datasest Merged 1/notumor/image(22).jpg,/kaggle/input/datasets/sabersakin/brainmri/Datasest Merged 1/Datasest Merged 1/notumor/Tr-no_0064.jpg,0
/kaggle/input/datasets/sabersakin/brainmri/Datasest Merged 1/Datasest Merged 1/notumor/image(22).jpg,/kaggle/input/datasets/sabersakin/brainmri/Datasest Merged 1/Datasest Merged 1/notumor/image(71).jpg,0
/kaggle/input/datasets/sabersakin/brainmri/Datasest Merged 1/Datasest Merged 1/notumor/image(22).jpg,/kaggle/input/datasets/sabersakin/brainmri/Datasest Merged 1/Datasest Merged 1/notumor/image(61).jpg,0
/kaggle/input/datasets/sabersakin/brainmri/Datasest Merged 1/Datasest Merged 1/notumor/image(22).jpg,/kaggle/input/datasets/sabersakin/brainmri/Datasest Merged 1/Datasest Merged 1/notumor/image(372).jpg,0
/kaggle/input/datasets/sabersakin/brainmri/Datasest Merged 1/Datasest Merged 1/notumor/image(22).jpg,/kaggle/input/datasets/sabersakin/brainmri/Datasest Merged 1/Datasest Merged 1/notumor/image (63).jpg,0
/kaggle/input/datasets/sabersakin/brainmri/Datasest Merged 1/Datasest Merged 1/notumor/image(22).jpg,/kaggle/input/datasets/sabersakin/brainmri/Datasest Merged 1/Datasest Merged 1/notumor/Te-no_0062.jpg,0
/kaggle/input/datasets/sabersakin/brainmri/Datasest Merged 1/Datasest Merged 1/notumor/image(22).jpg,/kaggle/input/datasets/sabersakin/brainmri/Datasest Merged 1/Datasest Merged 1/notumor/Tr-no_0336.jpg,0
/kaggle/input/datasets/sabersakin/brainmri/Datasest Merged 1/Datasest Merged 1/notumor/image(22).jpg,/kaggle/input/datasets/sabersakin/brainmri/Datasest Merged 1/Datasest Merged 1/notumor/image(362).jpg,0
/kaggle/input/datasets/sabersakin/brainmri/Datasest Merged 1/Datasest Merged 1/notumor/image(22).jpg,/kaggle/input/datasets/sabersakin/brainmri/Datasest Merged 1/Datasest Merged 1/notumor/Te-no_0019.jpg,0
/kaggle/input/datasets/sabersakin/brainmri/Datasest Merged 1/Datasest Merged 1/pituitary/p (651).jpg,/kaggle/input/datasets/sabersakin/brainmri/Datasest Merged 1/Datasest Merged 1/pituitary/Tr-pi_0590.jpg,0
/kaggle/input/datasets/sabersakin/brainmri/Datasest Merged 1/Datasest Merged 1/meningioma/m2 (87).jpg,/kaggle/input/datasets/sabersakin/brainmri/Datasest Merged 1/Datasest Merged 1/meningioma/Tr-me_0531.jpg,0
/kaggle/input/datasets/sabersakin/brainmri/Datasest Merged 1/Datasest Merged 1/pituitary/Tr-pi_1418.jpg,/kaggle/input/datasets/sabersakin/brainmri/Datasest Merged 1/Datasest Merged 1/pituitary/Te-pi_0288.jpg,4
/kaggle/input/datasets/sabersakin/brainmri/Datasest Merged 1/Datasest Merged 1/notumor/Tr-no_0318.jpg,/kaggle/input/datasets/sabersakin/brainmri/Datasest Merged 1/Datasest Merged 1/notumor/Tr-no_1170.jpg,0
/kaggle/input/datasets/sabersakin/brainmri/Datasest Merged 1/Datasest Merged 1/notumor/Tr-no_0318.jpg,/kaggle/input/datasets/sabersakin/brainmri/Datasest Merged 1/Datasest Merged 1/notumor/image(324).jpg,0
/kaggle/input/datasets/sabersakin/brainmri/Datasest Merged 1/Datasest Merged 1/pituitary/Tr-pi_0158.jpg,/kaggle/input/datasets/sabersakin/brainmri/Datasest Merged 1/Datasest Merged 1/pituitary/p (114).jpg,4
/kaggle/input/datasets/sabersakin/brainmri/Datasest Merged 1/Datasest Merged 1/pituitary/Tr-pi_0158.jpg,/kaggle/input/datasets/sabersakin/brainmri/Datasest Merged 1/Datasest Merged 1/pituitary/p (242).jpg,4
/kaggle/input/datasets/sabersakin/brainmri/Datasest Merged 1/Datasest Merged 1/pituitary/Tr-pi_0158.jpg,/kaggle/input/datasets/sabersakin/brainmri/Datasest Merged 1/Datasest Merged 1/pituitary/Tr-pi_0159.jpg,4
/kaggle/input/datasets/sabersakin/brainmri/Datasest Merged 1/Datasest Merged 1/pituitary/Tr-pi_0158.jpg,/kaggle/input/datasets/sabersakin/brainmri/Datasest Merged 1/Datasest Merged 1/pituitary/Tr-pi_0017.jpg,4
/kaggle/input/datasets/sabersakin/brainmri/Datasest Merged 1/Datasest Merged 1/pituitary/Tr-pi_0158.jpg,/kaggle/input/datasets/sabersakin/brainmri/Datasest Merged 1/Datasest Merged 1/pituitary/p (243).jpg,4
/kaggle/input/datasets/sabersakin/brainmri/Datasest Merged 1/Datasest Merged 1/pituitary/Tr-pi_0158.jpg,/kaggle/input/datasets/sabersakin/brainmri/Datasest Merged 1/Datasest Merged 1/pituitary/Tr-pi_0160.jpg,4
/kaggle/input/datasets/sabersakin/brainmri/Datasest Merged 1/Datasest Merged 1/meningioma/Te-me_0063.jpg,/kaggle/input/datasets/sabersakin/brainmri/Datasest Merged 1/Datasest Merged 1/meningioma/image(53).jpg,0
/kaggle/input/datasets/sabersakin/brainmri/Datasest Merged 1/Datasest Merged 1/meningioma/Te-me_0063.jpg,/kaggle/input/datasets/sabersakin/brainmri/Datasest Merged 1/Datasest Merged 1/meningioma/Tr-me_0242.jpg,0
/kaggle/input/datasets/sabersakin/brainmri/Datasest Merged 1/Datasest Merged 1/meningioma/Te-me_0063.jpg,/kaggle/input/datasets/sabersakin/brainmri/Datasest Merged 1/Datasest Merged 1/meningioma/m1(163).jpg,0
/kaggle/input/datasets/sabersakin/brainmri/Datasest Merged 1/Datasest Merged 1/glioma/1275.jpg,/kaggle/input/datasets/sabersakin/brainmri/Datasest Merged 1/Datasest Merged 1/glioma/1680.jpg,4
/kaggle/input/datasets/sabersakin/brainmri/Datasest Merged 1/Datasest Merged 1/glioma/1275.jpg,/kaggle/input/datasets/sabersakin/brainmri/Datasest Merged 1/Datasest Merged 1/glioma/1679.jpg,4
/kaggle/input/datasets/sabersakin/brainmri/Datasest Merged 1/Datasest Merged 1/glioma/1275.jpg,/kaggle/input/datasets/sabersakin/brainmri/Datasest Merged 1/Datasest Merged 1/glioma/1273.jpg,4
/kaggle/input/datasets/sabersakin/brainmri/Datasest Merged 1/Datasest Merged 1/meningioma/Tr-me_0274.jpg,/kaggle/input/datasets/sabersakin/brainmri/Datasest Merged 1/Datasest Merged 1/meningioma/Te-me_0097.jpg,0
/kaggle/input/datasets/sabersakin/brainmri/Datasest Merged 1/Datasest Merged 1/meningioma/Tr-me_0274.jpg,/kaggle/input/datasets/sabersakin/brainmri/Datasest Merged 1/Datasest Merged 1/meningioma/m1(194).jpg,0
/kaggle/input/datasets/sabersakin/brainmri/Datasest Merged 1/Datasest Merged 1/notumor/image (25).jpg,/kaggle/input/datasets/sabersakin/brainmri/Datasest Merged 1/Datasest Merged 1/notumor/Tr-no_0023.jpg,0
/kaggle/input/datasets/sabersakin/brainmri/Datasest Merged 1/Datasest Merged 1/notumor/image (25).jpg,/kaggle/input/datasets/sabersakin/brainmri/Datasest Merged 1/Datasest Merged 1/notumor/Tr-no_0708.jpg,2
/kaggle/input/datasets/sabersakin/brainmri/Datasest Merged 1/Datasest Merged 1/notumor/image (25).jpg,/kaggle/input/datasets/sabersakin/brainmri/Datasest Merged 1/Datasest Merged 1/notumor/Tr-no_1463.jpg,0
/kaggle/input/datasets/sabersakin/brainmri/Datasest Merged 1/Datasest Merged 1/notumor/image (25).jpg,/kaggle/input/datasets/sabersakin/brainmri/Datasest Merged 1/Datasest Merged 1/notumor/Tr-no_1066.jpg,0
/kaggle/input/datasets/sabersakin/brainmri/Datasest Merged 1/Datasest Merged 1/pituitary/p (191).jpg,/kaggle/input/datasets/sabersakin/brainmri/Datasest Merged 1/Datasest Merged 1/pituitary/p (231).jpg,4
/kaggle/input/datasets/sabersakin/brainmri/Datasest Merged 1/Datasest Merged 1/pituitary/p (191).jpg,/kaggle/input/datasets/sabersakin/brainmri/Datasest Merged 1/Datasest Merged 1/pituitary/Tr-pi_0147.jpg,4
/kaggle/input/datasets/sabersakin/brainmri/Datasest Merged 1/Datasest Merged 1/notumor/Te-no_0235.jpg,/kaggle/input/datasets/sabersakin/brainmri/Datasest Merged 1/Datasest Merged 1/notumor/Tr-no_1467.jpg,2
/kaggle/input/datasets/sabersakin/brainmri/Datasest Merged 1/Datasest Merged 1/notumor/Te-no_0235.jpg,/kaggle/input/datasets/sabersakin/brainmri/Datasest Merged 1/Datasest Merged 1/notumor/Te-no_0184.jpg,2
/kaggle/input/datasets/sabersakin/brainmri/Datasest Merged 1/Datasest Merged 1/notumor/6.jpg,/kaggle/input/datasets/sabersakin/brainmri/Datasest Merged 1/Datasest Merged 1/notumor/Tr-no_1003.jpg,0
/kaggle/input/datasets/sabersakin/brainmri/Datasest Merged 1/Datasest Merged 1/notumor/6.jpg,/kaggle/input/datasets/sabersakin/brainmri/Datasest Merged 1/Datasest Merged 1/notumor/Tr-no_0183.jpg,0
/kaggle/input/datasets/sabersakin/brainmri/Datasest Merged 1/Datasest Merged 1/notumor/6.jpg,/kaggle/input/datasets/sabersakin/brainmri/Datasest Merged 1/Datasest Merged 1/notumor/Tr-no_1009.jpg,0
/kaggle/input/datasets/sabersakin/brainmri/Datasest Merged 1/Datasest Merged 1/notumor/6.jpg,/kaggle/input/datasets/sabersakin/brainmri/Datasest Merged 1/Datasest Merged 1/notumor/Tr-no_0706.jpg,0
/kaggle/input/datasets/sabersakin/brainmri/Datasest Merged 1/Datasest Merged 1/notumor/6.jpg,/kaggle/input/datasets/sabersakin/brainmri/Datasest Merged 1/Datasest Merged 1/notumor/Tr-no_1177.jpg,0
/kaggle/input/datasets/sabersakin/brainmri/Datasest Merged 1/Datasest Merged 1/notumor/6.jpg,/kaggle/input/datasets/sabersakin/brainmri/Datasest Merged 1/Datasest Merged 1/notumor/Tr-no_0973.jpg,0
/kaggle/input/datasets/sabersakin/brainmri/Datasest Merged 1/Datasest Merged 1/notumor/6.jpg,/kaggle/input/datasets/sabersakin/brainmri/Datasest Merged 1/Datasest Merged 1/notumor/Tr-no_0746.jpg,2
/kaggle/input/datasets/sabersakin/brainmri/Datasest Merged 1/Datasest Merged 1/notumor/6.jpg,/kaggle/input/datasets/sabersakin/brainmri/Datasest Merged 1/Datasest Merged 1/notumor/image (31).jpg,0
/kaggle/input/datasets/sabersakin/brainmri/Datasest Merged 1/Datasest Merged 1/notumor/6.jpg,/kaggle/input/datasets/sabersakin/brainmri/Datasest Merged 1/Datasest Merged 1/notumor/Tr-no_0902.jpg,2
/kaggle/input/datasets/sabersakin/brainmri/Datasest Merged 1/Datasest Merged 1/notumor/6.jpg,/kaggle/input/datasets/sabersakin/brainmri/Datasest Merged 1/Datasest Merged 1/notumor/Tr-no_0572.jpg,0
/kaggle/input/datasets/sabersakin/brainmri/Datasest Merged 1/Datasest Merged 1/notumor/6.jpg,/kaggle/input/datasets/sabersakin/brainmri/Datasest Merged 1/Datasest Merged 1/notumor/Tr-no_1188.jpg,0
/kaggle/input/datasets/sabersakin/brainmri/Datasest Merged 1/Datasest Merged 1/notumor/6.jpg,/kaggle/input/datasets/sabersakin/brainmri/Datasest Merged 1/Datasest Merged 1/notumor/Tr-no_0029.jpg,0
/kaggle/input/datasets/sabersakin/brainmri/Datasest Merged 1/Datasest Merged 1/notumor/6.jpg,/kaggle/input/datasets/sabersakin/brainmri/Datasest Merged 1/Datasest Merged 1/notumor/Tr-noTr_0005.jpg,0
/kaggle/input/datasets/sabersakin/brainmri/Datasest Merged 1/Datasest Merged 1/pituitary/image(51).jpg,/kaggle/input/datasets/sabersakin/brainmri/Datasest Merged 1/Datasest Merged 1/pituitary/image(38).jpg,0
/kaggle/input/datasets/sabersakin/brainmri/Datasest Merged 1/Datasest Merged 1/meningioma/Tr-me_0672.jpg,/kaggle/input/datasets/sabersakin/brainmri/Datasest Merged 1/Datasest Merged 1/meningioma/m3 (214).jpg,0
/kaggle/input/datasets/sabersakin/brainmri/Datasest Merged 1/Datasest Merged 1/notumor/image(226).jpg,/kaggle/input/datasets/sabersakin/brainmri/Datasest Merged 1/Datasest Merged 1/notumor/Tr-no_0209.jpg,0
/kaggle/input/datasets/sabersakin/brainmri/Datasest Merged 1/Datasest Merged 1/meningioma/Tr-me_0473.jpg,/kaggle/input/datasets/sabersakin/brainmri/Datasest Merged 1/Datasest Merged 1/meningioma/m2 (33).jpg,4
/kaggle/input/datasets/sabersakin/brainmri/Datasest Merged 1/Datasest Merged 1/meningioma/Tr-me_0473.jpg,/kaggle/input/datasets/sabersakin/brainmri/Datasest Merged 1/Datasest Merged 1/meningioma/m2 (34).jpg,0
/kaggle/input/datasets/sabersakin/brainmri/Datasest Merged 1/Datasest Merged 1/meningioma/Tr-me_0473.jpg,/kaggle/input/datasets/sabersakin/brainmri/Datasest Merged 1/Datasest Merged 1/meningioma/Tr-me_0472.jpg,4
/kaggle/input/datasets/sabersakin/brainmri/Datasest Merged 1/Datasest Merged 1/pituitary/p (689).jpg,/kaggle/input/datasets/sabersakin/brainmri/Datasest Merged 1/Datasest Merged 1/pituitary/Te-pi_0032.jpg,0
/kaggle/input/datasets/sabersakin/brainmri/Datasest Merged 1/Datasest Merged 1/pituitary/p (532).jpg,/kaggle/input/datasets/sabersakin/brainmri/Datasest Merged 1/Datasest Merged 1/pituitary/Tr-pi_0481.jpg,0
/kaggle/input/datasets/sabersakin/brainmri/Datasest Merged 1/Datasest Merged 1/meningioma/m3 (33).jpg,/kaggle/input/datasets/sabersakin/brainmri/Datasest Merged 1/Datasest Merged 1/meningioma/Tr-me_0718.jpg,0
/kaggle/input/datasets/sabersakin/brainmri/Datasest Merged 1/Datasest Merged 1/glioma/Tr-gl_0149.jpg,/kaggle/input/datasets/sabersakin/brainmri/Datasest Merged 1/Datasest Merged 1/glioma/Tr-gl_0150.jpg,2
/kaggle/input/datasets/sabersakin/brainmri/Datasest Merged 1/Datasest Merged 1/pituitary/p (435).jpg,/kaggle/input/datasets/sabersakin/brainmri/Datasest Merged 1/Datasest Merged 1/pituitary/Tr-pi_0373.jpg,0
/kaggle/input/datasets/sabersakin/brainmri/Datasest Merged 1/Datasest Merged 1/glioma/Te-gl_0055.jpg,/kaggle/input/datasets/sabersakin/brainmri/Datasest Merged 1/Datasest Merged 1/glioma/gg (751).jpg,4
/kaggle/input/datasets/sabersakin/brainmri/Datasest Merged 1/Datasest Merged 1/glioma/Te-gl_0055.jpg,/kaggle/input/datasets/sabersakin/brainmri/Datasest Merged 1/Datasest Merged 1/notumor/Te-no_0096.jpg,4
/kaggle/input/datasets/sabersakin/brainmri/Datasest Merged 1/Datasest Merged 1/glioma/Te-gl_0055.jpg,/kaggle/input/datasets/sabersakin/brainmri/Datasest Merged 1/Datasest Merged 1/glioma/gg (753).jpg,0
/kaggle/input/datasets/sabersakin/brainmri/Datasest Merged 1/Datasest Merged 1/glioma/Te-gl_0055.jpg,/kaggle/input/datasets/sabersakin/brainmri/Datasest Merged 1/Datasest Merged 1/notumor/Tr-no_0359.jpg,4
/kaggle/input/datasets/sabersakin/brainmri/Datasest Merged 1/Datasest Merged 1/glioma/Te-gl_0055.jpg,/kaggle/input/datasets/sabersakin/brainmri/Datasest Merged 1/Datasest Merged 1/glioma/gg (752).jpg,4
/kaggle/input/datasets/sabersakin/brainmri/Datasest Merged 1/Datasest Merged 1/glioma/gg (724).jpg,/kaggle/input/datasets/sabersakin/brainmri/Datasest Merged 1/Datasest Merged 1/glioma/Tr-gl_0101.jpg,0
/kaggle/input/datasets/sabersakin/brainmri/Datasest Merged 1/Datasest Merged 1/glioma/965.jpg,/kaggle/input/datasets/sabersakin/brainmri/Datasest Merged 1/Datasest Merged 1/glioma/963.jpg,4
/kaggle/input/datasets/sabersakin/brainmri/Datasest Merged 1/Datasest Merged 1/pituitary/p (379).jpg,/kaggle/input/datasets/sabersakin/brainmri/Datasest Merged 1/Datasest Merged 1/pituitary/Tr-pi_0312.jpg,4
/kaggle/input/datasets/sabersakin/brainmri/Datasest Merged 1/Datasest Merged 1/pituitary/p (379).jpg,/kaggle/input/datasets/sabersakin/brainmri/Datasest Merged 1/Datasest Merged 1/pituitary/p (380).jpg,4
/kaggle/input/datasets/sabersakin/brainmri/Datasest Merged 1/Datasest Merged 1/pituitary/p (379).jpg,/kaggle/input/datasets/sabersakin/brainmri/Datasest Merged 1/Datasest Merged 1/pituitary/Tr-pi_0310.jpg,0
/kaggle/input/datasets/sabersakin/brainmri/Datasest Merged 1/Datasest Merged 1/notumor/Tr-no_0805.jpg,/kaggle/input/datasets/sabersakin/brainmri/Datasest Merged 1/Datasest Merged 1/notumor/Tr-no_1195.jpg,4
/kaggle/input/datasets/sabersakin/brainmri/Datasest Merged 1/Datasest Merged 1/notumor/Tr-no_0805.jpg,/kaggle/input/datasets/sabersakin/brainmri/Datasest Merged 1/Datasest Merged 1/notumor/Tr-no_1260.jpg,2
/kaggle/input/datasets/sabersakin/brainmri/Datasest Merged 1/Datasest Merged 1/notumor/Tr-no_0805.jpg,/kaggle/input/datasets/sabersakin/brainmri/Datasest Merged 1/Datasest Merged 1/notumor/Tr-no_1018.jpg,4
/kaggle/input/datasets/sabersakin/brainmri/Datasest Merged 1/Datasest Merged 1/notumor/Tr-no_0805.jpg,/kaggle/input/datasets/sabersakin/brainmri/Datasest Merged 1/Datasest Merged 1/notumor/Tr-no_0578.jpg,4
/kaggle/input/datasets/sabersakin/brainmri/Datasest Merged 1/Datasest Merged 1/glioma/Te-gl_0056.jpg,/kaggle/input/datasets/sabersakin/brainmri/Datasest Merged 1/Datasest Merged 1/glioma/gg (757).jpg,0
/kaggle/input/datasets/sabersakin/brainmri/Datasest Merged 1/Datasest Merged 1/glioma/Te-gl_0056.jpg,/kaggle/input/datasets/sabersakin/brainmri/Datasest Merged 1/Datasest Merged 1/glioma/gg (758).jpg,4
/kaggle/input/datasets/sabersakin/brainmri/Datasest Merged 1/Datasest Merged 1/notumor/Tr-no_0740.jpg,/kaggle/input/datasets/sabersakin/brainmri/Datasest Merged 1/Datasest Merged 1/notumor/Tr-no_0793.jpg,4
/kaggle/input/datasets/sabersakin/brainmri/Datasest Merged 1/Datasest Merged 1/notumor/Tr-no_0740.jpg,/kaggle/input/datasets/sabersakin/brainmri/Datasest Merged 1/Datasest Merged 1/notumor/Tr-no_1250.jpg,4
/kaggle/input/datasets/sabersakin/brainmri/Datasest Merged 1/Datasest Merged 1/pituitary/p (393).jpg,/kaggle/input/datasets/sabersakin/brainmri/Datasest Merged 1/Datasest Merged 1/pituitary/Tr-pi_0325.jpg,4
/kaggle/input/datasets/sabersakin/brainmri/Datasest Merged 1/Datasest Merged 1/pituitary/p (393).jpg,/kaggle/input/datasets/sabersakin/brainmri/Datasest Merged 1/Datasest Merged 1/pituitary/Tr-pi_0327.jpg,4
/kaggle/input/datasets/sabersakin/brainmri/Datasest Merged 1/Datasest Merged 1/pituitary/p (393).jpg,/kaggle/input/datasets/sabersakin/brainmri/Datasest Merged 1/Datasest Merged 1/pituitary/p (394).jpg,4
/kaggle/input/datasets/sabersakin/brainmri/Datasest Merged 1/Datasest Merged 1/pituitary/p (393).jpg,/kaggle/input/datasets/sabersakin/brainmri/Datasest Merged 1/Datasest Merged 1/pituitary/Tr-pi_0326.jpg,0
/kaggle/input/datasets/sabersakin/brainmri/Datasest Merged 1/Datasest Merged 1/meningioma/Tr-me_0020.jpg,/kaggle/input/datasets/sabersakin/brainmri/Datasest Merged 1/Datasest Merged 1/meningioma/m (123).jpg,0
/kaggle/input/datasets/sabersakin/brainmri/Datasest Merged 1/Datasest Merged 1/pituitary/p (660).jpg,/kaggle/input/datasets/sabersakin/brainmri/Datasest Merged 1/Datasest Merged 1/pituitary/Tr-pi_0598.jpg,0
/kaggle/input/datasets/sabersakin/brainmri/Datasest Merged 1/Datasest Merged 1/pituitary/p (223).jpg,/kaggle/input/datasets/sabersakin/brainmri/Datasest Merged 1/Datasest Merged 1/pituitary/Tr-pi_0138.jpg,0
/kaggle/input/datasets/sabersakin/brainmri/Datasest Merged 1/Datasest Merged 1/pituitary/p (223).jpg,/kaggle/input/datasets/sabersakin/brainmri/Datasest Merged 1/Datasest Merged 1/pituitary/p (224).jpg,4
/kaggle/input/datasets/sabersakin/brainmri/Datasest Merged 1/Datasest Merged 1/meningioma/Tr-me_0252.jpg,/kaggle/input/datasets/sabersakin/brainmri/Datasest Merged 1/Datasest Merged 1/meningioma/image(63).jpg,0
/kaggle/input/datasets/sabersakin/brainmri/Datasest Merged 1/Datasest Merged 1/meningioma/Tr-me_0252.jpg,/kaggle/input/datasets/sabersakin/brainmri/Datasest Merged 1/Datasest Merged 1/meningioma/Te-me_0074.jpg,0
/kaggle/input/datasets/sabersakin/brainmri/Datasest Merged 1/Datasest Merged 1/meningioma/Tr-me_0252.jpg,/kaggle/input/datasets/sabersakin/brainmri/Datasest Merged 1/Datasest Merged 1/meningioma/m1(173).jpg,0
/kaggle/input/datasets/sabersakin/brainmri/Datasest Merged 1/Datasest Merged 1/notumor/image(170).jpg,/kaggle/input/datasets/sabersakin/brainmri/Datasest Merged 1/Datasest Merged 1/notumor/Tr-no_0147.jpg,0
/kaggle/input/datasets/sabersakin/brainmri/Datasest Merged 1/Datasest Merged 1/pituitary/Tr-pi_0616.jpg,/kaggle/input/datasets/sabersakin/brainmri/Datasest Merged 1/Datasest Merged 1/pituitary/p (682).jpg,0
/kaggle/input/datasets/sabersakin/brainmri/Datasest Merged 1/Datasest Merged 1/notumor/Tr-no_0483.jpg,/kaggle/input/datasets/sabersakin/brainmri/Datasest Merged 1/Datasest Merged 1/notumor/Tr-no_0415.jpg,0
/kaggle/input/datasets/sabersakin/brainmri/Datasest Merged 1/Datasest Merged 1/notumor/Tr-no_0483.jpg,/kaggle/input/datasets/sabersakin/brainmri/Datasest Merged 1/Datasest Merged 1/notumor/Tr-no_0014.jpg,0
/kaggle/input/datasets/sabersakin/brainmri/Datasest Merged 1/Datasest Merged 1/notumor/Tr-no_0483.jpg,/kaggle/input/datasets/sabersakin/brainmri/Datasest Merged 1/Datasest Merged 1/notumor/Tr-no_0963.jpg,2
/kaggle/input/datasets/sabersakin/brainmri/Datasest Merged 1/Datasest Merged 1/notumor/Tr-no_0483.jpg,/kaggle/input/datasets/sabersakin/brainmri/Datasest Merged 1/Datasest Merged 1/notumor/Tr-no_0775.jpg,2
/kaggle/input/datasets/sabersakin/brainmri/Datasest Merged 1/Datasest Merged 1/notumor/Tr-no_0483.jpg,/kaggle/input/datasets/sabersakin/brainmri/Datasest Merged 1/Datasest Merged 1/notumor/Tr-no_1040.jpg,0
/kaggle/input/datasets/sabersakin/brainmri/Datasest Merged 1/Datasest Merged 1/notumor/Tr-no_0483.jpg,/kaggle/input/datasets/sabersakin/brainmri/Datasest Merged 1/Datasest Merged 1/notumor/Tr-no_1130.jpg,0
/kaggle/input/datasets/sabersakin/brainmri/Datasest Merged 1/Datasest Merged 1/notumor/Tr-no_0483.jpg,/kaggle/input/datasets/sabersakin/brainmri/Datasest Merged 1/Datasest Merged 1/notumor/Tr-no_0229.jpg,0
/kaggle/input/datasets/sabersakin/brainmri/Datasest Merged 1/Datasest Merged 1/notumor/Tr-no_0483.jpg,/kaggle/input/datasets/sabersakin/brainmri/Datasest Merged 1/Datasest Merged 1/notumor/Tr-no_0013.jpg,0
/kaggle/input/datasets/sabersakin/brainmri/Datasest Merged 1/Datasest Merged 1/notumor/Tr-no_0483.jpg,/kaggle/input/datasets/sabersakin/brainmri/Datasest Merged 1/Datasest Merged 1/notumor/Tr-no_1454.jpg,2
/kaggle/input/datasets/sabersakin/brainmri/Datasest Merged 1/Datasest Merged 1/notumor/Tr-no_0483.jpg,/kaggle/input/datasets/sabersakin/brainmri/Datasest Merged 1/Datasest Merged 1/notumor/image (16).jpg,0
/kaggle/input/datasets/sabersakin/brainmri/Datasest Merged 1/Datasest Merged 1/notumor/Tr-no_0483.jpg,/kaggle/input/datasets/sabersakin/brainmri/Datasest Merged 1/Datasest Merged 1/notumor/Te-no_0203.jpg,0
/kaggle/input/datasets/sabersakin/brainmri/Datasest Merged 1/Datasest Merged 1/notumor/Tr-no_0483.jpg,/kaggle/input/datasets/sabersakin/brainmri/Datasest Merged 1/Datasest Merged 1/notumor/Te-no_0213.jpg,0
/kaggle/input/datasets/sabersakin/brainmri/Datasest Merged 1/Datasest Merged 1/notumor/Tr-no_0483.jpg,/kaggle/input/datasets/sabersakin/brainmri/Datasest Merged 1/Datasest Merged 1/notumor/Te-no_0163.jpg,0
/kaggle/input/datasets/sabersakin/brainmri/Datasest Merged 1/Datasest Merged 1/notumor/Tr-no_0483.jpg,/kaggle/input/datasets/sabersakin/brainmri/Datasest Merged 1/Datasest Merged 1/notumor/Tr-no_0710.jpg,2
/kaggle/input/datasets/sabersakin/brainmri/Datasest Merged 1/Datasest Merged 1/notumor/Tr-no_0483.jpg,/kaggle/input/datasets/sabersakin/brainmri/Datasest Merged 1/Datasest Merged 1/notumor/image(213).jpg,0
/kaggle/input/datasets/sabersakin/brainmri/Datasest Merged 1/Datasest Merged 1/notumor/Tr-no_0483.jpg,/kaggle/input/datasets/sabersakin/brainmri/Datasest Merged 1/Datasest Merged 1/notumor/image (15).jpg,0
/kaggle/input/datasets/sabersakin/brainmri/Datasest Merged 1/Datasest Merged 1/notumor/Tr-no_0483.jpg,/kaggle/input/datasets/sabersakin/brainmri/Datasest Merged 1/Datasest Merged 1/notumor/Tr-no_1236.jpg,2
/kaggle/input/datasets/sabersakin/brainmri/Datasest Merged 1/Datasest Merged 1/notumor/Tr-no_0483.jpg,/kaggle/input/datasets/sabersakin/brainmri/Datasest Merged 1/Datasest Merged 1/notumor/Tr-no_1331.jpg,0
/kaggle/input/datasets/sabersakin/brainmri/Datasest Merged 1/Datasest Merged 1/notumor/Tr-no_0483.jpg,/kaggle/input/datasets/sabersakin/brainmri/Datasest Merged 1/Datasest Merged 1/notumor/Tr-no_1031.jpg,0
/kaggle/input/datasets/sabersakin/brainmri/Datasest Merged 1/Datasest Merged 1/notumor/Tr-no_0483.jpg,/kaggle/input/datasets/sabersakin/brainmri/Datasest Merged 1/Datasest Merged 1/notumor/Te-no_0269.jpg,0
/kaggle/input/datasets/sabersakin/brainmri/Datasest Merged 1/Datasest Merged 1/notumor/Tr-no_0483.jpg,/kaggle/input/datasets/sabersakin/brainmri/Datasest Merged 1/Datasest Merged 1/notumor/image(244).jpg,0
/kaggle/input/datasets/sabersakin/brainmri/Datasest Merged 1/Datasest Merged 1/notumor/Tr-no_0483.jpg,/kaggle/input/datasets/sabersakin/brainmri/Datasest Merged 1/Datasest Merged 1/notumor/Tr-no_1225.jpg,0
/kaggle/input/datasets/sabersakin/brainmri/Datasest Merged 1/Datasest Merged 1/notumor/Tr-no_0483.jpg,/kaggle/input/datasets/sabersakin/brainmri/Datasest Merged 1/Datasest Merged 1/notumor/Te-no_0363.jpg,0
/kaggle/input/datasets/sabersakin/brainmri/Datasest Merged 1/Datasest Merged 1/glioma/gg (245).jpg,/kaggle/input/datasets/sabersakin/brainmri/Datasest Merged 1/Datasest Merged 1/glioma/gg (244).jpg,4
/kaggle/input/datasets/sabersakin/brainmri/Datasest Merged 1/Datasest Merged 1/notumor/Tr-no_1110.jpg,/kaggle/input/datasets/sabersakin/brainmri/Datasest Merged 1/Datasest Merged 1/notumor/Te-no_0042.jpg,0
/kaggle/input/datasets/sabersakin/brainmri/Datasest Merged 1/Datasest Merged 1/notumor/Tr-no_1110.jpg,/kaggle/input/datasets/sabersakin/brainmri/Datasest Merged 1/Datasest Merged 1/notumor/image(43).jpg,0
/kaggle/input/datasets/sabersakin/brainmri/Datasest Merged 1/Datasest Merged 1/notumor/Tr-no_1110.jpg,/kaggle/input/datasets/sabersakin/brainmri/Datasest Merged 1/Datasest Merged 1/notumor/Tr-no_0157.jpg,0
/kaggle/input/datasets/sabersakin/brainmri/Datasest Merged 1/Datasest Merged 1/glioma/gg (779).jpg,/kaggle/input/datasets/sabersakin/brainmri/Datasest Merged 1/Datasest Merged 1/glioma/gg (780).jpg,2
/kaggle/input/datasets/sabersakin/brainmri/Datasest Merged 1/Datasest Merged 1/pituitary/Tr-pi_0287.jpg,/kaggle/input/datasets/sabersakin/brainmri/Datasest Merged 1/Datasest Merged 1/pituitary/p (358).jpg,0
/kaggle/input/datasets/sabersakin/brainmri/Datasest Merged 1/Datasest Merged 1/pituitary/Tr-pi_0287.jpg,/kaggle/input/datasets/sabersakin/brainmri/Datasest Merged 1/Datasest Merged 1/pituitary/Tr-pi_0286.jpg,4
/kaggle/input/datasets/sabersakin/brainmri/Datasest Merged 1/Datasest Merged 1/pituitary/Tr-pi_0287.jpg,/kaggle/input/datasets/sabersakin/brainmri/Datasest Merged 1/Datasest Merged 1/pituitary/p (357).jpg,4
/kaggle/input/datasets/sabersakin/brainmri/Datasest Merged 1/Datasest Merged 1/notumor/Tr-no_0962.jpg,/kaggle/input/datasets/sabersakin/brainmri/Datasest Merged 1/Datasest Merged 1/notumor/image(209).jpg,0
/kaggle/input/datasets/sabersakin/brainmri/Datasest Merged 1/Datasest Merged 1/notumor/Tr-no_0962.jpg,/kaggle/input/datasets/sabersakin/brainmri/Datasest Merged 1/Datasest Merged 1/notumor/Tr-no_0190.jpg,0
/kaggle/input/datasets/sabersakin/brainmri/Datasest Merged 1/Datasest Merged 1/pituitary/Te-pi_0109.jpg,/kaggle/input/datasets/sabersakin/brainmri/Datasest Merged 1/Datasest Merged 1/pituitary/Tr-pi_1316.jpg,4
/kaggle/input/datasets/sabersakin/brainmri/Datasest Merged 1/Datasest Merged 1/pituitary/2587.jpg,/kaggle/input/datasets/sabersakin/brainmri/Datasest Merged 1/Datasest Merged 1/pituitary/2588.jpg,4
/kaggle/input/datasets/sabersakin/brainmri/Datasest Merged 1/Datasest Merged 1/pituitary/p (227).jpg,/kaggle/input/datasets/sabersakin/brainmri/Datasest Merged 1/Datasest Merged 1/pituitary/Tr-pi_0142.jpg,0
/kaggle/input/datasets/sabersakin/brainmri/Datasest Merged 1/Datasest Merged 1/glioma/Te-gl_0051.jpg,/kaggle/input/datasets/sabersakin/brainmri/Datasest Merged 1/Datasest Merged 1/glioma/gg (738).jpg,4
/kaggle/input/datasets/sabersakin/brainmri/Datasest Merged 1/Datasest Merged 1/notumor/Te-no_0358.jpg,/kaggle/input/datasets/sabersakin/brainmri/Datasest Merged 1/Datasest Merged 1/notumor/Tr-no_0463.jpg,0
/kaggle/input/datasets/sabersakin/brainmri/Datasest Merged 1/Datasest Merged 1/notumor/Te-no_0358.jpg,/kaggle/input/datasets/sabersakin/brainmri/Datasest Merged 1/Datasest Merged 1/notumor/Te-no_0233.jpg,0
/kaggle/input/datasets/sabersakin/brainmri/Datasest Merged 1/Datasest Merged 1/notumor/Tr-no_0629.jpg,/kaggle/input/datasets/sabersakin/brainmri/Datasest Merged 1/Datasest Merged 1/notumor/Tr-no_1584.jpg,4
/kaggle/input/datasets/sabersakin/brainmri/Datasest Merged 1/Datasest Merged 1/notumor/Tr-no_0629.jpg,/kaggle/input/datasets/sabersakin/brainmri/Datasest Merged 1/Datasest Merged 1/notumor/Tr-no_1268.jpg,0
/kaggle/input/datasets/sabersakin/brainmri/Datasest Merged 1/Datasest Merged 1/notumor/Tr-no_0629.jpg,/kaggle/input/datasets/sabersakin/brainmri/Datasest Merged 1/Datasest Merged 1/notumor/Tr-no_1358.jpg,4
/kaggle/input/datasets/sabersakin/brainmri/Datasest Merged 1/Datasest Merged 1/meningioma/m1(10).jpg,/kaggle/input/datasets/sabersakin/brainmri/Datasest Merged 1/Datasest Merged 1/meningioma/image(100).jpg,0
/kaggle/input/datasets/sabersakin/brainmri/Datasest Merged 1/Datasest Merged 1/meningioma/m1(10).jpg,/kaggle/input/datasets/sabersakin/brainmri/Datasest Merged 1/Datasest Merged 1/meningioma/Te-meTr_0002.jpg,0
/kaggle/input/datasets/sabersakin/brainmri/Datasest Merged 1/Datasest Merged 1/meningioma/m1(10).jpg,/kaggle/input/datasets/sabersakin/brainmri/Datasest Merged 1/Datasest Merged 1/meningioma/Te-me_0140.jpg,0
/kaggle/input/datasets/sabersakin/brainmri/Datasest Merged 1/Datasest Merged 1/meningioma/Tr-me_0195.jpg,/kaggle/input/datasets/sabersakin/brainmri/Datasest Merged 1/Datasest Merged 1/meningioma/Te-meTr_0003.jpg,0
/kaggle/input/datasets/sabersakin/brainmri/Datasest Merged 1/Datasest Merged 1/meningioma/Tr-me_0195.jpg,/kaggle/input/datasets/sabersakin/brainmri/Datasest Merged 1/Datasest Merged 1/meningioma/image(102).jpg,0
/kaggle/input/datasets/sabersakin/brainmri/Datasest Merged 1/Datasest Merged 1/pituitary/p (565).jpg,/kaggle/input/datasets/sabersakin/brainmri/Datasest Merged 1/Datasest Merged 1/pituitary/Tr-pi_0517.jpg,0
/kaggle/input/datasets/sabersakin/brainmri/Datasest Merged 1/Datasest Merged 1/pituitary/p (565).jpg,/kaggle/input/datasets/sabersakin/brainmri/Datasest Merged 1/Datasest Merged 1/pituitary/Te-piTr_0001.jpg,0
/kaggle/input/datasets/sabersakin/brainmri/Datasest Merged 1/Datasest Merged 1/pituitary/p (565).jpg,/kaggle/input/datasets/sabersakin/brainmri/Datasest Merged 1/Datasest Merged 1/pituitary/p (568).jpg,0
/kaggle/input/datasets/sabersakin/brainmri/Datasest Merged 1/Datasest Merged 1/pituitary/p (565).jpg,/kaggle/input/datasets/sabersakin/brainmri/Datasest Merged 1/Datasest Merged 1/pituitary/p (567).jpg,0
/kaggle/input/datasets/sabersakin/brainmri/Datasest Merged 1/Datasest Merged 1/pituitary/p (565).jpg,/kaggle/input/datasets/sabersakin/brainmri/Datasest Merged 1/Datasest Merged 1/pituitary/p (566).jpg,0
/kaggle/input/datasets/sabersakin/brainmri/Datasest Merged 1/Datasest Merged 1/meningioma/468.jpg,/kaggle/input/datasets/sabersakin/brainmri/Datasest Merged 1/Datasest Merged 1/meningioma/466.jpg,4
/kaggle/input/datasets/sabersakin/brainmri/Datasest Merged 1/Datasest Merged 1/meningioma/Tr-me_0042.jpg,/kaggle/input/datasets/sabersakin/brainmri/Datasest Merged 1/Datasest Merged 1/meningioma/m (149).jpg,0
/kaggle/input/datasets/sabersakin/brainmri/Datasest Merged 1/Datasest Merged 1/meningioma/Tr-me_0042.jpg,/kaggle/input/datasets/sabersakin/brainmri/Datasest Merged 1/Datasest Merged 1/meningioma/Te-me_0127.jpg,2
/kaggle/input/datasets/sabersakin/brainmri/Datasest Merged 1/Datasest Merged 1/meningioma/Tr-me_0042.jpg,/kaggle/input/datasets/sabersakin/brainmri/Datasest Merged 1/Datasest Merged 1/meningioma/m (151).jpg,4
/kaggle/input/datasets/sabersakin/brainmri/Datasest Merged 1/Datasest Merged 1/glioma/Te-gl_0033.jpg,/kaggle/input/datasets/sabersakin/brainmri/Datasest Merged 1/Datasest Merged 1/glioma/gg (665).jpg,0
/kaggle/input/datasets/sabersakin/brainmri/Datasest Merged 1/Datasest Merged 1/glioma/Te-gl_0033.jpg,/kaggle/input/datasets/sabersakin/brainmri/Datasest Merged 1/Datasest Merged 1/glioma/gg (666).jpg,2
/kaggle/input/datasets/sabersakin/brainmri/Datasest Merged 1/Datasest Merged 1/glioma/Te-gl_0033.jpg,/kaggle/input/datasets/sabersakin/brainmri/Datasest Merged 1/Datasest Merged 1/glioma/Tr-gl_0090.jpg,2
/kaggle/input/datasets/sabersakin/brainmri/Datasest Merged 1/Datasest Merged 1/meningioma/Tr-me_0960.jpg,/kaggle/input/datasets/sabersakin/brainmri/Datasest Merged 1/Datasest Merged 1/meningioma/Tr-me_0985.jpg,4
/kaggle/input/datasets/sabersakin/brainmri/Datasest Merged 1/Datasest Merged 1/pituitary/Te-pi_0054.jpg,/kaggle/input/datasets/sabersakin/brainmri/Datasest Merged 1/Datasest Merged 1/pituitary/p (777).jpg,0
/kaggle/input/datasets/sabersakin/brainmri/Datasest Merged 1/Datasest Merged 1/pituitary/p (569).jpg,/kaggle/input/datasets/sabersakin/brainmri/Datasest Merged 1/Datasest Merged 1/pituitary/Te-piTr_0002.jpg,0
/kaggle/input/datasets/sabersakin/brainmri/Datasest Merged 1/Datasest Merged 1/glioma/1207.jpg,/kaggle/input/datasets/sabersakin/brainmri/Datasest Merged 1/Datasest Merged 1/glioma/1205.jpg,4
/kaggle/input/datasets/sabersakin/brainmri/Datasest Merged 1/Datasest Merged 1/notumor/Tr-no_0604.jpg,/kaggle/input/datasets/sabersakin/brainmri/Datasest Merged 1/Datasest Merged 1/notumor/Tr-no_1445.jpg,0
/kaggle/input/datasets/sabersakin/brainmri/Datasest Merged 1/Datasest Merged 1/meningioma/Tr-me_0427.jpg,/kaggle/input/datasets/sabersakin/brainmri/Datasest Merged 1/Datasest Merged 1/meningioma/m2 (152).jpg,0
/kaggle/input/datasets/sabersakin/brainmri/Datasest Merged 1/Datasest Merged 1/glioma/gg (12).jpg,/kaggle/input/datasets/sabersakin/brainmri/Datasest Merged 1/Datasest Merged 1/glioma/image(76).jpg,0
/kaggle/input/datasets/sabersakin/brainmri/Datasest Merged 1/Datasest Merged 1/notumor/image (38).jpg,/kaggle/input/datasets/sabersakin/brainmri/Datasest Merged 1/Datasest Merged 1/notumor/Tr-no_0760.jpg,2
/kaggle/input/datasets/sabersakin/brainmri/Datasest Merged 1/Datasest Merged 1/notumor/image (38).jpg,/kaggle/input/datasets/sabersakin/brainmri/Datasest Merged 1/Datasest Merged 1/notumor/Te-no_0226.jpg,0
/kaggle/input/datasets/sabersakin/brainmri/Datasest Merged 1/Datasest Merged 1/notumor/image (38).jpg,/kaggle/input/datasets/sabersakin/brainmri/Datasest Merged 1/Datasest Merged 1/notumor/Tr-no_0036.jpg,0
/kaggle/input/datasets/sabersakin/brainmri/Datasest Merged 1/Datasest Merged 1/notumor/image (38).jpg,/kaggle/input/datasets/sabersakin/brainmri/Datasest Merged 1/Datasest Merged 1/notumor/Tr-no_1080.jpg,0
/kaggle/input/datasets/sabersakin/brainmri/Datasest Merged 1/Datasest Merged 1/notumor/image (38).jpg,/kaggle/input/datasets/sabersakin/brainmri/Datasest Merged 1/Datasest Merged 1/notumor/Tr-no_1200.jpg,2
/kaggle/input/datasets/sabersakin/brainmri/Datasest Merged 1/Datasest Merged 1/notumor/image (38).jpg,/kaggle/input/datasets/sabersakin/brainmri/Datasest Merged 1/Datasest Merged 1/notumor/Tr-no_0504.jpg,2
/kaggle/input/datasets/sabersakin/brainmri/Datasest Merged 1/Datasest Merged 1/meningioma/Te-me_0292.jpg,/kaggle/input/datasets/sabersakin/brainmri/Datasest Merged 1/Datasest Merged 1/meningioma/Te-me_0287.jpg,4
/kaggle/input/datasets/sabersakin/brainmri/Datasest Merged 1/Datasest Merged 1/pituitary/p (255).jpg,/kaggle/input/datasets/sabersakin/brainmri/Datasest Merged 1/Datasest Merged 1/pituitary/Tr-pi_0180.jpg,4
/kaggle/input/datasets/sabersakin/brainmri/Datasest Merged 1/Datasest Merged 1/pituitary/p (255).jpg,/kaggle/input/datasets/sabersakin/brainmri/Datasest Merged 1/Datasest Merged 1/pituitary/Tr-pi_0175.jpg,4
/kaggle/input/datasets/sabersakin/brainmri/Datasest Merged 1/Datasest Merged 1/pituitary/p (255).jpg,/kaggle/input/datasets/sabersakin/brainmri/Datasest Merged 1/Datasest Merged 1/pituitary/p (257).jpg,4
/kaggle/input/datasets/sabersakin/brainmri/Datasest Merged 1/Datasest Merged 1/pituitary/p (255).jpg,/kaggle/input/datasets/sabersakin/brainmri/Datasest Merged 1/Datasest Merged 1/pituitary/p (261).jpg,4
/kaggle/input/datasets/sabersakin/brainmri/Datasest Merged 1/Datasest Merged 1/notumor/Tr-no_0979.jpg,/kaggle/input/datasets/sabersakin/brainmri/Datasest Merged 1/Datasest Merged 1/notumor/Tr-no_0364.jpg,0
/kaggle/input/datasets/sabersakin/brainmri/Datasest Merged 1/Datasest Merged 1/notumor/Tr-no_0979.jpg,/kaggle/input/datasets/sabersakin/brainmri/Datasest Merged 1/Datasest Merged 1/notumor/image(96).jpg,0
/kaggle/input/datasets/sabersakin/brainmri/Datasest Merged 1/Datasest Merged 1/notumor/Tr-no_0979.jpg,/kaggle/input/datasets/sabersakin/brainmri/Datasest Merged 1/Datasest Merged 1/notumor/Tr-no_0066.jpg,0
/kaggle/input/datasets/sabersakin/brainmri/Datasest Merged 1/Datasest Merged 1/notumor/Tr-no_0979.jpg,/kaggle/input/datasets/sabersakin/brainmri/Datasest Merged 1/Datasest Merged 1/notumor/Te-no_0100.jpg,0
/kaggle/input/datasets/sabersakin/brainmri/Datasest Merged 1/Datasest Merged 1/notumor/Tr-no_0979.jpg,/kaggle/input/datasets/sabersakin/brainmri/Datasest Merged 1/Datasest Merged 1/notumor/image(397).jpg,0
/kaggle/input/datasets/sabersakin/brainmri/Datasest Merged 1/Datasest Merged 1/notumor/Tr-no_1389.jpg,/kaggle/input/datasets/sabersakin/brainmri/Datasest Merged 1/Datasest Merged 1/notumor/Tr-no_0912.jpg,4
/kaggle/input/datasets/sabersakin/brainmri/Datasest Merged 1/Datasest Merged 1/notumor/Tr-no_1389.jpg,/kaggle/input/datasets/sabersakin/brainmri/Datasest Merged 1/Datasest Merged 1/notumor/Tr-no_1552.jpg,0
/kaggle/input/datasets/sabersakin/brainmri/Datasest Merged 1/Datasest Merged 1/notumor/Tr-no_1389.jpg,/kaggle/input/datasets/sabersakin/brainmri/Datasest Merged 1/Datasest Merged 1/notumor/Tr-no_0412.jpg,0
/kaggle/input/datasets/sabersakin/brainmri/Datasest Merged 1/Datasest Merged 1/notumor/Tr-no_1166.jpg,/kaggle/input/datasets/sabersakin/brainmri/Datasest Merged 1/Datasest Merged 1/notumor/image(363).jpg,2
/kaggle/input/datasets/sabersakin/brainmri/Datasest Merged 1/Datasest Merged 1/notumor/Tr-no_1166.jpg,/kaggle/input/datasets/sabersakin/brainmri/Datasest Merged 1/Datasest Merged 1/notumor/image(337).jpg,4
/kaggle/input/datasets/sabersakin/brainmri/Datasest Merged 1/Datasest Merged 1/notumor/Tr-no_1166.jpg,/kaggle/input/datasets/sabersakin/brainmri/Datasest Merged 1/Datasest Merged 1/notumor/Te-no_0063.jpg,2
/kaggle/input/datasets/sabersakin/brainmri/Datasest Merged 1/Datasest Merged 1/notumor/Tr-no_1166.jpg,/kaggle/input/datasets/sabersakin/brainmri/Datasest Merged 1/Datasest Merged 1/notumor/image(36).jpg,4
/kaggle/input/datasets/sabersakin/brainmri/Datasest Merged 1/Datasest Merged 1/notumor/Tr-no_1166.jpg,/kaggle/input/datasets/sabersakin/brainmri/Datasest Merged 1/Datasest Merged 1/notumor/Tr-no_0080.jpg,4
/kaggle/input/datasets/sabersakin/brainmri/Datasest Merged 1/Datasest Merged 1/notumor/Tr-no_1166.jpg,/kaggle/input/datasets/sabersakin/brainmri/Datasest Merged 1/Datasest Merged 1/notumor/Te-no_0057.jpg,0
/kaggle/input/datasets/sabersakin/brainmri/Datasest Merged 1/Datasest Merged 1/notumor/Tr-no_1166.jpg,/kaggle/input/datasets/sabersakin/brainmri/Datasest Merged 1/Datasest Merged 1/notumor/Tr-no_0326.jpg,2
/kaggle/input/datasets/sabersakin/brainmri/Datasest Merged 1/Datasest Merged 1/notumor/Tr-no_1166.jpg,/kaggle/input/datasets/sabersakin/brainmri/Datasest Merged 1/Datasest Merged 1/notumor/image(57).jpg,0
/kaggle/input/datasets/sabersakin/brainmri/Datasest Merged 1/Datasest Merged 1/notumor/Tr-no_1166.jpg,/kaggle/input/datasets/sabersakin/brainmri/Datasest Merged 1/Datasest Merged 1/notumor/Tr-no_0313.jpg,0
/kaggle/input/datasets/sabersakin/brainmri/Datasest Merged 1/Datasest Merged 1/notumor/Tr-no_1166.jpg,/kaggle/input/datasets/sabersakin/brainmri/Datasest Merged 1/Datasest Merged 1/notumor/image(358).jpg,0
/kaggle/input/datasets/sabersakin/brainmri/Datasest Merged 1/Datasest Merged 1/notumor/Tr-no_1166.jpg,/kaggle/input/datasets/sabersakin/brainmri/Datasest Merged 1/Datasest Merged 1/notumor/Tr-no_1174.jpg,2
/kaggle/input/datasets/sabersakin/brainmri/Datasest Merged 1/Datasest Merged 1/notumor/Tr-no_1166.jpg,/kaggle/input/datasets/sabersakin/brainmri/Datasest Merged 1/Datasest Merged 1/notumor/Te-no_0034.jpg,4
/kaggle/input/datasets/sabersakin/brainmri/Datasest Merged 1/Datasest Merged 1/glioma/gg (328).jpg,/kaggle/input/datasets/sabersakin/brainmri/Datasest Merged 1/Datasest Merged 1/glioma/Tr-gl_0014.jpg,0
/kaggle/input/datasets/sabersakin/brainmri/Datasest Merged 1/Datasest Merged 1/glioma/gg (328).jpg,/kaggle/input/datasets/sabersakin/brainmri/Datasest Merged 1/Datasest Merged 1/meningioma/Tr-me_0835.jpg,4
/kaggle/input/datasets/sabersakin/brainmri/Datasest Merged 1/Datasest Merged 1/glioma/1624.jpg,/kaggle/input/datasets/sabersakin/brainmri/Datasest Merged 1/Datasest Merged 1/glioma/1625.jpg,4
/kaggle/input/datasets/sabersakin/brainmri/Datasest Merged 1/Datasest Merged 1/glioma/1624.jpg,/kaggle/input/datasets/sabersakin/brainmri/Datasest Merged 1/Datasest Merged 1/glioma/1626.jpg,4
/kaggle/input/datasets/sabersakin/brainmri/Datasest Merged 1/Datasest Merged 1/notumor/Tr-no_0517.jpg,/kaggle/input/datasets/sabersakin/brainmri/Datasest Merged 1/Datasest Merged 1/notumor/Tr-no_1459.jpg,0
/kaggle/input/datasets/sabersakin/brainmri/Datasest Merged 1/Datasest Merged 1/notumor/Tr-no_1163.jpg,/kaggle/input/datasets/sabersakin/brainmri/Datasest Merged 1/Datasest Merged 1/notumor/Te-no_0223.jpg,0
/kaggle/input/datasets/sabersakin/brainmri/Datasest Merged 1/Datasest Merged 1/notumor/Tr-no_1163.jpg,/kaggle/input/datasets/sabersakin/brainmri/Datasest Merged 1/Datasest Merged 1/notumor/image(311).jpg,0
/kaggle/input/datasets/sabersakin/brainmri/Datasest Merged 1/Datasest Merged 1/notumor/Tr-no_1163.jpg,/kaggle/input/datasets/sabersakin/brainmri/Datasest Merged 1/Datasest Merged 1/notumor/Tr-no_0802.jpg,4
/kaggle/input/datasets/sabersakin/brainmri/Datasest Merged 1/Datasest Merged 1/notumor/Tr-no_1163.jpg,/kaggle/input/datasets/sabersakin/brainmri/Datasest Merged 1/Datasest Merged 1/notumor/Tr-no_1194.jpg,0
/kaggle/input/datasets/sabersakin/brainmri/Datasest Merged 1/Datasest Merged 1/notumor/Tr-no_1163.jpg,/kaggle/input/datasets/sabersakin/brainmri/Datasest Merged 1/Datasest Merged 1/notumor/image (18).jpg,4
/kaggle/input/datasets/sabersakin/brainmri/Datasest Merged 1/Datasest Merged 1/notumor/Tr-no_1163.jpg,/kaggle/input/datasets/sabersakin/brainmri/Datasest Merged 1/Datasest Merged 1/notumor/Tr-no_0016.jpg,4
/kaggle/input/datasets/sabersakin/brainmri/Datasest Merged 1/Datasest Merged 1/notumor/Tr-no_1163.jpg,/kaggle/input/datasets/sabersakin/brainmri/Datasest Merged 1/Datasest Merged 1/notumor/Tr-no_0304.jpg,0
/kaggle/input/datasets/sabersakin/brainmri/Datasest Merged 1/Datasest Merged 1/notumor/Tr-no_1163.jpg,/kaggle/input/datasets/sabersakin/brainmri/Datasest Merged 1/Datasest Merged 1/notumor/Tr-no_1057.jpg,4
/kaggle/input/datasets/sabersakin/brainmri/Datasest Merged 1/Datasest Merged 1/notumor/Tr-no_1163.jpg,/kaggle/input/datasets/sabersakin/brainmri/Datasest Merged 1/Datasest Merged 1/notumor/Tr-no_1258.jpg,4
/kaggle/input/datasets/sabersakin/brainmri/Datasest Merged 1/Datasest Merged 1/notumor/Tr-no_1163.jpg,/kaggle/input/datasets/sabersakin/brainmri/Datasest Merged 1/Datasest Merged 1/notumor/Tr-no_0752.jpg,2
/kaggle/input/datasets/sabersakin/brainmri/Datasest Merged 1/Datasest Merged 1/glioma/gg (591).jpg,/kaggle/input/datasets/sabersakin/brainmri/Datasest Merged 1/Datasest Merged 1/glioma/Tr-gl_0076.jpg,0
/kaggle/input/datasets/sabersakin/brainmri/Datasest Merged 1/Datasest Merged 1/glioma/Tr-gl_0319.jpg,/kaggle/input/datasets/sabersakin/brainmri/Datasest Merged 1/Datasest Merged 1/glioma/Tr-gl_0318.jpg,4
/kaggle/input/datasets/sabersakin/brainmri/Datasest Merged 1/Datasest Merged 1/glioma/Tr-gl_0319.jpg,/kaggle/input/datasets/sabersakin/brainmri/Datasest Merged 1/Datasest Merged 1/glioma/Tr-gl_0321.jpg,4
/kaggle/input/datasets/sabersakin/brainmri/Datasest Merged 1/Datasest Merged 1/glioma/Tr-gl_0319.jpg,/kaggle/input/datasets/sabersakin/brainmri/Datasest Merged 1/Datasest Merged 1/glioma/Tr-gl_0320.jpg,4
/kaggle/input/datasets/sabersakin/brainmri/Datasest Merged 1/Datasest Merged 1/meningioma/Tr-me_0296.jpg,/kaggle/input/datasets/sabersakin/brainmri/Datasest Merged 1/Datasest Merged 1/meningioma/Tr-me_0295.jpg,2
/kaggle/input/datasets/sabersakin/brainmri/Datasest Merged 1/Datasest Merged 1/meningioma/Tr-me_0296.jpg,/kaggle/input/datasets/sabersakin/brainmri/Datasest Merged 1/Datasest Merged 1/meningioma/m1(33).jpg,0
/kaggle/input/datasets/sabersakin/brainmri/Datasest Merged 1/Datasest Merged 1/meningioma/Tr-me_0296.jpg,/kaggle/input/datasets/sabersakin/brainmri/Datasest Merged 1/Datasest Merged 1/meningioma/m1(31).jpg,2
/kaggle/input/datasets/sabersakin/brainmri/Datasest Merged 1/Datasest Merged 1/meningioma/Tr-me_0296.jpg,/kaggle/input/datasets/sabersakin/brainmri/Datasest Merged 1/Datasest Merged 1/meningioma/Tr-me_0294.jpg,2
/kaggle/input/datasets/sabersakin/brainmri/Datasest Merged 1/Datasest Merged 1/meningioma/Tr-me_0296.jpg,/kaggle/input/datasets/sabersakin/brainmri/Datasest Merged 1/Datasest Merged 1/meningioma/m1(32).jpg,2
/kaggle/input/datasets/sabersakin/brainmri/Datasest Merged 1/Datasest Merged 1/notumor/Tr-no_0702.jpg,/kaggle/input/datasets/sabersakin/brainmri/Datasest Merged 1/Datasest Merged 1/notumor/Tr-no_1377.jpg,2
/kaggle/input/datasets/sabersakin/brainmri/Datasest Merged 1/Datasest Merged 1/notumor/Tr-no_0702.jpg,/kaggle/input/datasets/sabersakin/brainmri/Datasest Merged 1/Datasest Merged 1/notumor/Tr-no_0552.jpg,0
/kaggle/input/datasets/sabersakin/brainmri/Datasest Merged 1/Datasest Merged 1/notumor/Tr-no_0702.jpg,/kaggle/input/datasets/sabersakin/brainmri/Datasest Merged 1/Datasest Merged 1/notumor/Tr-no_1227.jpg,4
/kaggle/input/datasets/sabersakin/brainmri/Datasest Merged 1/Datasest Merged 1/notumor/Tr-no_0702.jpg,/kaggle/input/datasets/sabersakin/brainmri/Datasest Merged 1/Datasest Merged 1/notumor/Tr-no_0803.jpg,0
/kaggle/input/datasets/sabersakin/brainmri/Datasest Merged 1/Datasest Merged 1/notumor/Tr-no_0702.jpg,/kaggle/input/datasets/sabersakin/brainmri/Datasest Merged 1/Datasest Merged 1/notumor/Tr-no_0630.jpg,2
/kaggle/input/datasets/sabersakin/brainmri/Datasest Merged 1/Datasest Merged 1/notumor/Tr-no_0702.jpg,/kaggle/input/datasets/sabersakin/brainmri/Datasest Merged 1/Datasest Merged 1/notumor/Tr-no_0649.jpg,4
/kaggle/input/datasets/sabersakin/brainmri/Datasest Merged 1/Datasest Merged 1/glioma/Te-gl_0062.jpg,/kaggle/input/datasets/sabersakin/brainmri/Datasest Merged 1/Datasest Merged 1/glioma/gg (782).jpg,4
/kaggle/input/datasets/sabersakin/brainmri/Datasest Merged 1/Datasest Merged 1/glioma/Te-gl_0062.jpg,/kaggle/input/datasets/sabersakin/brainmri/Datasest Merged 1/Datasest Merged 1/glioma/gg (781).jpg,0
/kaggle/input/datasets/sabersakin/brainmri/Datasest Merged 1/Datasest Merged 1/notumor/image(415).jpg,/kaggle/input/datasets/sabersakin/brainmri/Datasest Merged 1/Datasest Merged 1/notumor/Tr-no_0383.jpg,0
/kaggle/input/datasets/sabersakin/brainmri/Datasest Merged 1/Datasest Merged 1/notumor/Tr-no_1574.jpg,/kaggle/input/datasets/sabersakin/brainmri/Datasest Merged 1/Datasest Merged 1/notumor/Tr-no_0498.jpg,4
/kaggle/input/datasets/sabersakin/brainmri/Datasest Merged 1/Datasest Merged 1/notumor/Tr-no_1574.jpg,/kaggle/input/datasets/sabersakin/brainmri/Datasest Merged 1/Datasest Merged 1/notumor/Tr-no_0627.jpg,0
/kaggle/input/datasets/sabersakin/brainmri/Datasest Merged 1/Datasest Merged 1/pituitary/Tr-pi_0672.jpg,/kaggle/input/datasets/sabersakin/brainmri/Datasest Merged 1/Datasest Merged 1/pituitary/p (747).jpg,0
/kaggle/input/datasets/sabersakin/brainmri/Datasest Merged 1/Datasest Merged 1/meningioma/Tr-me_0609.jpg,/kaggle/input/datasets/sabersakin/brainmri/Datasest Merged 1/Datasest Merged 1/meningioma/m3 (158).jpg,0
/kaggle/input/datasets/sabersakin/brainmri/Datasest Merged 1/Datasest Merged 1/meningioma/m3 (200).jpg,/kaggle/input/datasets/sabersakin/brainmri/Datasest Merged 1/Datasest Merged 1/meningioma/Tr-me_0657.jpg,0
/kaggle/input/datasets/sabersakin/brainmri/Datasest Merged 1/Datasest Merged 1/pituitary/p (502).jpg,/kaggle/input/datasets/sabersakin/brainmri/Datasest Merged 1/Datasest Merged 1/pituitary/Tr-pi_0448.jpg,0
/kaggle/input/datasets/sabersakin/brainmri/Datasest Merged 1/Datasest Merged 1/meningioma/Tr-me_0155.jpg,/kaggle/input/datasets/sabersakin/brainmri/Datasest Merged 1/Datasest Merged 1/meningioma/m (81).jpg,0
/kaggle/input/datasets/sabersakin/brainmri/Datasest Merged 1/Datasest Merged 1/notumor/Tr-no_0450.jpg,/kaggle/input/datasets/sabersakin/brainmri/Datasest Merged 1/Datasest Merged 1/notumor/Tr-no_0638.jpg,2
/kaggle/input/datasets/sabersakin/brainmri/Datasest Merged 1/Datasest Merged 1/meningioma/m2 (30).jpg,/kaggle/input/datasets/sabersakin/brainmri/Datasest Merged 1/Datasest Merged 1/meningioma/Tr-me_0469.jpg,0
/kaggle/input/datasets/sabersakin/brainmri/Datasest Merged 1/Datasest Merged 1/pituitary/Tr-pi_0365.jpg,/kaggle/input/datasets/sabersakin/brainmri/Datasest Merged 1/Datasest Merged 1/pituitary/p (428).jpg,0
/kaggle/input/datasets/sabersakin/brainmri/Datasest Merged 1/Datasest Merged 1/pituitary/Tr-pi_0365.jpg,/kaggle/input/datasets/sabersakin/brainmri/Datasest Merged 1/Datasest Merged 1/pituitary/Tr-pi_0363.jpg,4
/kaggle/input/datasets/sabersakin/brainmri/Datasest Merged 1/Datasest Merged 1/pituitary/Tr-pi_0365.jpg,/kaggle/input/datasets/sabersakin/brainmri/Datasest Merged 1/Datasest Merged 1/pituitary/p (426).jpg,4
/kaggle/input/datasets/sabersakin/brainmri/Datasest Merged 1/Datasest Merged 1/meningioma/Tr-me_1309.jpg,/kaggle/input/datasets/sabersakin/brainmri/Datasest Merged 1/Datasest Merged 1/meningioma/Te-me_0254.jpg,4
/kaggle/input/datasets/sabersakin/brainmri/Datasest Merged 1/Datasest Merged 1/glioma/Tr-gl_0178.jpg,/kaggle/input/datasets/sabersakin/brainmri/Datasest Merged 1/Datasest Merged 1/glioma/Tr-gl_0180.jpg,4
/kaggle/input/datasets/sabersakin/brainmri/Datasest Merged 1/Datasest Merged 1/glioma/Tr-gl_0178.jpg,/kaggle/input/datasets/sabersakin/brainmri/Datasest Merged 1/Datasest Merged 1/glioma/Tr-gl_0177.jpg,4
/kaggle/input/datasets/sabersakin/brainmri/Datasest Merged 1/Datasest Merged 1/pituitary/p (574).jpg,/kaggle/input/datasets/sabersakin/brainmri/Datasest Merged 1/Datasest Merged 1/pituitary/Tr-pi_0523.jpg,0
/kaggle/input/datasets/sabersakin/brainmri/Datasest Merged 1/Datasest Merged 1/pituitary/p (574).jpg,/kaggle/input/datasets/sabersakin/brainmri/Datasest Merged 1/Datasest Merged 1/pituitary/p (575).jpg,4
/kaggle/input/datasets/sabersakin/brainmri/Datasest Merged 1/Datasest Merged 1/pituitary/p (574).jpg,/kaggle/input/datasets/sabersakin/brainmri/Datasest Merged 1/Datasest Merged 1/pituitary/Tr-pi_0524.jpg,4
/kaggle/input/datasets/sabersakin/brainmri/Datasest Merged 1/Datasest Merged 1/meningioma/m3 (240).jpg,/kaggle/input/datasets/sabersakin/brainmri/Datasest Merged 1/Datasest Merged 1/meningioma/Tr-me_0701.jpg,0
/kaggle/input/datasets/sabersakin/brainmri/Datasest Merged 1/Datasest Merged 1/meningioma/m3 (240).jpg,/kaggle/input/datasets/sabersakin/brainmri/Datasest Merged 1/Datasest Merged 1/glioma/gg (188).jpg,4
/kaggle/input/datasets/sabersakin/brainmri/Datasest Merged 1/Datasest Merged 1/glioma/Tr-gl_0068.jpg,/kaggle/input/datasets/sabersakin/brainmri/Datasest Merged 1/Datasest Merged 1/glioma/gg (548).jpg,0
/kaggle/input/datasets/sabersakin/brainmri/Datasest Merged 1/Datasest Merged 1/notumor/image(342).jpg,/kaggle/input/datasets/sabersakin/brainmri/Datasest Merged 1/Datasest Merged 1/notumor/Tr-no_1096.jpg,0
/kaggle/input/datasets/sabersakin/brainmri/Datasest Merged 1/Datasest Merged 1/notumor/image(342).jpg,/kaggle/input/datasets/sabersakin/brainmri/Datasest Merged 1/Datasest Merged 1/notumor/Tr-no_0135.jpg,0
/kaggle/input/datasets/sabersakin/brainmri/Datasest Merged 1/Datasest Merged 1/notumor/image(342).jpg,/kaggle/input/datasets/sabersakin/brainmri/Datasest Merged 1/Datasest Merged 1/notumor/image(353).jpg,0
/kaggle/input/datasets/sabersakin/brainmri/Datasest Merged 1/Datasest Merged 1/notumor/image(342).jpg,/kaggle/input/datasets/sabersakin/brainmri/Datasest Merged 1/Datasest Merged 1/notumor/image(52).jpg,0
/kaggle/input/datasets/sabersakin/brainmri/Datasest Merged 1/Datasest Merged 1/notumor/image(342).jpg,/kaggle/input/datasets/sabersakin/brainmri/Datasest Merged 1/Datasest Merged 1/notumor/Tr-no_0257.jpg,0
/kaggle/input/datasets/sabersakin/brainmri/Datasest Merged 1/Datasest Merged 1/notumor/image(342).jpg,/kaggle/input/datasets/sabersakin/brainmri/Datasest Merged 1/Datasest Merged 1/notumor/Te-no_0040.jpg,0
/kaggle/input/datasets/sabersakin/brainmri/Datasest Merged 1/Datasest Merged 1/notumor/image(342).jpg,/kaggle/input/datasets/sabersakin/brainmri/Datasest Merged 1/Datasest Merged 1/notumor/Te-no_0052.jpg,0
/kaggle/input/datasets/sabersakin/brainmri/Datasest Merged 1/Datasest Merged 1/notumor/Te-noTr_0001.jpg,/kaggle/input/datasets/sabersakin/brainmri/Datasest Merged 1/Datasest Merged 1/notumor/image(382).jpg,0
/kaggle/input/datasets/sabersakin/brainmri/Datasest Merged 1/Datasest Merged 1/notumor/Te-noTr_0001.jpg,/kaggle/input/datasets/sabersakin/brainmri/Datasest Merged 1/Datasest Merged 1/notumor/Tr-no_0347.jpg,0
/kaggle/input/datasets/sabersakin/brainmri/Datasest Merged 1/Datasest Merged 1/notumor/Te-noTr_0001.jpg,/kaggle/input/datasets/sabersakin/brainmri/Datasest Merged 1/Datasest Merged 1/notumor/Te-no_0031.jpg,0
/kaggle/input/datasets/sabersakin/brainmri/Datasest Merged 1/Datasest Merged 1/notumor/Te-noTr_0001.jpg,/kaggle/input/datasets/sabersakin/brainmri/Datasest Merged 1/Datasest Merged 1/notumor/Tr-no_0331.jpg,0
/kaggle/input/datasets/sabersakin/brainmri/Datasest Merged 1/Datasest Merged 1/notumor/Te-noTr_0001.jpg,/kaggle/input/datasets/sabersakin/brainmri/Datasest Merged 1/Datasest Merged 1/notumor/image(367).jpg,0
/kaggle/input/datasets/sabersakin/brainmri/Datasest Merged 1/Datasest Merged 1/notumor/Te-noTr_0001.jpg,/kaggle/input/datasets/sabersakin/brainmri/Datasest Merged 1/Datasest Merged 1/notumor/Tr-no_0373.jpg,0
/kaggle/input/datasets/sabersakin/brainmri/Datasest Merged 1/Datasest Merged 1/notumor/Te-noTr_0001.jpg,/kaggle/input/datasets/sabersakin/brainmri/Datasest Merged 1/Datasest Merged 1/notumor/image(334).jpg,0
/kaggle/input/datasets/sabersakin/brainmri/Datasest Merged 1/Datasest Merged 1/notumor/Te-noTr_0001.jpg,/kaggle/input/datasets/sabersakin/brainmri/Datasest Merged 1/Datasest Merged 1/notumor/image(10).jpg,0
/kaggle/input/datasets/sabersakin/brainmri/Datasest Merged 1/Datasest Merged 1/notumor/Te-noTr_0001.jpg,/kaggle/input/datasets/sabersakin/brainmri/Datasest Merged 1/Datasest Merged 1/notumor/image(81).jpg,0
/kaggle/input/datasets/sabersakin/brainmri/Datasest Merged 1/Datasest Merged 1/notumor/Te-noTr_0001.jpg,/kaggle/input/datasets/sabersakin/brainmri/Datasest Merged 1/Datasest Merged 1/notumor/Tr-no_1088.jpg,0
/kaggle/input/datasets/sabersakin/brainmri/Datasest Merged 1/Datasest Merged 1/notumor/Te-noTr_0001.jpg,/kaggle/input/datasets/sabersakin/brainmri/Datasest Merged 1/Datasest Merged 1/notumor/image (51).jpg,0
/kaggle/input/datasets/sabersakin/brainmri/Datasest Merged 1/Datasest Merged 1/notumor/Te-noTr_0001.jpg,/kaggle/input/datasets/sabersakin/brainmri/Datasest Merged 1/Datasest Merged 1/notumor/Te-no_0084.jpg,0
/kaggle/input/datasets/sabersakin/brainmri/Datasest Merged 1/Datasest Merged 1/notumor/image(164).jpg,/kaggle/input/datasets/sabersakin/brainmri/Datasest Merged 1/Datasest Merged 1/notumor/Tr-no_0686.jpg,4
/kaggle/input/datasets/sabersakin/brainmri/Datasest Merged 1/Datasest Merged 1/notumor/image(164).jpg,/kaggle/input/datasets/sabersakin/brainmri/Datasest Merged 1/Datasest Merged 1/notumor/image(239).jpg,0
/kaggle/input/datasets/sabersakin/brainmri/Datasest Merged 1/Datasest Merged 1/notumor/image(164).jpg,/kaggle/input/datasets/sabersakin/brainmri/Datasest Merged 1/Datasest Merged 1/notumor/Tr-no_0910.jpg,0
/kaggle/input/datasets/sabersakin/brainmri/Datasest Merged 1/Datasest Merged 1/notumor/image(164).jpg,/kaggle/input/datasets/sabersakin/brainmri/Datasest Merged 1/Datasest Merged 1/notumor/Tr-no_0223.jpg,0
/kaggle/input/datasets/sabersakin/brainmri/Datasest Merged 1/Datasest Merged 1/notumor/image(164).jpg,/kaggle/input/datasets/sabersakin/brainmri/Datasest Merged 1/Datasest Merged 1/notumor/Tr-no_0567.jpg,0
/kaggle/input/datasets/sabersakin/brainmri/Datasest Merged 1/Datasest Merged 1/notumor/image(164).jpg,/kaggle/input/datasets/sabersakin/brainmri/Datasest Merged 1/Datasest Merged 1/notumor/Tr-no_1248.jpg,4
/kaggle/input/datasets/sabersakin/brainmri/Datasest Merged 1/Datasest Merged 1/notumor/image(164).jpg,/kaggle/input/datasets/sabersakin/brainmri/Datasest Merged 1/Datasest Merged 1/notumor/Tr-no_0983.jpg,0
/kaggle/input/datasets/sabersakin/brainmri/Datasest Merged 1/Datasest Merged 1/notumor/image(164).jpg,/kaggle/input/datasets/sabersakin/brainmri/Datasest Merged 1/Datasest Merged 1/notumor/Tr-no_0140.jpg,0
/kaggle/input/datasets/sabersakin/brainmri/Datasest Merged 1/Datasest Merged 1/notumor/image(164).jpg,/kaggle/input/datasets/sabersakin/brainmri/Datasest Merged 1/Datasest Merged 1/notumor/Tr-no_1136.jpg,0
/kaggle/input/datasets/sabersakin/brainmri/Datasest Merged 1/Datasest Merged 1/pituitary/p (446).jpg,/kaggle/input/datasets/sabersakin/brainmri/Datasest Merged 1/Datasest Merged 1/pituitary/p (445).jpg,4
/kaggle/input/datasets/sabersakin/brainmri/Datasest Merged 1/Datasest Merged 1/pituitary/p (446).jpg,/kaggle/input/datasets/sabersakin/brainmri/Datasest Merged 1/Datasest Merged 1/pituitary/Tr-pi_0384.jpg,4
/kaggle/input/datasets/sabersakin/brainmri/Datasest Merged 1/Datasest Merged 1/pituitary/p (446).jpg,/kaggle/input/datasets/sabersakin/brainmri/Datasest Merged 1/Datasest Merged 1/pituitary/p (447).jpg,4
/kaggle/input/datasets/sabersakin/brainmri/Datasest Merged 1/Datasest Merged 1/pituitary/p (446).jpg,/kaggle/input/datasets/sabersakin/brainmri/Datasest Merged 1/Datasest Merged 1/pituitary/Tr-pi_0385.jpg,0
/kaggle/input/datasets/sabersakin/brainmri/Datasest Merged 1/Datasest Merged 1/pituitary/p (446).jpg,/kaggle/input/datasets/sabersakin/brainmri/Datasest Merged 1/Datasest Merged 1/pituitary/Tr-pi_0386.jpg,4
/kaggle/input/datasets/sabersakin/brainmri/Datasest Merged 1/Datasest Merged 1/glioma/Te-gl_0066.jpg,/kaggle/input/datasets/sabersakin/brainmri/Datasest Merged 1/Datasest Merged 1/glioma/gg (797).jpg,0
/kaggle/input/datasets/sabersakin/brainmri/Datasest Merged 1/Datasest Merged 1/glioma/Tr-gl_0110.jpg,/kaggle/input/datasets/sabersakin/brainmri/Datasest Merged 1/Datasest Merged 1/glioma/image(68).jpg,0
/kaggle/input/datasets/sabersakin/brainmri/Datasest Merged 1/Datasest Merged 1/glioma/Tr-gl_0110.jpg,/kaggle/input/datasets/sabersakin/brainmri/Datasest Merged 1/Datasest Merged 1/glioma/gg (772).jpg,0
/kaggle/input/datasets/sabersakin/brainmri/Datasest Merged 1/Datasest Merged 1/pituitary/p (454).jpg,/kaggle/input/datasets/sabersakin/brainmri/Datasest Merged 1/Datasest Merged 1/pituitary/Tr-pi_0394.jpg,0
/kaggle/input/datasets/sabersakin/brainmri/Datasest Merged 1/Datasest Merged 1/notumor/image(357).jpg,/kaggle/input/datasets/sabersakin/brainmri/Datasest Merged 1/Datasest Merged 1/notumor/image(56).jpg,0
/kaggle/input/datasets/sabersakin/brainmri/Datasest Merged 1/Datasest Merged 1/notumor/image(357).jpg,/kaggle/input/datasets/sabersakin/brainmri/Datasest Merged 1/Datasest Merged 1/notumor/Tr-no_0302.jpg,0
/kaggle/input/datasets/sabersakin/brainmri/Datasest Merged 1/Datasest Merged 1/glioma/Tr-gl_0460.jpg,/kaggle/input/datasets/sabersakin/brainmri/Datasest Merged 1/Datasest Merged 1/glioma/Tr-gl_0459.jpg,4
/kaggle/input/datasets/sabersakin/brainmri/Datasest Merged 1/Datasest Merged 1/pituitary/image(57).jpg,/kaggle/input/datasets/sabersakin/brainmri/Datasest Merged 1/Datasest Merged 1/pituitary/image(56).jpg,0
/kaggle/input/datasets/sabersakin/brainmri/Datasest Merged 1/Datasest Merged 1/pituitary/Tr-pi_0464.jpg,/kaggle/input/datasets/sabersakin/brainmri/Datasest Merged 1/Datasest Merged 1/pituitary/p (516).jpg,4
/kaggle/input/datasets/sabersakin/brainmri/Datasest Merged 1/Datasest Merged 1/notumor/image (9).jpg,/kaggle/input/datasets/sabersakin/brainmri/Datasest Merged 1/Datasest Merged 1/notumor/image(214).jpg,2
/kaggle/input/datasets/sabersakin/brainmri/Datasest Merged 1/Datasest Merged 1/notumor/image (9).jpg,/kaggle/input/datasets/sabersakin/brainmri/Datasest Merged 1/Datasest Merged 1/notumor/Tr-no_0196.jpg,2
/kaggle/input/datasets/sabersakin/brainmri/Datasest Merged 1/Datasest Merged 1/notumor/image (9).jpg,/kaggle/input/datasets/sabersakin/brainmri/Datasest Merged 1/Datasest Merged 1/notumor/Tr-no_0068.jpg,0
/kaggle/input/datasets/sabersakin/brainmri/Datasest Merged 1/Datasest Merged 1/pituitary/Te-pi_0258.jpg,/kaggle/input/datasets/sabersakin/brainmri/Datasest Merged 1/Datasest Merged 1/pituitary/Tr-pi_1327.jpg,4
/kaggle/input/datasets/sabersakin/brainmri/Datasest Merged 1/Datasest Merged 1/meningioma/m2 (172).jpg,/kaggle/input/datasets/sabersakin/brainmri/Datasest Merged 1/Datasest Merged 1/meningioma/Tr-me_0449.jpg,0
/kaggle/input/datasets/sabersakin/brainmri/Datasest Merged 1/Datasest Merged 1/glioma/gg (737).jpg,/kaggle/input/datasets/sabersakin/brainmri/Datasest Merged 1/Datasest Merged 1/glioma/gg (738).jpg,4
/kaggle/input/datasets/sabersakin/brainmri/Datasest Merged 1/Datasest Merged 1/notumor/Te-no_0224.jpg,/kaggle/input/datasets/sabersakin/brainmri/Datasest Merged 1/Datasest Merged 1/notumor/Tr-no_1193.jpg,4
/kaggle/input/datasets/sabersakin/brainmri/Datasest Merged 1/Datasest Merged 1/notumor/Te-no_0224.jpg,/kaggle/input/datasets/sabersakin/brainmri/Datasest Merged 1/Datasest Merged 1/notumor/Tr-no_0750.jpg,4
/kaggle/input/datasets/sabersakin/brainmri/Datasest Merged 1/Datasest Merged 1/notumor/Te-no_0224.jpg,/kaggle/input/datasets/sabersakin/brainmri/Datasest Merged 1/Datasest Merged 1/notumor/Tr-no_1070.jpg,2
/kaggle/input/datasets/sabersakin/brainmri/Datasest Merged 1/Datasest Merged 1/notumor/Te-no_0224.jpg,/kaggle/input/datasets/sabersakin/brainmri/Datasest Merged 1/Datasest Merged 1/notumor/Tr-no_0575.jpg,2
/kaggle/input/datasets/sabersakin/brainmri/Datasest Merged 1/Datasest Merged 1/notumor/Te-no_0224.jpg,/kaggle/input/datasets/sabersakin/brainmri/Datasest Merged 1/Datasest Merged 1/notumor/image (29).jpg,2
/kaggle/input/datasets/sabersakin/brainmri/Datasest Merged 1/Datasest Merged 1/notumor/Te-no_0224.jpg,/kaggle/input/datasets/sabersakin/brainmri/Datasest Merged 1/Datasest Merged 1/notumor/Tr-no_1069.jpg,2
/kaggle/input/datasets/sabersakin/brainmri/Datasest Merged 1/Datasest Merged 1/notumor/Te-no_0224.jpg,/kaggle/input/datasets/sabersakin/brainmri/Datasest Merged 1/Datasest Merged 1/notumor/image (30).jpg,2
/kaggle/input/datasets/sabersakin/brainmri/Datasest Merged 1/Datasest Merged 1/pituitary/Tr-pi_0406.jpg,/kaggle/input/datasets/sabersakin/brainmri/Datasest Merged 1/Datasest Merged 1/pituitary/p (465).jpg,0
/kaggle/input/datasets/sabersakin/brainmri/Datasest Merged 1/Datasest Merged 1/pituitary/Te-pi_0209.jpg,/kaggle/input/datasets/sabersakin/brainmri/Datasest Merged 1/Datasest Merged 1/pituitary/Tr-pi_1179.jpg,4
/kaggle/input/datasets/sabersakin/brainmri/Datasest Merged 1/Datasest Merged 1/meningioma/337.jpg,/kaggle/input/datasets/sabersakin/brainmri/Datasest Merged 1/Datasest Merged 1/meningioma/336.jpg,4
/kaggle/input/datasets/sabersakin/brainmri/Datasest Merged 1/Datasest Merged 1/pituitary/image(5).jpg,/kaggle/input/datasets/sabersakin/brainmri/Datasest Merged 1/Datasest Merged 1/pituitary/p (124).jpg,0
/kaggle/input/datasets/sabersakin/brainmri/Datasest Merged 1/Datasest Merged 1/pituitary/image(5).jpg,/kaggle/input/datasets/sabersakin/brainmri/Datasest Merged 1/Datasest Merged 1/pituitary/Tr-pi_0028.jpg,0
/kaggle/input/datasets/sabersakin/brainmri/Datasest Merged 1/Datasest Merged 1/pituitary/image(5).jpg,/kaggle/input/datasets/sabersakin/brainmri/Datasest Merged 1/Datasest Merged 1/pituitary/image(6).jpg,0
/kaggle/input/datasets/sabersakin/brainmri/Datasest Merged 1/Datasest Merged 1/pituitary/Tr-pi_1299.jpg,/kaggle/input/datasets/sabersakin/brainmri/Datasest Merged 1/Datasest Merged 1/pituitary/Tr-pi_1302.jpg,4
/kaggle/input/datasets/sabersakin/brainmri/Datasest Merged 1/Datasest Merged 1/pituitary/Tr-pi_1299.jpg,/kaggle/input/datasets/sabersakin/brainmri/Datasest Merged 1/Datasest Merged 1/pituitary/Tr-pi_1300.jpg,4
/kaggle/input/datasets/sabersakin/brainmri/Datasest Merged 1/Datasest Merged 1/pituitary/Tr-pi_1299.jpg,/kaggle/input/datasets/sabersakin/brainmri/Datasest Merged 1/Datasest Merged 1/pituitary/Te-pi_0248.jpg,4
/kaggle/input/datasets/sabersakin/brainmri/Datasest Merged 1/Datasest Merged 1/pituitary/Tr-pi_1299.jpg,/kaggle/input/datasets/sabersakin/brainmri/Datasest Merged 1/Datasest Merged 1/pituitary/Tr-pi_1303.jpg,2
